ISO-10303-21;
HEADER;
/* Generated by software containing ST-Developer
 * from STEP Tools, Inc. (www.steptools.com) 
 */
/* OPTION: using custom renumber hook */

FILE_DESCRIPTION(
/* description */ ('STEP AP242 Edition 2',
'CAx-IF Rec.Pracs.---Representation and Presentation of Product Manufa
cturing Information (PMI)---4.0---2014-10-13',
'CAx-IF Rec.Pracs.---3D Tessellated Geometry---0.4---2014-09-14','2;1',
'CAx-IF Rec.Pracs.---User Defined Attributes---1.5---2016-08-15'),
/* implementation_level */ '2;1');

FILE_NAME(
/* name */ 'ShakoCam Battery Case',
/* time_stamp */ '2026-10-05T01:41:33Z',
/* author */ (''),
/* organization */ (''),
/* preprocessor_version */ 'ST-DEVELOPER v20',
/* originating_system */ 'ONSHAPE BY PTC INC, 1.221',
/* authorisation */ '  ');

FILE_SCHEMA (('AP242_MANAGED_MODEL_BASED_3D_ENGINEERING_MIM_LF { 1 0 10303 442 3 1 4 }'));
ENDSEC;

DATA;
#10=SHAPE_REPRESENTATION_RELATIONSHIP('','',#52,#12);
#11=SHAPE_REPRESENTATION_RELATIONSHIP('','',#53,#13);
#12=TESSELLATED_SHAPE_REPRESENTATION('',(#48),#64);
#13=TESSELLATED_SHAPE_REPRESENTATION('',(#49),#65);
#14=STYLED_ITEM('',(#18),#44);
#15=STYLED_ITEM('',(#19),#48);
#16=STYLED_ITEM('',(#20),#45);
#17=STYLED_ITEM('',(#21),#49);
#18=PRESENTATION_STYLE_ASSIGNMENT((#22));
#19=PRESENTATION_STYLE_ASSIGNMENT((#23));
#20=PRESENTATION_STYLE_ASSIGNMENT((#24));
#21=PRESENTATION_STYLE_ASSIGNMENT((#25));
#22=SURFACE_STYLE_USAGE(.BOTH.,#26);
#23=SURFACE_STYLE_USAGE(.BOTH.,#27);
#24=SURFACE_STYLE_USAGE(.BOTH.,#28);
#25=SURFACE_STYLE_USAGE(.BOTH.,#29);
#26=SURFACE_SIDE_STYLE('',(#30));
#27=SURFACE_SIDE_STYLE('',(#31));
#28=SURFACE_SIDE_STYLE('',(#32));
#29=SURFACE_SIDE_STYLE('',(#33));
#30=SURFACE_STYLE_FILL_AREA(#34);
#31=SURFACE_STYLE_FILL_AREA(#35);
#32=SURFACE_STYLE_FILL_AREA(#36);
#33=SURFACE_STYLE_FILL_AREA(#37);
#34=FILL_AREA_STYLE('',(#38));
#35=FILL_AREA_STYLE('',(#39));
#36=FILL_AREA_STYLE('',(#40));
#37=FILL_AREA_STYLE('',(#41));
#38=FILL_AREA_STYLE_COLOUR('',#42);
#39=FILL_AREA_STYLE_COLOUR('',#42);
#40=FILL_AREA_STYLE_COLOUR('',#43);
#41=FILL_AREA_STYLE_COLOUR('',#43);
#42=COLOUR_RGB('',0.498039215686275,0.498039215686275,0.498039215686275);
#43=COLOUR_RGB('',0.980392156862745,0.713725490196078,0.00392156862745098);
#44=COMPLEX_TRIANGULATED_FACE('ConvergentBody',#46,3599,((-1.,0.,0.),(0.,
-0.999999970979714,0.00024091565560414),(-1.,0.,0.),(0.,-0.923328806195154,
-0.384010306697922),(-1.,0.,0.),(0.,-0.991703034093232,-0.128549959822152),
(0.,-0.999999973646232,0.000229581217281042),(-1.,0.,0.),(-1.,0.,0.),(0.,
-0.991671957220407,0.128789476520479),(-1.,0.,0.),(1.08561306420069E-6,
0.500791402697817,-0.865568004828491),(0.,-0.9980485006519,0.0624434972314469),
(-1.,0.,0.),(-1.,0.,0.),(0.,-0.867180957920483,-0.497993158808547),(-1.,
0.,0.),(0.,-0.792880841719697,-0.609376706835653),(-1.,0.,0.),(0.,-0.705288662369525,
-0.708920237215024),(-1.,0.,0.),(0.,-0.609895585735132,-0.79248178181003),
(-1.,0.,0.),(0.,-0.50079079184835,-0.865568358247864),(-1.,0.,0.),(0.,-0.380623905408676,
-0.924729929563975),(-1.,0.,0.),(0.,-0.257118215152765,-0.966379958109959),
(-1.,0.,0.),(0.,-0.132635714947348,-0.991164853654611),(-1.,0.,0.),(0.,
-0.000270703943227065,-0.999999963359572),(-1.,0.,0.),(0.,0.132366778923098,
-0.99120080500246),(-1.,0.,0.),(0.,0.257118215152736,-0.966379958109967),
(-1.,0.,0.),(0.,0.380623905408622,-0.924729929563997),(-1.,0.,0.),(0.,-0.96542952980933,
-0.260664195800143),(0.,-0.991703034093232,-0.128549959822152),(-1.,0.,
0.),(-1.,0.,0.),(0.,-0.965430156944055,0.260661873052001),(-1.,0.,0.),(0.,
-0.965430156944055,0.260661873052001),(0.,-0.991663394621316,0.128855390916051),
(-1.,0.,0.),(-1.,0.,0.),(0.,-0.923328806195154,-0.384010306697922),(0.,
-0.96542952980933,-0.260664195800143),(-1.,0.,0.),(-1.,0.,0.),(0.,-0.923328480506156,
0.384011089795846),(0.,-0.867180957920483,-0.497993158808547),(-1.,0.,0.),
(-1.,0.,0.),(0.,-0.867179337423153,0.497995980652798),(-1.,0.,0.),(0.,-0.867179337423153,
0.497995980652798),(0.,-0.923328480506156,0.384011089795846),(-1.,0.,0.),
(-1.,0.,0.),(0.,-0.794446430359848,0.607334231941931),(-1.,0.,0.),(0.,-0.794446430359848,
0.607334231941931),(0.,-0.792880841719697,-0.609376706835653),(-1.,0.,0.),
(-1.,0.,0.),(0.,-0.707106781186447,0.707106781186648),(0.,-0.609895585735132,
-0.79248178181003),(-1.,0.,0.),(-1.,0.,0.),(0.,-0.705288662369525,-0.708920237215024),
(-1.,0.,0.),(0.,-0.607334231941809,0.794446430359941),(0.,-0.607334231941809,
0.794446430359941),(-1.,0.,0.),(-1.,0.,0.),(0.,-0.707106781186447,0.707106781186648),
(0.,-0.50079079184835,-0.865568358247864),(-1.,0.,0.),(-1.,0.,0.),(0.,-0.49799335141345,
0.8671808473138),(0.,-0.49801034442435,0.867171088566922),(-1.,0.,0.),(-1.,
0.,0.),(0.,-0.384010101667045,0.923328891466929),(-1.,0.,0.),(0.,0.707106781186607,
-0.707106781186488),(0.,-0.441012515993948,0.897500953056144),(-1.,0.,0.),
(-1.,0.,0.),(1.10313654755662E-6,0.611932443554688,-0.790910035670285),
(0.,-0.31852908399969,-0.947913088129032),(-1.,0.,0.),(-1.,0.,0.),(0.,-0.380588010808594,
-0.924744703163396),(-1.,0.,0.),(0.,-0.260664195800134,0.965429529809333),
(-1.,0.,0.),(0.,-0.128789272637591,0.991671983698973),(0.,-0.38399992098127,
0.923333125522083),(-1.,0.,0.),(-1.,0.,0.),(0.,-0.000241121132675171,0.999999970930288),
(-1.,0.,0.),(0.,0.128549959822161,0.991703034093231),(-1.,0.,0.),(0.,0.260664195800104,
0.965429529809341),(-1.,0.,0.),(0.,0.384010306697865,0.923328806195177),
(-1.,0.,0.),(0.,0.497993428898917,0.867180802816385),(-1.,0.,0.),(0.,0.609376459787755,
0.792881031590683),(-1.,0.,0.),(0.,0.708920237215024,0.705288662369525),
(-1.,0.,0.),(0.,0.790905849420135,-0.61193785415924),(-1.,0.,0.),(0.,0.792478040086906,
0.609900447597815),(-1.,0.,0.),(0.,0.865568602281673,-0.50079037005932),
(-1.,0.,0.),(0.,0.865566972682016,0.500793186657017),(-1.,0.,0.),(0.,0.924732394395539,
-0.380617917018489),(-1.,0.,0.),(0.,0.9247320542689,0.380618743374023),
(-1.,0.,0.),(0.,0.966379995749864,-0.257118073683072),(-1.,0.,0.),(0.,0.966380602656438,
0.257115792609828),(-1.,0.,0.),(0.,0.991199831149014,-0.1323740712155),
(-1.,0.,0.),(0.,0.991163864612225,0.132643105688349),(-1.,0.,0.),(0.,0.999999963355691,
0.00027071815641531),(0.,-0.132689120744539,-0.991157705532294),(-1.,0.,
0.),(-1.,0.,0.),(0.,-0.257123303529105,-0.966378604265574),(0.,-0.128806193893335,
0.991669785974501),(-1.,0.,0.),(-1.,0.,0.),(0.,-0.260664195800134,0.965429529809333),
(0.,-0.0701720216661157,-0.997534905341808),(-1.,0.,0.),(-1.,0.,0.),(0.,
-0.0624016468421576,0.998051118165491),(0.,-0.000258509501780681,-0.999999966586418),
(-1.,0.,0.),(-1.,0.,0.),(0.,-0.000237259381063607,0.999999971853993),(0.,
0.257123303529072,-0.966378604265583),(-1.,0.,0.),(-1.,0.,0.),(0.,0.132366778923098,
-0.99120080500246),(0.,0.128549959822161,0.991703034093231),(-1.,0.,0.),
(-1.,0.,0.),(0.,0.318529083999591,-0.947913088129065),(0.,0.384010306697865,
0.923328806195177),(-1.,0.,0.),(-1.,0.,0.),(0.,0.260664195800104,0.965429529809341),
(0.,0.500816925677268,-0.865553237504875),(-1.,0.,0.),(-1.,0.,0.),(0.,0.380588010808566,
-0.924744703163407),(0.,0.498004764159405,0.867174293250518),(-1.,0.,0.),
(-1.,0.,0.),(0.,0.558211989811131,-0.829698363522007),(0.,0.55288266496654,
0.833259118629671),(-1.,0.,0.),(-1.,0.,0.),(0.,0.707106781186607,-0.707106781186488),
(0.,0.611858595121874,-0.790967167191841),(-1.,0.,0.),(-1.,0.,0.),(0.,0.609343647902294,
0.792906248405904),(0.,0.790905849420135,-0.61193785415924),(-1.,0.,0.),
(-1.,0.,0.),(0.,0.708920237215024,0.705288662369525),(0.,0.792478040086906,
0.609900447597815),(-1.,0.,0.),(-1.,0.,0.),(0.,0.924732394395539,-0.380617917018489),
(0.,0.865568602281673,-0.50079037005932),(-1.,0.,0.),(-1.,0.,0.),(0.,0.9247320542689,
0.380618743374023),(0.,0.865566972682016,0.500793186657017),(-1.,0.,0.),
(-1.,0.,0.),(0.,0.966379995749864,-0.257118073683072),(0.,0.991153586212345,
0.13271988750149),(-1.,0.,0.),(-1.,0.,0.),(0.,0.966380602656438,0.257115792609828),
(0.,0.991199831149014,-0.1323740712155),(-1.,0.,0.),(-1.,0.,0.),(0.,0.997532280413704,
0.0702093265359762),(0.,0.999999966844731,0.000257508321643838),(-1.,0.,
0.),(-1.,0.,0.),(0.,-0.999999999999698,0.),(-1.,0.,0.),(0.,0.924076068773403,
0.382208606810219),(-1.,0.,0.),(0.,-0.991703578589841,-0.128545759214748),
(0.,-0.999999999897198,-1.43389174356137E-5),(-1.,0.,0.),(-1.,0.,0.),(0.,
-0.991703427880529,0.128546921899796),(0.,-0.99808325552658,0.0618854994119308),
(-1.,0.,0.),(-1.,0.,0.),(0.,-0.965429193345519,-0.260665441967694),(0.,
-0.98087867559152,-0.19462020390963),(-1.,0.,0.),(-1.,0.,0.),(0.,-0.991704298316747,
-0.128540206550666),(-1.,0.,0.),(0.,-0.965429087038089,0.260665835698279),
(0.,-0.991702481880682,0.128554219812868),(-1.,0.,0.),(-1.,0.,0.),(0.,-0.924010628017151,
-0.3823667863601),(-1.,0.,0.),(0.,-0.924010628017151,-0.3823667863601),
(0.,-0.965428726886149,-0.260667169591779),(-1.,0.,0.),(-1.,0.,0.),(0.,
-0.924010805138812,0.382366358334806),(0.,-0.945533150591521,0.325525822527909),
(-1.,0.,0.),(-1.,0.,0.),(0.,-0.965419802812233,0.260700219290259),(-1.,
0.,0.),(0.,-0.866459166364786,-0.499247947439386),(-1.,0.,0.),(0.,-0.866459166364795,
0.49924794743937),(0.,-0.92401711043215,0.382351120867483),(-1.,0.,0.),
(-1.,0.,0.),(0.,-0.79248225373653,-0.609894972526148),(0.,-0.866459166364786,
-0.499247947439386),(-1.,0.,0.),(-1.,0.,0.),(0.,-0.79248225373652,0.609894972526161),
(-1.,0.,0.),(0.,-0.79248225373652,0.609894972526161),(0.,-0.866459166364795,
0.49924794743937),(-1.,0.,0.),(-1.,0.,0.),(0.,-0.707104814964335,-0.707108747403293),
(-1.,0.,0.),(0.,-0.707104814964335,-0.707108747403293),(0.,-0.79248225373653,
-0.609894972526148),(-1.,0.,0.),(-1.,0.,0.),(0.,-0.707104814964246,0.707108747403382),
(-1.,0.,0.),(0.,-0.609892814274049,-0.792483914724381),(-1.,0.,0.),(0.,
-0.609892814274056,0.792483914724376),(-1.,0.,0.),(0.,-0.609892814274056,
0.792483914724376),(0.,-0.707104814964246,0.707108747403382),(-1.,0.,0.),
(-1.,0.,0.),(0.,-0.502275151832367,-0.864707853469467),(-1.,0.,0.),(0.,
-0.502275151832367,-0.864707853469467),(0.,-0.609892814274049,-0.792483914724381),
(-1.,0.,0.),(-1.,0.,0.),(0.,-0.502286664971801,0.864701165832165),(-1.,
0.,0.),(0.,-0.502286664971801,0.864701165832165),(-1.,0.,0.),(0.,-0.382213576362206,
-0.924074013293531),(0.,-0.382213576362206,-0.924074013293531),(-1.,0.,
0.),(-1.,0.,0.),(0.,-0.382219389586897,0.92407160881818),(-1.,0.,0.),(0.,
-0.256397312829233,-0.966571475874089),(-1.,0.,0.),(0.,-0.256383496552567,
0.966575140739215),(0.,-0.382219389586897,0.92407160881818),(-1.,0.,0.),
(-1.,0.,0.),(0.,-0.1318894497564,-0.991264431442179),(0.,-0.193072184750444,
-0.981184555257414),(-1.,0.,0.),(-1.,0.,0.),(0.,-0.256410288998952,-0.966568033661094),
(-1.,0.,0.),(0.,-0.131882324691791,0.991265379418355),(0.,-0.193063920339106,
0.981186181447382),(-1.,0.,0.),(-1.,0.,0.),(0.,-0.256395358866895,0.966571994189525),
(-1.,0.,0.),(0.,-0.000271016079795032,-0.999999963275142),(0.,-0.000271016079795032,
-0.999999963275142),(-1.,0.,0.),(-1.,0.,0.),(0.,-0.131806450423076,-0.991275471111269),
(-1.,0.,0.),(0.,-0.000271016079795032,0.999999963275142),(0.,-0.13180645042326,
0.991275471111245),(-1.,0.,0.),(-1.,0.,0.),(0.,0.132366778923098,-0.99120080500246),
(-1.,0.,0.),(0.,0.132359560776072,0.991201768900341),(0.,0.132359560776072,
0.991201768900341),(-1.,0.,0.),(-1.,0.,0.),(0.,-0.000271016079795032,0.999999963275142),
(-1.,0.,0.),(0.,0.609890859495768,-0.792485419110752),(-1.,0.,0.),(0.,0.257124082666595,
-0.966378396960802),(0.,0.257140068393405,-0.966374143500661),(-1.,0.,0.),
(-1.,0.,0.),(0.,0.707106781186607,-0.707106781186488),(-1.,0.,0.),(0.,0.792483949640566,
-0.609892768904574),(-1.,0.,0.),(0.,0.864704593854295,-0.502280763485188),
(-1.,0.,0.),(0.,0.9240759265496,-0.382208950668979),(-1.,0.,0.),(0.,0.966380555121432,
-0.257115971272082),(-1.,0.,0.),(0.,0.966380321221927,0.257116850390823),
(-1.,0.,0.),(0.,0.991199911412346,-0.132373470212691),(-1.,0.,0.),(0.,0.991199846708787,
0.132373954702661),(-1.,0.,0.),(0.,0.999999999999473,1.02654484758464E-6),
(0.,0.132366778923098,-0.99120080500246),(-1.,0.,0.),(-1.,0.,0.),(0.,0.257109895736666,
0.966382171562721),(-1.,0.,0.),(0.,0.257109895736666,0.966382171562721),
(-1.,0.,0.),(0.,0.382213230156483,-0.924074156490166),(-1.,0.,0.),(0.,0.502273715270515,
-0.864708687910539),(0.,0.318568192371492,-0.947899945568708),(-1.,0.,0.),
(-1.,0.,0.),(0.,0.382219389586744,0.924071608818244),(0.,0.382194266433716,
-0.924081999989824),(-1.,0.,0.),(-1.,0.,0.),(0.,0.502284880146062,0.86470220259732),
(-1.,0.,0.),(0.,0.502284880146062,0.86470220259732),(0.,0.382219389586744,
0.924071608818244),(-1.,0.,0.),(-1.,0.,0.),(0.,0.558246704947053,-0.829675006502611),
(0.,0.502291952744873,-0.864698094254718),(-1.,0.,0.),(-1.,0.,0.),(0.,0.609891178511415,
0.792485173598824),(0.,0.707106781186607,-0.707106781186488),(-1.,0.,0.),
(-1.,0.,0.),(0.,0.558255973192168,-0.829668770290007),(0.,0.609917922346707,
-0.792464591007243),(-1.,0.,0.),(-1.,0.,0.),(0.,0.707106781186518,0.707106781186577),
(-1.,0.,0.),(0.,0.707106781186518,0.707106781186577),(0.,0.609891178511415,
0.792485173598824),(-1.,0.,0.),(-1.,0.,0.),(0.,0.792483949640566,-0.609892768904574),
(-1.,0.,0.),(0.,0.792483949640557,0.609892768904587),(-1.,0.,0.),(0.,0.864704593854339,
0.502280763485112),(0.,0.864706888965809,0.502276812300819),(-1.,0.,0.),
(-1.,0.,0.),(0.,0.792483949640557,0.609892768904587),(0.,0.895976660306367,
-0.444101141842991),(-1.,0.,0.),(-1.,0.,0.),(0.,0.86470688896586,-0.502276812300731),
(0.,0.895976660306293,0.444101141843141),(-1.,0.,0.),(-1.,0.,0.),(0.,0.966380095013806,
-0.257117700598593),(0.,0.924074568927574,-0.382212233008467),(-1.,0.,0.),
(-1.,0.,0.),(0.,0.947901235822316,0.318564353194963),(0.,0.924079787194087,
0.382199616560942),(-1.,0.,0.),(-1.,0.,0.),(0.,0.980878675591535,-0.194620203909553),
(0.,0.980885185245941,0.194587392615847),(-1.,0.,0.),(-1.,0.,0.),(0.,0.966367951122502,
0.257163339228784),(0.,0.99120065257104,-0.132367920368736),(-1.,0.,0.),
(-1.,0.,0.),(0.,0.991207348682575,0.132317768714789),(0.,0.999999999999473,
1.02654484758464E-6),(-1.,0.,0.),(-1.,0.,0.),(0.,0.,-1.),(0.,-1.,0.),(0.,
-1.,0.),(-1.,0.,0.),(0.,0.,1.),(0.,-1.,0.),(1.,0.,0.),(0.,0.,1.),(-1.,0.,
0.),(-0.000122889611342262,0.999911406130407,0.0133103263842477),(-1.,0.,
0.),(2.75858022499605E-5,0.993448686152108,0.114279076044892),(-1.,0.,0.),
(0.000339991963966367,0.979832261747231,0.199821478437056),(-1.,0.,0.),
(1.97771808739697E-5,0.954475420154881,0.298289577305386),(-1.,0.,0.),(-0.000179118998642293,
0.922015832155144,0.387152131818541),(-1.,0.,0.),(2.25746927138235E-5,0.876762224764872,
0.480924111181521),(-1.,0.,0.),(0.000181322886198301,0.82151668966431,0.570184440093734),
(-1.,0.,0.),(7.9760533801237E-5,0.766521748106905,0.642218345516065),(-1.,
0.,0.),(-0.000145453681451796,0.698136533480057,0.715964635623629),(-1.,
0.,0.),(-5.83097498046696E-5,0.643527999354011,0.765422569988237),(-1.,
0.,0.),(-0.000205434727456993,0.539626725011142,0.841904362413168),(-1.,
0.,0.),(-0.000183560130046795,0.468299491946551,0.883569777747225),(-1.,
0.,0.),(1.12954597904972E-5,0.354535065866576,0.935042719314682),(-1.,0.,
0.),(4.6684037894516E-5,0.245620138349639,0.969366156546485),(-1.,0.,0.),
(-4.73939075138021E-5,0.16645748883828,0.986048630729474),(-1.,0.,0.),(-0.000137114620249134,
0.0793943769732511,0.996843274594663),(-1.,0.,0.),(0.,0.0286357213523392,
0.999589913645907),(-1.,0.,0.),(0.,1.,0.),(0.,0.,1.),(-1.,0.,0.),(0.,1.,
0.),(0.,0.,1.),(-1.,0.,0.),(0.,0.,-1.),(0.,0.,-1.),(1.,0.,0.),(0.,-1.,0.),
(-1.,0.,0.),(-0.808549488447268,-0.588428181456039,0.),(0.,0.,-1.),(0.,
0.,-1.),(-1.,0.,0.),(0.822342900069275,0.568992227280527,0.),(-1.,0.,0.),
(0.,0.,1.),(0.,1.,0.),(-1.,0.,0.),(-0.000209039617531211,0.994838401095145,
-0.101471730097078),(-1.,0.,0.),(-0.000166234956577088,0.982863057754374,
-0.184337142398542),(-1.,0.,0.),(2.9502528358698E-5,0.965554311402438,-0.260201596578048),
(-1.,0.,0.),(0.000169104264243643,0.927928086643694,-0.372759221779315),
(-1.,0.,0.),(0.,0.0304264592167183,-0.999537008109021),(-1.,0.,0.),(0.000450206760467398,
0.13338791114636,-0.991063803432394),(-1.,0.,0.),(1.26204668949345E-5,0.880711675407428,
-0.473652768008132),(-0.0126927739153886,0.996337243652697,-0.0845635287868161),
(-0.021446436204841,0.991370790962548,0.12932132538914),(-0.0398692431518726,
0.963824382192773,-0.263539377970763),(-0.0539844140178299,0.954166102190757,
0.294368361875472),(-1.,0.,0.),(-0.00132633164495447,0.795749518818541,
-0.605624424989966),(-1.,0.,0.),(0.000336158924222243,0.293463748521074,
-0.955970143519732),(-1.,0.,0.),(0.000799227801380644,0.212297438005831,
-0.977204768229813),(-0.038439364327535,0.886365146077125,-0.461388386383719),
(-1.,0.,0.),(-0.00115782085755547,0.787506821297121,-0.616304848156629),
(-0.02811619989271,0.883238352366883,0.468080647123791),(-1.,0.,0.),(0.000180357817681632,
0.473710228700197,-0.880680751859528),(-1.,0.,0.),(-1.3776343038836E-5,
0.732719156369235,-0.680531143813249),(-1.,0.,0.),(-0.00100241740909751,
0.520919688549691,-0.85360510380423),(-1.,0.,0.),(-0.00120855347492252,
0.549617064978,-0.835415837342977),(-0.0311615735184265,0.763025486597491,
0.645616808283766),(-0.0452841918326797,0.714425022386475,-0.698245106934625),
(-0.0269791917131435,0.599029361300308,0.800272420813469),(-0.0361846354811185,
0.472264814163048,-0.880713697780749),(-0.0470840288915019,0.359822151701191,
0.931832127246356),(-0.0278810723931982,0.291612514074173,-0.956130110098801),
(-0.0629912844530729,0.135323534226265,-0.98879706672677),(-0.0304595695074443,
0.188138102200978,0.981670142729031),(-0.0754223740946863,0.0371771682296809,
0.996458390324625),(-0.0612075770049018,0.0303404888778934,-0.997663814745147),
(-1.,0.,0.),(0.,0.,1.),(0.,1.,0.),(0.,0.,1.),(0.,1.,0.),(-1.,0.,0.),(-1.,
0.,0.),(0.,0.,-1.),(0.,-1.,0.),(0.,0.,-1.),(0.,-1.,0.),(1.,0.,0.),(0.,0.,
-1.),(-0.718800525864822,-0.640139536352724,-0.271195829640826),(-0.513805311475887,
-0.855497051220249,0.0642564958010168),(-0.513805311475887,-0.855497051220249,
0.0642564958010168),(0.,0.,-1.),(-0.280136343562223,-0.85908482402952,-0.428365374578475),
(0.,0.,-1.),(-0.280136343562223,-0.85908482402952,-0.428365374578475),(-0.235867038988266,
-0.971546377202065,0.0215494051994734),(0.,0.,-1.),(0.115110353710502,-0.992642234865835,
0.0375632803307023),(0.,0.,-1.),(0.414875004969887,-0.909840557743604,0.00829998409898064),
(0.,0.,-1.),(-0.922640687527031,0.385660682102347,0.),(0.,-1.,0.),(0.,-1.,
0.),(0.,0.,-1.),(0.929836120109147,-0.367973898178076,0.),(0.,0.,-1.),(-0.922218329713228,
-0.386669564797831,0.),(0.,-1.,0.),(0.,-1.,0.),(0.,0.,-1.),(0.913337759936132,
0.407202819581163,0.),(0.,0.,-1.),(-1.,0.,0.),(0.,-1.,0.),(0.,-1.,0.),(0.,
0.,-1.),(1.,0.,0.),(0.,0.,-1.),(-1.,0.,0.),(0.,-1.,0.),(0.,-1.,0.),(0.,
0.,-1.),(1.,0.,0.),(0.,0.,-1.),(-0.479272461231111,-0.877666171106915,0.),
(0.,0.,-1.),(-0.211881787768816,-0.977259802134891,0.00832989454696844),
(0.,0.,-1.),(-0.0547624704336342,-0.99485199955924,0.0852676421920287),
(0.337992118273292,-0.917798982108608,-0.20834192191092),(0.13038277026338,
-0.658438740685313,-0.741254853598401),(0.,1.,0.),(-1.,0.,0.),(0.,0.,1.),
(-1.,0.,0.),(0.,0.,1.),(0.,1.,0.),(0.,0.,1.),(0.,1.,0.),(0.,0.,1.),(0.,
1.,0.),(0.,0.,1.),(0.,1.,0.),(-1.,0.,0.),(0.,0.,1.),(0.,-1.,0.),(-1.,0.,
0.),(0.822342900069275,0.568992227280527,0.),(0.,0.,-1.),(0.,0.,-1.),(-1.,
0.,0.),(-0.808549488447268,-0.588428181456039,0.),(-0.808549488447268,-0.588428181456039,
0.),(0.,0.,-1.),(-1.,0.,0.),(0.,0.,-1.),(0.822342900069275,0.568992227280527,
0.),(-0.819009785845723,0.573779548859092,0.),(0.,0.,-1.),(-0.808549488447268,
-0.588428181456039,0.),(-1.,0.,0.),(0.822342900069275,0.568992227280527,
0.),(0.,0.,-1.),(-0.819009785845723,0.573779548859092,0.),(-1.,0.,0.),(0.612795685328244,
-0.78931027348551,-0.0383502309421626),(0.,0.,-1.),(0.,0.,-1.),(0.,1.,0.),
(-0.819009785845723,0.573779548859092,0.),(-1.,0.,0.),(0.,0.,-1.),(0.562089875288129,
0.827076158584308,0.),(-1.,0.,0.),(0.607263435972357,-0.794348587282748,
-0.0155383787104562),(0.605285835654052,-0.795970822220541,-0.00771409943745572),
(0.854179242202609,-0.51799095510762,-0.0454223801321802),(0.,0.,-1.),(0.,
0.,-1.),(-1.,0.,0.),(0.603296063777363,-0.79751730980007,0.),(-1.,0.,0.),
(0.573109616823014,0.818082543308728,-0.0478154727938719),(0.,0.,-1.),(0.,
0.,-1.),(0.603296063777363,-0.79751730980007,0.),(0.864582556155706,-0.502490799509072,
0.),(0.,0.,-1.),(0.573122114519731,0.818076282053097,-0.047772780854935),
(0.888058657651647,0.431133983071273,0.159609865644493),(0.,0.,-1.),(0.96083190546856,
-0.275013353538126,0.0342009474922801),(0.837986328351873,-0.535885195374013,
-0.102985294456554),(0.,0.,-1.),(0.878454387681078,0.4765258487909,0.0352278894907938),
(0.998258939328287,0.0359294841529595,0.0467777962249854),(0.,0.,-1.),(0.969524227747261,
0.0940876968230258,0.226208481533334),(0.973406384700855,-0.220458314637256,
-0.0622747278670208),(-1.,0.,0.),(0.568739474279772,0.822037856151329,-0.02809223113417),
(-1.,0.,0.),(0.,-1.,0.),(0.,0.,1.),(0.,0.,1.),(-1.,0.,0.),(0.,-1.,0.),(-0.0503614445745241,
-0.998731057342449,0.),(0.,0.,1.),(0.,0.,1.),(0.,1.,0.),(0.,0.,1.),(0.,
1.,0.),(-1.,0.,0.),(0.,0.,1.),(-0.0503614445745241,-0.998731057342449,0.),
(0.571594723274356,0.819523589330671,-0.040749955282016),(0.,0.,-1.),(0.886363307151751,
0.448631034019873,0.114412774851719),(-1.,0.,0.),(0.597317570903389,-0.79174623350663,
0.127865637362583),(0.,0.,-1.),(-1.,0.,0.),(0.713252771187863,0.65170805611786,
-0.257967234322336),(0.,0.,-1.),(-1.,0.,0.),(0.857031192031243,-0.433487677697483,
-0.278542580532939),(0.597317570903389,-0.79174623350663,0.127865637362583),
(0.597317570903389,-0.79174623350663,0.127865637362583),(0.857028179482828,
-0.433494255738102,-0.278541612356967),(0.945356385597483,-0.301534502827509,
0.124009063437434),(0.,0.,-1.),(0.,0.,-1.),(-1.,0.,0.),(0.857028225805733,
-0.433494154590797,-0.278541627244272),(-1.,0.,0.),(0.713412720616525,0.649929966028421,
-0.261979635316992),(-1.,0.,0.),(0.,0.,-1.),(0.713595544062928,0.647972980482422,
-0.266293852836035),(0.,0.,-1.),(0.713259363020699,0.6517003867448,-0.257968383682933),
(0.948175960536318,0.290206358349963,0.129393266572427),(0.965016698660967,
0.166564729854356,-0.202482004321455),(0.857026896361755,-0.433497057455792,
-0.278541199986119),(0.,0.,-1.),(0.965016698660967,0.166564729854356,-0.202482004321455),
(0.945356385597483,-0.301534502827509,0.124009063437434),(0.713297949730734,
0.651166383074589,-0.259207207583988),(0.,0.,-1.),(0.948175960536318,0.290206358349963,
0.129393266572427),(-1.,0.,0.),(0.,-0.0305326818235047,-0.999533768984652),
(0.,0.,-1.),(0.,1.,0.),(-0.793211338496208,0.608946444673959,0.),(-1.,0.,
0.),(0.,-1.,0.),(0.,0.,1.),(-1.,0.,0.),(0.,-0.0287396712399882,0.999586930335235),
(0.,-1.,0.),(-1.,0.,0.),(0.,0.,1.),(-1.,0.,0.),(0.,0.,1.),(0.,-1.,0.),(-1.,
0.,0.),(-0.000135998565668557,-0.0794943341992982,0.996835308531254),(-0.0263844130226883,
-0.0506260113077007,0.998369104954936),(-1.,0.,0.),(0.000336917786557554,
-0.115564635990098,-0.993299905061347),(-0.0575029458831341,-0.114731531052217,
-0.991730854111727),(0.,0.,-1.),(1.,0.,0.),(0.,1.,0.),(0.,1.,0.),(0.,0.,
-1.),(-0.979494555415956,0.201470632873623,0.),(0.,0.,-1.),(1.,0.,0.),(0.,
1.,0.),(0.,0.,-1.),(-0.293316686361006,0.946928613518048,0.131497233442329),
(-0.624744682346267,0.777023277763933,-0.076999400601922),(0.,0.,-1.),(0.10485903936131,
0.973695161490325,0.202292645329862),(-0.2284327505652,0.969224594095041,
-0.0917723524299142),(0.,0.,-1.),(0.409103378898472,0.911070859271908,-0.0508361560250151),
(0.0993420792876494,0.970915878963459,0.217838259402293),(0.,0.,-1.),(0.,
1.,0.),(-0.807253639308156,0.590204677907366,0.),(0.,0.,-1.),(1.,0.,0.),
(0.,1.,0.),(0.,0.,-1.),(-0.293109083596409,0.946258399352961,0.136682503515428),
(-0.625941645083782,0.776820385232082,-0.0688995358307174),(0.,0.,-1.),
(0.10485903936131,0.973695161490325,0.202292645329862),(-0.227628040504962,
0.969536157925403,-0.0904716179313633),(0.,0.,-1.),(-0.0586472379572462,
-0.0316641485411797,-0.997776469544731),(-1.,0.,0.),(0.000362637860706263,
-0.143801807085857,-0.989606441355665),(-1.,0.,0.),(-4.37288888548583E-5,
-0.166453919654748,0.98604923341553),(-0.0593579307519744,-0.190111352184553,
0.979966484032696),(-1.,0.,0.),(-7.87767984881497E-6,-0.209393810140485,
-0.977831392527767),(-0.0434977287590169,-0.23159366351835,-0.971839658900045),
(-1.,0.,0.),(4.95183813290984E-5,-0.245905910509511,0.96929370199358),(-1.,
0.,0.),(0.000575868212610782,-0.374916610327622,-0.927058360447846),(-1.,
0.,0.),(1.12205438392509E-5,-0.354439515253523,0.935078943138464),(-0.0468280511311958,
-0.358951587987732,0.932180718052213),(-1.,0.,0.),(0.00071989378000763,
-0.421198316320319,-0.906968279534557),(-0.0714970381292358,-0.387688221545814,
-0.919013610570263),(-1.,0.,0.),(-6.29413942883249E-5,-0.510806285142494,
-0.859695838711172),(-0.0502537555943771,-0.515371686852516,-0.855492013077535),
(-1.,0.,0.),(-0.000172999783601612,-0.466687925876079,0.88442204286899),
(-1.,0.,0.),(-0.000112825066276488,-0.562123807648437,0.827053089073082),
(-0.0590989409236284,-0.589986639043481,0.805247217276708),(-1.,0.,0.),
(-0.000157999079204728,-0.606934614742094,-0.794751752727955),(-1.,0.,0.),
(-2.40220347128864E-5,-0.654307491433081,0.756228607021376),(-1.,0.,0.),
(-2.71301403411767E-6,-0.666493103107181,-0.745511196095136),(-0.0467747231423558,
-0.666875813402895,-0.743699384679847),(-1.,0.,0.),(-8.27728335479583E-5,
-0.726862272116951,0.686783248573843),(-0.0340335325138547,-0.732558319410312,
0.679852945369341),(-1.,0.,0.),(0.000221844803540226,-0.748464328124042,
-0.663175014842017),(-1.,0.,0.),(0.,1.,0.),(0.,0.,-1.),(0.,1.,0.),(0.,0.,
-1.),(1.,0.,0.),(-1.,0.,0.),(-0.000164750635355981,-0.83257935401165,-0.55390576105577),
(-0.0352941920890434,-0.798940115912705,-0.600374059391456),(-1.,0.,0.),
(-1.76238185193696E-6,-0.784399379026378,0.620256087579901),(-1.,0.,0.),
(0.000162847875507512,-0.841970854394755,0.539522987304838),(-0.0406538685940416,
-0.845678748906506,0.53214163210208),(-1.,0.,0.),(-0.000534627277809965,
-0.881966855287532,-0.471311129030385),(-1.,0.,0.),(0.000289819964491664,
-0.878631043332331,0.477501210152527),(-1.,0.,0.),(2.75037889038389E-5,
-0.916710741199354,0.399551518847412),(-0.0245573741271917,-0.913410836851322,
0.406297401540478),(-1.,0.,0.),(-2.19878532754501E-5,-0.912330082599595,
-0.40945551638774),(-0.0339032177398868,-0.945780018315324,-0.323033634134817),
(-1.,0.,0.),(0.000298621177761741,-0.960391748367905,0.278653190349996),
(-1.,0.,0.),(-0.000333705827853683,-0.968264109493688,-0.24992899573042),
(-1.,0.,0.),(0.000217792184711728,-0.98375121511456,0.179536902410594),
(-0.0415474955754067,-0.978492863695782,0.20205326354167),(-1.,0.,0.),(-0.000887535548302151,
-0.985682367551764,-0.168610446230948),(-1.,0.,0.),(-0.000254808120671604,
-0.996405175924678,-0.0847151725686273),(-0.00882346791348275,-0.999283950015845,
-0.0367931196653738),(-1.,0.,0.),(6.01060840437606E-5,-0.998496489572368,
0.0548156610734148),(0.,0.,1.),(1.,0.,0.),(0.,1.,0.),(0.948175960536318,
0.290206358349963,0.129393266572427),(0.,0.,-1.),(0.945356385597483,-0.301534502827509,
0.124009063437434),(0.965016698660967,0.166564729854356,-0.202482004321455),
(0.,0.,-1.),(-0.793211338496208,0.608946444673959,0.),(-1.,0.,0.),(0.810855566940957,
-0.556785444372718,-0.180286490052735),(0.954608390781943,-0.290997231393281,
0.0635879829067934),(0.,0.,-1.),(0.,0.,-1.),(-1.,0.,0.),(0.,-1.,0.),(0.872943060460999,
0.487822112242756,0.),(0.,0.,-1.),(0.999786880960159,0.0206444341157123,
0.),(0.97094105094398,-0.236929135797635,-0.0337351478725827),(0.987576461169307,
0.0669424696876852,0.142166940940649),(0.,0.,-1.),(0.,0.,-1.),(-1.,0.,0.),
(0.,-1.,0.),(-1.,0.,0.),(0.,-1.,0.),(0.,0.,-1.),(0.,0.,-1.),(0.798359867400081,
-0.60218063911498,0.),(1.,0.,0.),(0.,-1.,0.),(0.,0.,-1.),(1.,0.,0.),(-1.,
0.,0.),(0.,0.,-1.),(0.,-1.,0.),(-1.,0.,0.),(-0.793211338496208,0.608946444673959,
0.),(0.,0.,-1.),(0.,-1.,0.),(-1.,0.,0.),(0.,0.,-1.),(0.,0.,-1.),(0.797758273113786,
-0.602977394002885,0.),(0.,1.,0.),(0.,0.,-1.),(-1.,0.,0.),(0.,-1.,0.),(0.,
0.,-1.),(-1.,0.,0.),(0.797758273113786,-0.602977394002885,0.),(0.,0.,-1.),
(-0.793211338496208,0.608946444673959,0.),(0.,1.,0.),(0.,1.,0.),(-0.819009785845723,
0.573779548859092,0.),(0.,0.,-1.),(1.,0.,0.),(0.798359867400081,-0.60218063911498,
0.),(0.,0.,-1.),(0.,0.,-1.),(-0.766083083879024,-0.187735869660901,0.614712901960801),
(-0.904220394941671,-0.328807784965137,0.272526912281793),(-0.846284030781571,
-0.53071977658542,-0.046258599040807),(-0.649415902554433,-0.729623913167938,
0.214261361059145),(-0.718800525864822,-0.640139536352724,-0.271195829640826),
(0.798359867400081,-0.60218063911498,0.),(0.,1.,0.),(0.,0.,-1.),(0.,1.,
0.),(0.,0.,-1.),(0.798359867400081,-0.60218063911498,0.),(0.,0.,-1.),(-0.960740685598467,
0.262006866101394,-0.0912673936930037),(0.,0.,-1.),(-0.976003812326306,
0.12638056984917,-0.177325998909117),(-0.946559051603556,-0.136441921254014,
0.292249147050749),(-0.766083083879024,-0.187735869660901,0.614712901960801),
(0.,1.,0.),(0.797758273113786,-0.602977394002885,0.),(0.,0.,-1.),(0.,1.,
0.),(-1.,0.,0.),(0.,0.,-1.),(0.,0.,-1.),(0.,1.,0.),(-1.,0.,0.),(0.,0.,-1.),
(0.797758273113786,-0.602977394002885,0.),(-1.,0.,0.),(-1.,0.,0.),(0.,0.,
-1.),(0.,-1.,0.),(0.,0.,-1.),(0.,-1.,0.),(1.,0.,0.),(0.,0.,-1.),(0.,-1.,
0.),(1.,0.,0.),(0.,0.,-1.),(0.,-1.,0.),(1.,0.,0.),(1.,0.,0.),(0.,0.,-1.),
(0.,1.,0.),(0.,0.,-1.),(0.,1.,0.),(1.,0.,0.),(0.,0.,-1.),(-0.686329003486271,
-0.671546019435512,-0.27924620454692),(-0.532657872326552,-0.846330662949506,
0.),(0.,0.,-1.),(-0.813035166862794,0.5822145802403,0.),(-0.836584673942212,
0.399310103324237,-0.375070026405989),(0.,0.,-1.),(-0.709478707311054,0.70472687182499,
0.),(0.,0.,-1.),(-0.416780150895754,0.902391449999376,-0.109471351445648),
(-0.613973767206381,0.694373631281437,0.375341808706991),(-0.58766508893733,
0.809104284529676,0.),(0.,0.,-1.),(-0.24709136805073,-0.575543595948802,
-0.779548218519637),(-0.190732093551505,-0.892971386221022,-0.407705005954019),
(0.,0.,-1.),(-0.532657872326552,-0.846330662949506,0.),(-0.195249766848418,
-0.980753551380589,0.),(-0.24709136805073,-0.575543595948802,-0.779548218519637),
(-0.946559051603556,-0.136441921254014,0.292249147050749),(-0.97405754829035,
0.119977868951497,-0.191878095624409),(0.,0.,-1.),(0.,0.,-1.),(-0.946559051603556,
-0.136441921254014,0.292249147050749),(-0.904220394941671,-0.328807784965137,
0.272526912281793),(-0.766083083879024,-0.187735869660901,0.614712901960801),
(-0.956033153611784,0.262885600170638,-0.129968343907394),(0.,0.,-1.),(0.,
0.,-1.),(0.961842870055482,0.00602992563734214,0.273535981765182),(0.992312903626708,
0.105473153834997,-0.064734188154571),(0.902687359725229,0.405289614101942,
0.144554001305372),(0.,0.,-1.),(0.963965966324848,-0.21253100597232,-0.160000585210792),
(0.961842870055482,0.00602992563734214,0.273535981765182),(1.,0.,0.),(0.,
-1.,0.),(0.,0.,-1.),(0.,-1.,0.),(0.,0.,-1.),(1.,0.,0.),(0.,0.,-1.),(-0.961634908786812,
-0.274332466548491,0.),(-0.776376347101523,-0.630269599188551,0.),(0.,-1.,
0.),(0.,0.,-1.),(1.,0.,0.),(0.,0.,-1.),(1.,0.,0.),(0.,1.,0.),(0.,1.,0.),
(0.,0.,-1.),(1.,0.,0.),(0.,0.,-1.),(1.,0.,0.),(0.,1.,0.),(0.,0.,-1.),(-0.979494555415956,
0.201470632873623,0.),(-0.120411386540156,-0.992724079486076,0.),(-0.904220394941671,
-0.328807784965137,0.272526912281793),(0.,0.,-1.),(-0.846284030781571,-0.53071977658542,
-0.046258599040807),(-0.823612720065057,0.401279446527807,-0.400795325747912),
(-0.703478940639287,0.710716103713027,0.),(-0.613973767206381,0.694373631281437,
0.375341808706991),(0.,0.,-1.),(0.,0.,-1.),(0.904358960415739,-0.425925641218457,
0.0268741300958685),(-0.846284030781571,-0.53071977658542,-0.046258599040807),
(0.,0.,-1.),(-0.649415902554433,-0.729623913167938,0.214261361059145),(0.,
0.,-1.),(0.896692559953367,0.365858605413033,0.249178517873247),(0.79174141137006,
0.609031436040794,-0.0471831266008651),(0.640070035241029,0.700335948257383,
0.315974539425221),(-0.649415902554433,-0.729623913167938,0.214261361059145),
(0.,0.,-1.),(-0.385925317570842,-0.922530026209361,0.),(-0.280136343562223,
-0.85908482402952,-0.428365374578475),(-0.513805311475887,-0.855497051220249,
0.0642564958010168),(-0.718800525864822,-0.640139536352724,-0.271195829640826),
(0.,0.,-1.),(0.474614792016651,-0.880193614609304,0.),(0.752358308444592,
-0.587834336371884,0.297334439136504),(-0.613973767206381,0.694373631281437,
0.375341808706991),(-0.426521482749289,0.893665996060281,-0.139429237389201),
(0.,0.,-1.),(0.961842870055482,0.00602992563734214,0.273535981765182),(0.961756899168847,
-0.198982774657611,-0.188227315474357),(0.,0.,-1.),(0.992312903626708,0.105473153834997,
-0.064734188154571),(0.912026906291334,-0.409335774644571,-0.0255175585977157),
(0.,0.,-1.),(0.,0.,-1.),(0.992312903626708,0.105473153834997,-0.064734188154571),
(0.902174232106346,0.395020532724139,0.173321763346851),(0.,0.,-1.),(-1.,
0.,0.),(0.,-1.,0.),(0.,0.,-1.),(-0.00147173730007608,0.999998916994073,
0.),(-1.,0.,0.),(0.,0.,-1.),(-0.0750308382099222,0.997181213881166,0.),
(-0.961634908786812,-0.274332466548491,0.),(0.882787399954156,0.32879289375241,
0.335531875535093),(0.,0.,-1.),(0.79174141137006,0.609031436040794,-0.0471831266008651),
(0.765161258051663,-0.586088465588771,0.266511837786986),(0.633928399487487,
-0.773391740532075,0.),(0.,0.,-1.),(0.,0.,-1.),(0.79174141137006,0.609031436040794,
-0.0471831266008651),(0.42576475691379,0.875405290247191,-0.228888509054894),
(0.640070035241029,0.700335948257383,0.315974539425221),(-0.29452014676816,
0.955591118522545,-0.0101733646593723),(0.,0.,-1.),(0.,0.,-1.),(0.640070035241029,
0.700335948257383,0.315974539425221),(0.416173608958407,0.887868002832983,
-0.196188523496929),(0.,0.,-1.),(-0.249548676926617,-0.968362255483027,
0.),(0.512720770401829,-0.858217229097354,0.0240956277987282),(0.,0.,-1.),
(0.,0.,-1.),(-0.190085134185391,0.981227594871406,-0.0325583910013547),
(0.370590010328536,0.926984372243677,-0.0579915326637591),(0.,0.,-1.),(0.0843545728724484,
0.586813811689011,0.805315997883142),(-0.0352307326348659,0.999379205045818,
0.),(-0.961634908786812,-0.274332466548491,0.),(-0.0750308382099222,0.997181213881166,
0.),(0.,0.,-1.),(0.,0.,-1.),(-0.961634908786812,-0.274332466548491,0.),
(-0.761441352887954,-0.644927555292404,-0.0653874187954025),(-0.0750308382099222,
0.997181213881166,0.),(0.959569128118987,0.281473068624634,0.),(0.,0.,-1.),
(0.959569128118987,0.281473068624634,0.),(0.,0.,-1.),(-0.0750308382099222,
0.997181213881166,0.),(0.406631362284024,-0.895433454739912,0.181245312600312),
(0.,0.,-1.),(0.127025955239954,-0.988342500744579,-0.0839256094248299),
(0.421435209672411,-0.86262532971733,0.279767590293156),(0.130270358531834,
-0.986896883708551,-0.0952059589224227),(0.,0.,-1.),(0.,0.,-1.),(-0.979494555415956,
0.201470632873623,0.),(-0.120411386540156,-0.992724079486076,0.),(-0.120411386540156,
-0.992724079486076,0.),(0.649486068487155,-0.760373491674387,0.),(0.,0.,
-1.),(-0.979494555415956,0.201470632873623,0.),(0.,1.,0.),(0.,0.,-1.),(0.,
0.,-1.),(0.977165251207421,-0.212480756382169,0.),(-0.44117220943889,0.897422465519338,
0.),(-0.120411386540156,-0.992724079486076,0.),(0.,0.,-1.),(0.649486068487155,
-0.760373491674387,0.),(-0.668926817107213,-0.672632513620829,-0.316389656870984),
(0.,0.,-1.),(-0.195249766848418,-0.980753551380589,0.),(-0.532657872326552,
-0.846330662949506,0.),(0.,0.,-1.),(0.959569128118987,0.281473068624634,
0.),(0.794476044405217,0.607295492216301,0.),(0.794476044405217,0.607295492216301,
0.),(0.,0.,-1.),(0.328156757428761,0.944623280760029,0.),(0.,0.,-1.),(0.349108593233341,
0.937082275006116,0.),(-0.0352307326348659,0.999379205045818,0.),(-0.0676661244132274,
0.980887561856644,0.182430498003544),(0.206206144938169,0.961283157054279,
-0.182794195076038),(0.,0.,-1.),(0.,0.,-1.),(-0.190732093551505,-0.892971386221022,
-0.407705005954019),(0.00594449712009951,-0.998746385238228,0.0497023231606134),
(-0.0630197505681988,0.976799873401112,0.204671733177531),(0.,0.,-1.),(0.212757334176065,
0.964240018376869,-0.158036399968077),(-0.0537279276434598,-0.998515328135713,
-0.00896935165817696),(0.,0.,-1.),(0.,0.,-1.),(-0.0349989555875293,-0.98308050815749,
0.17979929807592),(-0.0352307326348659,0.999379205045818,0.),(0.0843545728724484,
0.586813811689011,0.805315997883142),(-0.265325044935186,0.963996789052022,
-0.0176864701829594),(0.,0.,-1.),(0.,0.,-1.),(-0.157123536419823,0.984529162040019,
-0.0775533583779976),(0.0843545728724484,0.586813811689011,0.805315997883142),
(0.,0.,-1.),(0.,-1.,0.),(0.977165251207421,-0.212480756382169,0.),(0.,0.,
-1.),(0.,1.,0.),(1.,0.,0.),(-0.056372122548733,-0.998409827575506,0.),(0.,
0.,-1.),(0.,0.,-1.),(0.959569128118987,0.281473068624634,0.),(0.794476044405217,
0.607295492216301,0.),(0.,0.,-1.),(0.649486068487155,-0.760373491674387,
0.),(0.215220868971097,-0.976565398506073,0.),(0.215220868971097,-0.976565398506073,
0.),(0.,0.,-1.),(-0.190679741770231,-0.981652298972726,0.),(0.,0.,-1.),
(0.215220868971097,-0.976565398506073,0.),(0.649486068487155,-0.760373491674387,
0.),(-0.195249766848418,-0.980753551380589,0.),(0.,0.,-1.),(0.347383904398448,
-0.915959490860013,-0.200854758640055),(0.00594449712009951,-0.998746385238228,
0.0497023231606134),(-0.190732093551505,-0.892971386221022,-0.407705005954019),
(-0.24709136805073,-0.575543595948802,-0.779548218519637),(0.,0.,-1.),(0.328156757428761,
0.944623280760029,0.),(-0.169198605225861,0.985581976290975,0.),(0.794476044405217,
0.607295492216301,0.),(0.,0.,-1.),(0.328156757428761,0.944623280760029,
0.),(0.977165251207421,-0.212480756382169,0.),(0.,-1.,0.),(0.,0.,-1.),(0.,
0.,-1.),(0.977165251207421,-0.212480756382169,0.),(-0.44117220943889,0.897422465519338,
0.),(-0.308874502549457,0.951102802895053,0.),(0.,0.,-1.),(0.,0.,-1.),(-0.308107185764319,
0.951348021479826,-0.0026275667093968),(0.328156757428761,0.944623280760029,
0.),(0.,0.,-1.),(-0.169198605225861,0.985581976290975,0.),(0.215220868971097,
-0.976565398506073,0.),(0.,0.,-1.),(-0.190679741770231,-0.981652298972726,
0.),(0.,0.,-1.),(-0.350918948063542,0.93610047509484,0.0239121813557976),
(0.,-1.,0.),(1.,0.,0.),(0.,0.,-1.),(0.,0.,-1.),(0.,-1.,0.),(1.,0.,0.),(0.,
0.,-1.),(-0.0691237274253004,0.997534717310576,0.0120995068883513),(0.228391890535116,
-0.97002404639077,0.0830089980753501),(0.,0.,-1.),(0.,0.,-1.),(-1.,0.,0.),
(0.,-1.,0.),(-1.,0.,0.),(0.,-1.,0.),(0.,0.,-1.),(-1.,0.,0.),(-0.00147173730007608,
0.999998916994073,0.),(0.,0.,-1.),(0.,0.,-1.),(-1.,0.,0.),(0.,-1.,0.),(0.,
0.,-1.),(-1.,0.,0.),(-0.463095461527809,0.88630840767328,0.),(-0.00147173730007608,
0.999998916994073,0.),(1.,0.,0.),(0.,0.,-1.),(0.,0.,-1.),(-0.213760532243516,
-0.976886091033631,0.),(-0.583370579498583,-0.812206111141431,0.),(-0.583370579498583,
-0.812206111141431,0.),(0.,0.,-1.),(-0.892401517870251,-0.451242208689383,
0.),(0.,0.,-1.),(-0.892401517870251,-0.451242208689383,0.),(0.243730110536002,
-0.969843097216301,0.),(0.,0.,-1.),(1.,0.,0.),(-0.00147173730007608,0.999998916994073,
0.),(0.,0.,-1.),(-0.0270490549685722,0.999308045483554,0.0255299599910939),
(0.27934432351496,0.898689177162049,-0.338119079277951),(0.,0.,-1.),(-0.583370579498583,
-0.812206111141431,0.),(-0.213760532243516,-0.976886091033631,0.),(0.266051876769397,
0.96115695984876,0.073441796014056),(0.609330966018475,0.783987679871082,
-0.118655348220595),(0.,0.,-1.),(0.,0.,-1.),(0.00594449712009951,-0.998746385238228,
0.0497023231606134),(0.347383904398448,-0.915959490860013,-0.200854758640055),
(0.134981380727623,-0.662047958284471,-0.737205892399286),(0.,0.,-1.),(0.617518662740641,
0.760438985914494,-0.201005596609514),(0.271682599565817,0.956944450312904,
0.102205108035233),(-0.169198605225861,0.985581976290975,0.),(0.,0.,-1.),
(-0.52672935038587,0.850033053146805,0.),(0.,0.,-1.),(-0.52672935038587,
0.850033053146805,0.),(-0.169198605225861,0.985581976290975,0.),(-0.190679741770231,
-0.981652298972726,0.),(-0.549179174082096,-0.83570463368017,0.),(0.,0.,
-1.),(-0.549179174082096,-0.83570463368017,0.),(0.,0.,-1.),(-0.190679741770231,
-0.981652298972726,0.),(0.,0.,-1.),(0.416247435927112,-0.909251380028705,
0.),(0.347383904398448,-0.915959490860013,-0.200854758640055),(0.,0.,-1.),
(0.793397007698431,-0.608704516309166,0.),(0.48004630666146,-0.877243149566123,
0.),(0.134981380727623,-0.662047958284471,-0.737205892399286),(0.08379825913889,
0.994140351245297,0.0682847991222749),(0.,0.,-1.),(0.396488029497529,0.918039891543481,
0.),(0.27934432351496,0.898689177162049,-0.338119079277951),(0.27934432351496,
0.898689177162049,-0.338119079277951),(0.,0.,-1.),(0.532979542711413,0.846128126852626,
0.),(0.,0.,-1.),(0.134981380727623,-0.662047958284471,-0.737205892399286),
(0.48004630666146,-0.877243149566123,0.),(-0.460148738286246,0.887741949528348,
0.0133180216692891),(-1.,0.,0.),(0.,0.,-1.),(0.,0.,-1.),(-0.583370579498583,
-0.812206111141431,0.),(-0.892401517870251,-0.451242208689383,0.),(-0.52672935038587,
0.850033053146805,0.),(0.,0.,-1.),(-0.808925812228295,0.587910733284224,
0.),(-0.808925812228295,0.587910733284224,0.),(-0.52672935038587,0.850033053146805,
0.),(0.,0.,-1.),(0.,0.,-1.),(-0.549179174082096,-0.83570463368017,0.),(-0.860291478790921,
-0.509802482849712,0.),(0.,0.,-1.),(-0.682458784297373,-0.0856746802007837,
0.725885567364337),(-0.978490903682414,0.206289969244198,0.),(0.,0.,-1.),
(-0.860291478790921,-0.509802482849712,0.),(-0.997024164573041,0.07708965726626,
0.),(-0.682458784297373,-0.0856746802007837,0.725885567364337),(-0.549179174082096,
-0.83570463368017,0.),(0.,0.,-1.),(-0.860291478790921,-0.509802482849712,
0.),(0.538714265817497,0.841795936131197,0.0341546734388786),(0.,0.,-1.),
(0.,0.,-1.),(0.48004630666146,-0.877243149566123,0.),(0.793397007698431,
-0.608704516309166,0.),(0.603909752717489,-0.637460442665661,-0.478473818102098),
(0.,0.,-1.),(0.561503441079499,0.818860269525274,0.119087130492249),(0.878009108402055,
0.458997908534253,-0.135723710250674),(0.580449052303915,0.813106457528546,
0.0440089355116105),(0.,0.,-1.),(0.876697827052329,0.452249032861442,-0.163925996466745),
(-0.892401517870251,-0.451242208689383,0.),(0.,0.,-1.),(0.243730110536002,
-0.969843097216301,0.),(0.,0.,-1.),(0.243730110536002,-0.969843097216301,
0.),(0.874078284098788,0.485785089588925,0.),(-0.808925812228295,0.587910733284224,
0.),(0.,0.,-1.),(-0.978490903682414,0.206289969244198,0.),(-0.978490903682414,
0.206289969244198,0.),(-0.808925812228295,0.587910733284224,0.),(-0.682458784297373,
-0.0856746802007837,0.725885567364337),(-0.997024164573041,0.07708965726626,
0.),(0.,0.,-1.),(0.,0.,-1.),(-0.877215519409827,-0.480096794934674,0.),
(-0.535542503737802,-0.844508275086897,0.),(-0.535542503737802,-0.844508275086897,
0.),(0.,0.,-1.),(-0.0441552006364874,-0.999024683507245,0.),(-0.860291478790921,
-0.509802482849712,0.),(0.,0.,-1.),(-0.997024164573041,0.07708965726626,
0.),(0.,0.,-1.),(0.69681149304573,0.702437138482093,0.145037269832517),
(0.829730690923165,0.415665787593738,-0.372517024529409),(0.,0.,-1.),(0.9891869589447,
-0.143237042703013,-0.0315009500083982),(0.,0.,-1.),(0.883175575321101,
-0.468601977061399,-0.0203246217772954),(0.603909752717489,-0.637460442665661,
-0.478473818102098),(0.793397007698431,-0.608704516309166,0.),(0.243730110536002,
-0.969843097216301,0.),(0.875674781787266,0.482506868233839,-0.0195140628521448),
(0.,0.,-1.),(0.,0.,-1.),(1.,0.,0.),(0.515442802571832,-0.856923985705206,
0.),(0.,0.,-1.),(0.829730690923165,0.415665787593738,-0.372517024529409),
(0.94568939343516,0.292711440857944,0.14139159640907),(0.998475237940827,
-0.0240074495312724,-0.0497075606524124),(0.515442802571832,-0.856923985705206,
0.),(1.,0.,0.),(0.,0.,-1.),(0.,0.,-1.),(0.709973554602197,0.67987085006261,
0.183611489293742),(0.94568939343516,0.292711440857944,0.14139159640907),
(0.829730690923165,0.415665787593738,-0.372517024529409),(0.,0.,-1.),(-0.991241270719354,
0.118689394362384,-0.0579100240767611),(0.603909752717489,-0.637460442665661,
-0.478473818102098),(0.862271088288869,-0.505196005155482,0.0355748039498809),
(0.,0.,-1.),(0.,0.,-1.),(0.,1.,0.),(-0.922640687527031,0.385660682102347,
0.),(0.924667225519376,-0.362749277484904,-0.115773415491116),(0.,0.,-1.),
(0.,0.,-1.),(-0.961280360291563,-0.271754294092548,0.0457129364620563),
(-0.885701374631398,-0.390703679438984,-0.250766245433656),(0.,0.,-1.),
(-0.805429835273717,0.570879800976337,-0.159307982499843),(-0.954280557772974,
0.274025868576285,0.119408711606455),(0.,0.,-1.),(-0.75397034468496,0.656674620807813,
-0.0175260298572658),(0.94568939343516,0.292711440857944,0.14139159640907),
(0.,0.,-1.),(0.996576410731864,-0.0332168376654951,-0.0757106285028661),
(0.,0.,-1.),(-0.99998551957009,-0.00460725941155581,0.00278097300466409),
(-0.946411822629924,-0.0578370023318746,-0.317741314826334),(0.991554269551184,
-0.12942693326607,-0.00829454520505799),(0.,0.,-1.),(0.,0.,-1.),(-0.946411822629924,
-0.0578370023318746,-0.317741314826334),(-0.961280360291563,-0.271754294092548,
0.0457129364620563),(-0.995874907956921,-0.0797446225091056,0.0432892929334034),
(0.,0.,-1.),(0.,0.,-1.),(-0.985693622640908,-0.144297720642056,0.0870990820993534),
(-0.88217972023811,-0.376986394768694,-0.282205952027792),(-0.961280360291563,
-0.271754294092548,0.0457129364620563),(-0.946411822629924,-0.0578370023318746,
-0.317741314826334),(-0.972214589757218,0.227857698475198,0.0536624702076748),
(0.,0.,-1.),(0.,0.,-1.),(0.999191771433845,0.0272576181298226,-0.0295436313405147),
(0.,0.,-1.),(0.980991241807131,0.194032622507199,-0.00274315524193352),
(-0.954040740110675,0.272934142045541,0.1237465971853),(-0.824350198631661,
0.557477578033695,-0.098313274818948),(0.,0.,-1.),(0.,0.,-1.),(0.930074864044049,
-0.307907885833111,0.200383335422952),(0.985550345361427,-0.0940344746412579,
-0.14088305198609),(-0.884892615063771,-0.461975725898614,-0.059527207947704),
(0.,0.,-1.),(-0.535542503737802,-0.844508275086897,0.),(0.,0.,-1.),(0.94712331945084,
0.32086978317134,0.),(0.681103740021997,0.732186926493534,0.),(-0.754664941730292,
0.655995229556913,-0.0122916443890883),(0.,0.,-1.),(0.,0.,-1.),(0.61178134395994,
-0.791026919379214,0.),(0.934015465048272,-0.355725400410187,0.0327803379127154),
(0.,0.,-1.),(0.681103740021997,0.732186926493534,0.),(0.277539444022475,
0.960714243160627,0.),(-0.535542503737802,-0.844508275086897,0.),(0.,0.,
-1.),(-0.0441552006364874,-0.999024683507245,0.),(-0.617826442279404,0.78057073019236,
-0.0948673936995244),(-0.283851439239412,0.954085066645008,0.095655873038222),
(0.,0.,-1.),(0.,0.,-1.),(0.999482291353348,-0.00903078262884165,-0.0308803211798733),
(0.981868242050897,-0.100462158784713,-0.160754813004765),(0.931983088025691,
-0.313936226091075,0.181250019535973),(0.,0.,-1.),(0.,0.,-1.),(0.981089283638475,
0.193555722027906,0.),(0.,0.,-1.),(-0.986533238655531,0.0387556948206992,
-0.158903005468096),(-0.94535176848243,0.301804189432076,0.123386648663418),
(0.,0.,-1.),(-0.999869660222286,-0.0146921736426956,-0.00669347448071205),
(0.94712331945084,0.32086978317134,0.),(0.,0.,-1.),(0.681103740021997,0.732186926493534,
0.),(0.,0.,-1.),(-0.945276638718291,0.301356240046234,0.125045963064176),
(-0.650142817821713,0.737768103902024,-0.181693536758065),(0.931482049970907,
-0.363787287548639,0.),(0.61178134395994,-0.791026919379214,0.),(0.,0.,
-1.),(0.61178134395994,-0.791026919379214,0.),(0.,0.,-1.),(0.179986963803415,
-0.983668995577693,0.),(0.,0.,-1.),(0.179986963803415,-0.983668995577693,
0.),(-0.275655340731976,-0.961256538664855,0.),(-0.275655340731976,-0.961256538664855,
0.),(0.,0.,-1.),(-0.672460565687823,-0.740132952647572,0.),(0.,0.,-1.),
(-0.672460565687823,-0.740132952647572,0.),(-0.940035863715849,-0.341075614678032,
0.),(0.,0.,-1.),(-0.965368570026498,-0.258290620476616,-0.0367352607013784),
(0.,0.,-1.),(0.179986963803415,-0.983668995577693,0.),(0.61178134395994,
-0.791026919379214,0.),(0.,0.,-1.),(-0.217919365653358,0.968063798333318,
-0.123950120732929),(0.103616283111585,0.973091616063395,0.205806638914468),
(0.681103740021997,0.732186926493534,0.),(0.,0.,-1.),(0.277539444022475,
0.960714243160627,0.),(-0.0441552006364874,-0.999024683507245,0.),(0.,0.,
-1.),(0.460723229608683,-0.795504076007568,-0.393582736860105),(0.392062435423625,
-0.919938610304892,0.),(0.,0.,-1.),(0.277539444022475,0.960714243160627,
0.),(-0.211130514163649,0.977457879393784,0.),(-0.0441552006364874,-0.999024683507245,
0.),(0.392062435423625,-0.919938610304892,0.),(0.,0.,-1.),(0.,0.,-1.),(0.277539444022475,
0.960714243160627,0.),(-0.211130514163649,0.977457879393784,0.),(0.179986963803415,
-0.983668995577693,0.),(0.,0.,-1.),(-0.275655340731976,-0.961256538664855,
0.),(0.,-1.,0.),(-0.922640687527031,0.385660682102347,0.),(0.,0.,-1.),(0.,
0.,-1.),(0.,-1.,0.),(0.929836120109147,-0.367973898178076,0.),(0.,0.,-1.),
(0.,-1.,0.),(0.929836120109147,-0.367973898178076,0.),(0.,0.,-1.),(0.93842183177092,
-0.345491628922774,0.),(0.,1.,0.),(0.,0.,-1.),(-0.922640687527031,0.385660682102347,
0.),(0.,1.,0.),(-0.211130514163649,0.977457879393784,0.),(-0.691048693168487,
0.720839978648664,-0.0533050546563827),(0.,0.,-1.),(0.,0.,-1.),(-0.211130514163649,
0.977457879393784,0.),(-0.704226751870128,0.709975127698464,0.),(0.,0.,
-1.),(0.09564202328355,0.968908383571801,0.228186650850809),(0.392881812117298,
0.91573541049637,-0.0840983927936342),(-0.275655340731976,-0.961256538664855,
0.),(0.,0.,-1.),(-0.672460565687823,-0.740132952647572,0.),(0.392062435423625,
-0.919938610304892,0.),(0.460723229608683,-0.795504076007568,-0.393582736860105),
(0.696787659421467,-0.717277462128815,0.),(0.,0.,-1.),(0.,0.,-1.),(0.792948973798211,
-0.609288047603401,0.),(0.460723229608683,-0.795504076007568,-0.393582736860105),
(0.,0.,-1.),(0.455649334158843,0.888612559370015,0.0524538236020466),(0.713011223267268,
0.675485667055551,-0.187973692567419),(-0.617886559481357,0.741463197935461,
-0.261626691527471),(-0.945297398023257,0.301478448689243,0.124593636540502),
(0.,0.,-1.),(0.929836120109147,-0.367973898178076,0.),(0.,-1.,0.),(0.,0.,
-1.),(0.,-1.,0.),(0.,0.,-1.),(-0.922218329713228,-0.386669564797831,0.),
(-0.672460565687823,-0.740132952647572,0.),(0.,0.,-1.),(-0.940030636689608,
-0.341090016868228,-4.97771243043725E-5),(0.469622293896239,0.878644154826973,
0.0862516681811316),(0.,0.,-1.),(0.717185525674815,0.657036531338509,-0.232266911653813),
(-0.945359647773722,0.301852104343368,0.123208942307876),(-0.976784363276478,
0.0284301933181206,-0.21233000675001),(0.,0.,-1.),(0.,0.,-1.),(0.954336709640065,
-0.271259608345308,0.125138601213711),(0.825655389917217,-0.555745255408296,
-0.0971616600919116),(0.,0.,-1.),(0.704281248897976,0.69890544754268,-0.124575671163649),
(0.90412493698775,0.426510971680489,-0.025426154901256),(-0.97829910065559,
-0.19992568744104,-0.054411296232415),(0.,0.,-1.),(0.,0.,-1.),(0.707178449597621,
0.692378795209775,-0.143213981051315),(0.893963570724352,0.446980364446219,
0.0322131652790051),(0.774265675940339,-0.632627364081752,-0.0171837503364218),
(0.,0.,-1.),(0.,0.,-1.),(0.913337759936132,0.407202819581163,0.),(0.,1.,
0.),(-0.999803790659183,-0.0154608478779357,-0.0123831484859092),(0.,0.,
-1.),(0.,0.,-1.),(0.908204730608405,0.32183159944368,-0.267560439714165),
(0.980923040258122,0.173968008845218,0.0867474552317981),(0.,-1.,0.),(0.,
0.,-1.),(-0.922218329713228,-0.386669564797831,0.),(0.,0.,-1.),(0.,1.,0.),
(-0.930354395631211,-0.366661558565503,0.),(0.,0.,-1.),(0.998489149343208,
-0.0247661532845739,0.0490515677156299),(0.,0.,-1.),(0.970670681493954,
-0.233330720298347,0.0579241146079791),(0.807169228259499,-0.568992281991011,
-0.157243823362402),(0.954646026299334,-0.272646103968265,0.119645586888182),
(0.,0.,-1.),(0.,0.,-1.),(-1.,0.,0.),(0.,-1.,0.),(0.937962125179044,-0.346440216664302,
-0.0143606409050552),(0.,0.,-1.),(0.,1.,0.),(0.958355403301093,-0.279853134420467,
-0.0568959059919054),(0.,0.,-1.),(-0.930354395631211,-0.366661558565503,
0.),(0.902581475337836,-0.341048289376097,-0.262740831791736),(0.,0.,-1.),
(0.,0.,-1.),(-0.930354395631211,-0.366661558565503,0.),(0.,1.,0.),(0.911975666283499,
0.341142189141947,-0.227864852257226),(0.,0.,-1.),(0.974580326801941,0.186013831878498,
0.124868094245485),(0.,0.,-1.),(-0.502114718640954,0.864509312212422,0.0224601518721677),
(-1.,0.,0.),(0.,0.,-1.),(-0.509504828525791,0.849793896358569,0.135111670186649),
(0.,0.,-1.),(-0.7189806413376,0.65188481387691,0.241066436524125),(-0.643680508904631,
0.762803685810562,-0.0616922958731216),(0.990807490023789,-0.13327035357213,
-0.0232277973884436),(0.,0.,-1.),(0.,0.,-1.),(0.987976256019987,0.07682248592664,
-0.134168637157794),(0.,0.,-1.),(-1.,0.,0.),(0.419023073157215,-0.907974918492854,
0.00110070421873693),(0.,1.,0.),(0.913337759936132,0.407202819581163,0.),
(0.,0.,-1.),(0.96685382365787,-0.255330538083786,0.),(-0.930354395631211,
-0.366661558565503,0.),(0.,0.,-1.),(0.913337759936132,0.407202819581163,
0.),(0.,-1.,0.),(0.,0.,-1.),(0.,0.,-1.),(0.,1.,0.),(-1.,0.,0.),(-0.922218329713228,
-0.386669564797831,0.),(0.,0.,-1.),(0.,-1.,0.),(-1.,0.,0.),(0.,0.,-1.),
(0.418786280978199,-0.908084825808938,0.),(0.471711474844084,-0.881580536478146,
-0.017436805995472),(0.,0.,-1.),(-1.,0.,0.),(-0.505848957003161,0.862622068288781,
0.),(0.,0.,-1.),(0.,0.,-1.),(0.517627340526238,-0.854137261737923,-0.0501146131440499),
(-0.607865233147876,0.79393484772118,-0.012935064902252),(-0.699376207794747,
0.6577656227504,0.279673569538521),(0.,0.,-1.),(0.,0.,-1.),(-1.,0.,0.),
(0.,-1.,0.),(-1.,0.,0.),(0.,1.,0.),(0.,0.,-1.),(0.,0.,-1.),(0.,-1.,0.),
(1.,0.,0.),(0.,1.,0.),(0.,0.,-1.),(1.,0.,0.),(0.,0.,-1.),(1.,0.,0.),(0.,
1.,0.),(0.553674280066068,-0.832633651543859,-0.0128838623891068),(-1.,
0.,0.),(0.,0.,-1.),(-1.,0.,0.),(0.,0.,-1.),(0.550971699508977,-0.83452392796144,
0.),(-0.786121748898445,0.613602189894072,0.0741953399213893),(0.,1.,0.),
(0.,0.,-1.),(0.,1.,0.),(0.,0.,-1.),(-1.,0.,0.),(0.,0.,-1.),(0.,-1.,0.),
(1.,0.,0.),(-1.,0.,0.),(0.,0.,-1.),(0.,-1.,0.),(0.,0.,-1.),(0.,-1.,0.),
(1.,0.,0.),(0.,0.,-1.),(0.,1.,0.),(1.,0.,0.),(0.,0.,-1.),(-0.99918352477753,
-0.0148645232708985,-0.0375676690929994),(0.,0.,-1.),(1.,0.,0.),(0.,1.,
0.),(0.,0.,-1.),(-0.891653580810877,-0.452718336084525,0.),(-0.534610960144939,
-0.845098290906393,0.),(0.,0.,-1.),(-0.990940740723702,-0.118112508214042,
-0.0639209181516369),(0.,0.,-1.),(-0.944413492731859,-0.327236827924716,
-0.0316103336866316),(0.,0.,-1.),(-0.950282394963722,0.204739100129986,
-0.234617285595024),(-0.991833897410115,0.0912998756206511,0.0890497201562999),
(0.,0.,-1.),(-0.913378573501854,0.407111264235856,0.),(0.,0.,-1.),(-0.757270435165082,
0.653101437775854,0.),(-1.,0.,0.),(0.,1.,0.),(0.,0.,-1.),(0.,0.,-1.),(-1.,
0.,0.),(0.,-1.,0.),(0.,-1.,0.),(0.,0.,-1.),(1.,0.,0.),(0.,0.,-1.),(1.,0.,
0.),(0.,1.,0.),(0.,1.,0.),(0.,0.,-1.),(1.,0.,0.),(0.,0.,-1.),(1.,0.,0.),
(0.,1.,0.),(0.,1.,0.),(0.,0.,-1.),(1.,0.,0.),(0.,0.,-1.),(1.,0.,0.),(0.,
1.,0.),(0.,0.,-1.),(-0.534610960144939,-0.845098290906393,0.),(-0.0442365414271122,
-0.999021085064058,0.),(-0.0442365414271122,-0.999021085064058,0.),(0.,
0.,-1.),(0.367096011555514,-0.93018305633893,0.),(0.,0.,-1.),(-0.119045112217071,
0.992888846375678,0.),(-0.98549879338727,-0.169682433481593,0.),(0.,0.,
-1.),(-0.647569311611066,0.71319498940267,0.268341002738111),(-0.85636321507186,
0.304048775027978,-0.417368405938654),(-0.85636321507186,0.304048775027978,
-0.417368405938654),(0.,0.,-1.),(-0.903738089049743,0.428085816631103,0.),
(-0.161937167617879,-0.986801071008691,0.),(-0.997168004595453,0.0571191658875097,
0.0489220962289832),(-0.945782566924757,0.196609518053575,-0.258534395220362),
(0.,0.,-1.),(0.,0.,-1.),(-0.983051047401576,-0.177919035829318,-0.0442205256892057),
(0.,0.,-1.),(0.989827035010122,0.0589182747425735,-0.12950319557613),(-0.915671809750999,
0.401260563214728,-0.0231321688548689),(0.,0.,-1.),(0.,0.,-1.),(0.954830879574531,
-0.15213530526984,-0.255250544174504),(0.998665029654565,-0.0267488932026281,
0.0441888589746416),(-0.903538204741642,-0.424458528562405,0.0587679343085112),
(0.,0.,-1.),(0.,0.,-1.),(0.973302052258296,0.22952802676316,0.),(-0.889464938043651,
-0.456661745086736,0.0176684624498508),(0.,0.,-1.),(-0.534610960144939,
-0.845098290906393,0.),(0.,0.,-1.),(0.940509803658171,0.339766551065388,
0.),(0.676873314939423,0.736099528272445,0.),(-0.75423570014967,0.65651216063989,
-0.01096775052965),(0.,0.,-1.),(0.,0.,-1.),(0.613671929049375,-0.789561120811314,
0.),(0.908675082901666,-0.417504004428282,0.),(0.,0.,-1.),(0.946303773892857,
-0.323278776779635,0.),(-0.534610960144939,-0.845098290906393,0.),(0.,0.,
-1.),(-0.0442365414271122,-0.999021085064058,0.),(0.,0.,-1.),(0.676873314939423,
0.736099528272445,0.),(0.277539444022475,0.960714243160627,0.),(-0.619850702771411,
0.780109091187913,-0.0849406388000249),(-0.283578529077394,0.953696861494349,
0.100227312755208),(0.,0.,-1.),(0.999839494509943,-0.0130346907947877,0.0122915440033805),
(0.948999516367084,-0.143949122044233,-0.28049700211898),(0.,0.,-1.),(0.,
0.,-1.),(0.974157204786876,0.225350678439278,-0.0153235795027519),(0.948051767656516,
-0.317198331529245,-0.0241467247969134),(0.,0.,-1.),(0.,0.,-1.),(-0.990668577564949,
0.136292954423335,0.),(0.,0.,-1.),(-0.981949042538967,-0.189145652492481,
0.),(0.940509803658171,0.339766551065388,0.),(0.,0.,-1.),(0.676873314939423,
0.736099528272445,0.),(0.,0.,-1.),(-0.689560855543911,0.722248648751467,
0.0535043538249846),(-0.21194151742128,0.977282350804088,0.),(0.,0.,-1.),
(-0.95328738394901,0.278056923763971,-0.11801487512416),(-0.615913198244609,
0.742616089893922,0.26300622665397),(0.908675082901666,-0.417504004428282,
0.),(0.613671929049375,-0.789561120811314,0.),(0.,0.,-1.),(0.,0.,-1.),(0.179249267632571,
-0.983803689794456,0.),(-0.275655340731976,-0.961256538664855,0.),(-0.275655340731976,
-0.961256538664855,0.),(0.,0.,-1.),(-0.672458558226794,-0.740134776555961,
0.),(0.,0.,-1.),(-0.672458558226794,-0.740134776555961,0.),(-0.940008370135887,
-0.341151379997903,0.),(0.,0.,-1.),(0.179249267632571,-0.983803689794456,
0.),(0.613671929049375,-0.789561120811314,0.),(0.,0.,-1.),(-0.217050278375401,
0.968374796796048,-0.123042389392328),(0.103675236378284,0.973120543835162,
0.205640104376226),(0.676873314939423,0.736099528272445,0.),(0.,0.,-1.),
(0.277539444022475,0.960714243160627,0.),(0.613671929049375,-0.789561120811314,
0.),(0.179249267632571,-0.983803689794456,0.),(0.,0.,-1.),(0.,0.,-1.),(-0.0442365414271122,
-0.999021085064058,0.),(0.367096011555514,-0.93018305633893,0.),(0.,0.,
-1.),(0.277539444022475,0.960714243160627,0.),(-0.21194151742128,0.977282350804088,
0.),(0.277539444022475,0.960714243160627,0.),(-0.21194151742128,0.977282350804088,
0.),(0.,0.,-1.),(0.,0.,-1.),(0.179249267632571,-0.983803689794456,0.),(-0.275655340731976,
-0.961256538664855,0.),(0.0996230826545402,0.971063654427847,0.21704981099195),
(0.,0.,-1.),(0.40932879919094,0.910794628546162,-0.0538802260979189),(0.,
0.,-1.),(-0.21194151742128,0.977282350804088,0.),(-0.702789146512038,0.711398211654261,
0.),(0.,0.,-1.),(0.0960785063471929,0.969151148114245,0.226969100819767),
(0.3927624095098,0.915457104928642,-0.0876126629644666),(-0.275655340731976,
-0.961256538664855,0.),(0.,0.,-1.),(-0.672458558226794,-0.740134776555961,
0.),(0.,0.,-1.),(-0.914111753843689,-0.35837462800468,-0.189650540435091),
(-0.795714788099805,-0.604152299830662,0.0428716060884717),(0.,0.,-1.),
(-0.715491542621448,-0.698577700499044,0.00781337332072002),(0.,0.,-1.),
(-0.933189386166497,-0.306367304416879,-0.187874011855101),(0.367096011555514,
-0.93018305633893,0.),(0.733531622033853,-0.679655324025631,0.),(0.580381405179873,
-0.678811235335562,-0.44985856811185),(0.,0.,-1.),(0.,0.,-1.),(0.733531622033853,
-0.679655324025631,0.),(0.367096011555514,-0.93018305633893,0.),(0.,0.,
-1.),(-0.341103619410267,0.93093505213778,-0.130415679756864),(-0.689899299944008,
0.708433544516097,0.148865271104871),(0.,0.,-1.),(0.456666235148763,0.888202202747237,
0.0505252086587635),(0.712766047812283,0.676342926685379,-0.185808521356567),
(-0.648304369985687,0.739095228059991,0.182865217349857),(-0.95121756000633,
0.272047554498111,-0.145517289787851),(0.,0.,-1.),(0.,0.,-1.),(-0.672458558226794,
-0.740134776555961,0.),(-0.940008370135887,-0.341151379997903,0.),(-0.0415642039388143,
0.999135835065557,-6.22766725323122E-6),(0.,0.,1.),(0.,0.,1.),(0.,-1.,0.),
(-1.,0.,0.),(0.,0.,1.),(-0.0415464780829052,0.999136572325779,0.),(0.470941017118471,
0.87807188793188,0.0848782541005866),(0.,0.,-1.),(0.717185525674815,0.657036531338509,
-0.232266911653813),(-0.990847517727785,0.134704027880196,-0.00871903008009485),
(0.,0.,-1.),(0.,0.,-1.),(-0.981949042538967,-0.189145652492481,0.),(0.,
0.,-1.),(0.70340122497493,0.700720523469233,-0.119237010583007),(0.901496938951468,
0.43270235852111,-0.00848162669550356),(0.,0.,-1.),(0.891652040978811,-0.452721368855415,
0.),(0.580381405179873,-0.678811235335562,-0.44985856811185),(0.733531622033853,
-0.679655324025631,0.),(0.,0.,-1.),(0.982547826687184,-0.0884902599182054,
0.16361308679901),(0.726225284506811,0.0210064159723938,-0.687135770158267),
(0.954914313628388,-0.296272222753905,0.0190111454701066),(0.580381405179873,
-0.678811235335562,-0.44985856811185),(0.81944512653502,-0.57315764375781,
0.),(0.,0.,-1.),(0.,0.,-1.),(0.0237584816895363,0.999717727435004,0.),(-0.375045962225437,
0.92665477984362,-0.0255234247578281),(0.706509344123732,0.693969112675609,
-0.138749476820931),(0.,0.,-1.),(0.892555003561775,0.449255304949751,0.0389260400162358),
(0.,0.,-1.),(0.992530703257586,-0.0200965112813676,0.120328439387035),(0.,
0.,-1.),(0.912992580127913,0.348763137746525,-0.21168094477438),(0.970174723024759,
0.178162782689682,0.164374662488172),(0.,0.,-1.),(-0.744774854959586,0.667315828839634,
0.),(0.,0.,-1.),(-0.256119513428111,0.966645123528458,0.),(-0.620626919015294,
0.784106005201837,0.),(0.883523958583796,-0.468316162110677,0.00808621755490519),
(0.,0.,-1.),(0.,0.,-1.),(-0.875965734494752,-0.482373332586981,0.),(-0.535542503737802,
-0.844508275086897,0.),(0.914171886083649,0.364345362188479,-0.177601294325268),
(0.,0.,-1.),(0.964994961576317,0.185507714105023,0.185395825572886),(0.,
0.,-1.),(-0.913862813200904,0.406023101126684,0.),(0.979328100388785,-0.192982023435344,
-0.0606169152934489),(0.,0.,-1.),(0.,0.,-1.),(-0.894370443962376,-0.381259822985923,
-0.233971058772844),(0.993782451944088,0.0714455939359671,0.0853930050714601),
(0.,0.,-1.),(0.726225284506811,0.0210064159723938,-0.687135770158267),(0.,
0.,-1.),(-0.962084291870899,0.272752296663606,0.),(-0.894568914595568,0.131404078325118,
-0.427176105650625),(-0.996630254096317,0.0738854728230735,-0.0356240582418866),
(0.984670025188421,-0.13640684620733,-0.108711148477068),(0.726225284506811,
0.0210064159723938,-0.687135770158267),(0.,0.,-1.),(0.,0.,-1.),(-0.970382598120975,
-0.135331972491913,-0.200107147512114),(0.,0.,-1.),(-0.999925776698368,
0.0120611660415903,0.00172318538843313),(-0.964994019327258,-0.071637917861271,
-0.252298536236589),(-0.995010442312944,-0.0812001161192566,0.057972069399143),
(-0.894568914595568,0.131404078325118,-0.427176105650625),(0.,0.,-1.),(0.,
0.,-1.),(-0.9848941950461,-0.144178754151974,0.0958953148786691),(-0.956053483360692,
-0.26387542915254,-0.127794737150832),(-0.894568914595568,0.131404078325118,
-0.427176105650625),(-0.90836139382367,0.41818605693007,0.),(0.,0.,-1.),
(0.,0.,-1.),(0.992033213104997,0.116599013110704,-0.047694593385256),(0.,
0.,-1.),(0.986735475794424,-0.162336381654734,0.),(-0.883836179356791,-0.463786080089141,
-0.0611234813761354),(0.,0.,-1.),(-0.535542503737802,-0.844508275086897,
0.),(0.,0.,-1.),(0.933288374037213,0.352566080907524,0.0683371749524714),
(0.681101715473078,0.732188809788589,0.),(-0.965804171792587,-0.239425152814716,
-0.099488179939556),(-0.119045112217071,0.992888846375678,0.),(0.,0.,-1.),
(-0.119045112217071,0.992888846375678,0.),(0.,0.,-1.),(0.959895870327228,
0.280356769364918,0.),(-0.913126062160857,-0.348048333633308,-0.212280832996491),
(0.,0.,-1.),(-0.787479706374572,-0.616013687468261,0.0200710961328245),
(0.,0.,-1.),(-0.119045112217071,0.992888846375678,0.),(0.959895870327228,
0.280356769364918,0.),(0.851478220391526,0.420706017657592,0.313035600061032),
(-0.744774854959586,0.667315828839634,0.),(0.,0.,-1.),(0.,0.,-1.),(0.613671929049375,
-0.789561120811314,0.),(0.948845158171472,-0.315741770778835,0.),(-0.903738089049743,
0.428085816631103,0.),(-0.85636321507186,0.304048775027978,-0.417368405938654),
(-0.601467959427559,0.707851062823988,0.37038245995322),(0.,0.,-1.),(0.,
0.,-1.),(-0.903738089049743,0.428085816631103,0.),(-0.161937167617879,-0.986801071008691,
0.),(-0.161937167617879,-0.986801071008691,0.),(0.949456284184131,-0.313899290256067,
0.),(0.,0.,-1.),(0.,0.,-1.),(0.88440181094628,-0.466726297518086,0.),(-0.161937167617879,
-0.986801071008691,0.),(0.,0.,-1.),(0.949456284184131,-0.313899290256067,
0.),(-0.680412324216494,0.71068346350555,0.178796207325724),(-0.354628240490106,
0.930633960613337,-0.0903285248414111),(0.,0.,-1.),(0.,0.,-1.),(-0.615182481853554,
-0.783029449591453,0.0917354625704219),(0.,0.,-1.),(0.843386526798781,0.530905653569438,
0.0826943373048956),(0.510151496425426,0.860084560200274,0.),(-0.535542503737802,
-0.844508275086897,0.),(-0.0441551232378086,-0.999024686928133,0.),(0.,
0.,-1.),(0.,0.,-1.),(0.681101715473078,0.732188809788589,0.),(0.277539444022475,
0.960714243160627,0.),(-0.535542503737802,-0.844508275086897,0.),(0.,0.,
-1.),(-0.0441551232378086,-0.999024686928133,0.),(-0.620626919015294,0.784106005201837,
0.),(-0.256119513428111,0.966645123528458,0.),(0.,0.,-1.),(0.,0.,-1.),(0.37876095582411,
-0.925494537176318,0.),(0.794948302561228,-0.606677176309627,0.),(-0.470855102385576,
-0.881960776434687,0.0209919362659298),(0.,0.,-1.),(0.,0.,-1.),(0.9868169735541,
-0.161786790712331,-0.0041587325630098),(0.982708447531372,0.184834017117946,
-0.0109769424943305),(0.,0.,-1.),(0.,0.,-1.),(-0.993523027574913,0.0493456634930967,
0.102357213584609),(0.948845158171472,-0.315741770778835,0.),(0.613671929049375,
-0.789561120811314,0.),(0.,0.,-1.),(0.,0.,-1.),(-0.978464030274605,-0.203870611638774,
-0.0323251476223694),(0.943539012302216,0.29029784042716,0.159565961618027),
(0.,0.,-1.),(0.,0.,-1.),(-0.986004279256233,0.0762442505900555,0.148264545796887),
(-0.975282639821538,0.0218113236603819,-0.219881874248228),(-0.945351069545012,
0.301805394994489,0.123389054872474),(0.907520933747316,0.420006850908887,
0.),(0.,0.,-1.),(0.681101715473078,0.732188809788589,0.),(0.,0.,-1.),(-0.945275678703699,
0.301355933991426,0.125053957551993),(-0.650144613654392,0.737767716222188,
-0.181688684943442),(0.959895870327228,0.280356769364918,0.),(0.,0.,-1.),
(0.854355628450042,0.445396214703963,0.26776607713285),(0.,0.,-1.),(-0.990867797613478,
0.134836966936426,0.),(0.131063088796401,-0.991374029695728,0.),(0.,0.,
-1.),(-0.38260128543021,0.92391355460733,0.),(0.0237584816895363,0.999717727435004,
0.),(-0.0732898248958514,0.882524118127096,0.464521024810209),(0.88440181094628,
-0.466726297518086,0.),(0.,0.,-1.),(0.,0.,-1.),(-0.0574489962513233,0.998264665788368,
-0.0129332852807319),(-0.990867797613478,0.134836966936426,0.),(-0.256119513428111,
0.966645123528458,0.),(0.096218913343414,0.99432466629195,0.0453913947617216),
(0.,0.,-1.),(0.,0.,-1.),(0.178516103778049,-0.983936990204101,0.),(0.613671929049375,
-0.789561120811314,0.),(-0.256119513428111,0.966645123528458,0.),(0.,0.,
-1.),(0.107306203738803,0.994226019896465,0.),(0.681101715473078,0.732188809788589,
0.),(0.,0.,-1.),(0.277539444022475,0.960714243160627,0.),(0.827411076981116,
0.561596750069789,0.),(0.,0.,-1.),(0.510151496425426,0.860084560200274,
0.),(0.,0.,-1.),(-0.999840208942753,0.0178761455943754,0.),(0.,0.,-1.),
(-0.0314572908587094,-0.999505096961406,0.),(0.,0.,-1.),(-0.193144713284831,
-0.981170280700613,0.),(-0.544524727560604,-0.838744789000236,0.),(-0.544524727560604,
-0.838744789000236,0.),(0.,0.,-1.),(-0.838349391664167,-0.545133284157482,
0.),(0.,0.,-1.),(-0.838349391664167,-0.545133284157482,0.),(-0.988487495030492,
-0.151302584803907,0.),(-0.214406610086624,-0.976744493483921,0.),(0.,0.,
-1.),(0.,0.,-1.),(0.510151496425426,0.860084560200274,0.),(0.,1.,0.),(0.613671929049375,
-0.789561120811314,0.),(0.178516103778049,-0.983936990204101,0.),(0.,0.,
-1.),(0.794948302561228,-0.606677176309627,0.),(0.37876095582411,-0.925494537176318,
0.),(0.466055143391851,-0.821361612685841,0.328873386767791),(0.,0.,-1.),
(0.,0.,-1.),(-0.245307614664863,0.964706238749811,0.0957394751637397),(-0.0441551232378086,
-0.999024686928133,0.),(0.,0.,-1.),(0.461474225506227,-0.796799254238032,
-0.390067286040682),(0.392989021448176,-0.91954316321813,0.),(0.,0.,-1.),
(0.277539444022475,0.960714243160627,0.),(-0.211130514163649,0.977457879393784,
0.),(0.,0.,-1.),(-0.0441551232378086,-0.999024686928133,0.),(0.392989021448176,
-0.91954316321813,0.),(0.510151496425426,0.860084560200274,0.),(0.,0.,-1.),
(0.,1.,0.),(0.277539444022475,0.960714243160627,0.),(0.,0.,-1.),(-0.211130514163649,
0.977457879393784,0.),(0.37876095582411,-0.925494537176318,0.),(0.,0.,-1.),
(0.0138899568886023,-0.995934992010802,-0.0889975324718458),(0.466055143391851,
-0.821361612685841,0.328873386767791),(0.466055143391851,-0.821361612685841,
0.328873386767791),(0.0207107867141518,-0.994132575979533,-0.106167248669158),
(0.,0.,-1.),(0.,0.,-1.),(0.178516103778049,-0.983936990204101,0.),(-0.27659431678207,
-0.960986776144115,0.),(0.178516103778049,-0.983936990204101,0.),(-0.27659431678207,
-0.960986776144115,0.),(0.,0.,-1.),(0.,0.,-1.),(-0.0584886279069675,-0.995573273737614,
0.0735726649301962),(0.337992118273292,-0.917798982108608,-0.20834192191092),
(0.0237584816895363,0.999717727435004,0.),(0.,0.,-1.),(0.328497686161577,
0.773852633764777,-0.541517655669515),(-0.0732898248958514,0.882524118127096,
0.464521024810209),(-0.0732898248958514,0.882524118127096,0.464521024810209),
(0.,0.,-1.),(0.337621762776018,0.781861704749065,-0.524121951407208),(-0.990867797613478,
0.134836966936426,0.),(0.,0.,-1.),(0.131063088796401,-0.991374029695728,
0.),(-0.0314572908587094,-0.999505096961406,0.),(0.,0.,-1.),(-0.990867797613478,
0.134836966936426,0.),(-0.0487220590687179,0.998812375253783,0.),(0.,0.,
-1.),(0.,0.,-1.),(-0.128289936189882,0.99134686347658,0.027804469920213),
(0.0558939893902844,0.977594979165214,0.2029382139002),(0.,0.,-1.),(0.409142675140646,
0.911247252865926,-0.0472304512264935),(0.,0.,-1.),(0.0333050707730033,
0.957512182524023,0.286463248216742),(0.392996393329342,0.916002478276129,
-0.0805809817644225),(-0.0112445041913948,-0.999609855974818,-0.0255674981860533),
(-0.471734452897758,-0.881740668195163,0.),(0.,0.,-1.),(0.,0.,-1.),(-0.745136183947973,
0.6669123385959,0.),(-0.364398951515714,0.931242935078837,0.),(0.,1.,0.),
(0.,0.,-1.),(-0.479421753191227,0.877584629860306,0.),(0.,0.,-1.),(0.,1.,
0.),(-0.484025879310067,0.874975012278737,0.0117335436224909),(-0.211130514163649,
0.977457879393784,0.),(-0.691049060741701,0.720839727708483,-0.0533036828481129),
(0.,0.,-1.),(0.,0.,-1.),(-0.211130514163649,0.977457879393784,0.),(-0.704226751870128,
0.709975127698464,0.),(-0.27659431678207,-0.960986776144115,0.),(-0.670362613069578,
-0.742033669720268,0.),(0.,0.,-1.),(-0.670362613069578,-0.742033669720268,
0.),(0.,0.,-1.),(-0.27659431678207,-0.960986776144115,0.),(0.,0.,-1.),(-0.471734452897758,
-0.881740668195163,0.),(-0.0213475861436454,-0.999772114316978,0.),(0.,
0.,-1.),(-0.347714425203738,0.936621907472077,0.0428261713045063),(-0.745136183947973,
0.6669123385959,0.),(0.,0.,-1.),(0.30337114361619,0.750722782041659,-0.586840058060658),
(0.637711042066745,0.759394200902139,0.129015791523164),(0.879365858858045,
0.319198289047559,-0.353310258192377),(0.808748514413563,0.492013814715903,
0.322254940322968),(-0.193144713284831,-0.981170280700613,0.),(0.,0.,-1.),
(-0.544524727560604,-0.838744789000236,0.),(0.337992118273292,-0.917798982108608,
-0.20834192191092),(0.,0.,-1.),(0.745340201451125,-0.666684321175169,0.),
(0.463749363436447,-0.885966437238053,0.),(0.13038277026338,-0.658438740685313,
-0.741254853598401),(0.392989021448176,-0.91954316321813,0.),(0.461474225506227,
-0.796799254238032,-0.390067286040682),(0.694233403872921,-0.719749943346311,
0.),(0.,0.,-1.),(0.,0.,-1.),(0.819714195933533,-0.572772762083744,0.),(0.461474225506227,
-0.796799254238032,-0.390067286040682),(0.,0.,-1.),(0.637711042066745,0.759394200902139,
0.129015791523164),(0.246097419573133,0.69285787517768,-0.677778743310615),
(0.,0.,-1.),(0.,1.,0.),(-1.,0.,0.),(0.,0.,-1.),(0.455564962078892,0.888402030599932,
0.056589728325689),(0.712405479328113,0.677573052076916,-0.182683311012404),
(-0.617889303578243,0.741463123622873,-0.261620421280535),(-0.945296511078643,
0.30147855546721,0.124600107287072),(0.,0.,-1.),(0.,0.,-1.),(-0.670362613069578,
-0.742033669720268,0.),(-0.946794661184876,-0.321620388392033,-0.0118404105660711),
(-0.670362613069578,-0.742033669720268,0.),(-0.947793215000341,-0.31888559327652,
0.),(0.,0.,-1.),(0.13038277026338,-0.658438740685313,-0.741254853598401),
(0.463749363436447,-0.885966437238053,0.),(0.,0.,-1.),(0.,0.,-1.),(-0.471734452897758,
-0.881740668195163,0.),(-0.797799063969068,-0.602923422608608,0.),(0.,0.,
-1.),(-0.471734452897758,-0.881740668195163,0.),(-0.797799063969068,-0.602923422608608,
0.),(0.469445658993614,0.878316566492557,0.0904476770115053),(0.,0.,-1.),
(0.716456488711003,0.66098840610778,-0.223124240670973),(-0.492099071232245,
0.869920432976302,0.0328168307836764),(0.,0.,-1.),(-0.791263697829925,0.611110832516366,
-0.0211023903306685),(-0.496077528739485,0.867189820511076,0.0434614850378396),
(-0.792571921347839,0.609561315958437,-0.0162711885863859),(0.,0.,-1.),
(0.,0.,-1.),(-0.544524727560604,-0.838744789000236,0.),(-0.838349391664167,
-0.545133284157482,0.),(0.,0.,-1.),(0.56571228047792,-0.824602701739736,
0.),(0.270256193655117,0.962788444982099,0.),(-0.745136183947973,0.6669123385959,
0.),(0.,0.,-1.),(-0.979577081720517,0.201068995541122,0.),(-0.979577081720517,
0.201068995541122,0.),(-0.745136183947973,0.6669123385959,0.),(0.,0.,-1.),
(0.,0.,-1.),(0.855279420985662,-0.436364928299638,-0.279432928246624),(0.592713588549338,
-0.798652209277101,0.104140532770728),(0.,0.,-1.),(-0.797799063969068,-0.602923422608608,
0.),(-0.97296534191376,-0.230951171104715,0.),(-0.97296534191376,-0.230951171104715,
0.),(0.,0.,-1.),(-0.979577081720517,0.201068995541122,0.),(-0.945358975677504,
0.301853471437008,0.123210749885744),(-0.975282639821538,0.0218113236603819,
-0.219881874248228),(0.,0.,-1.),(0.,0.,-1.),(0.963818458319184,-0.115915623303669,
0.240036554877279),(0.846934250320134,-0.494671905389439,-0.194941226150487),
(0.,0.,-1.),(0.704281248897976,0.69890544754268,-0.124575671163649),(0.897400580143888,
0.440968842241456,0.0147877966459914),(-0.964398861305188,-0.260622681766194,
-0.044840317374586),(0.,0.,-1.),(0.463749363436447,-0.885966437238053,0.),
(0.750720329663822,-0.66031598339477,0.0200446676909208),(0.,0.,-1.),(0.,
0.,-1.),(-1.,0.,0.),(0.,-1.,0.),(-0.797799063969068,-0.602923422608608,
0.),(0.,0.,-1.),(-0.97296534191376,-0.230951171104715,0.),(0.706936454494588,
0.692960261214171,-0.141587166383854),(0.,0.,-1.),(0.893963570724352,0.446980364446219,
0.0322131652790051),(-0.795452843796066,0.605992017817228,-0.00533363277292923),
(0.,0.,-1.),(-0.982447189967803,0.186540930962529,0.),(-0.982447189967803,
0.186540930962529,0.),(-0.796817052592277,0.604220642396597,0.),(0.,0.,
-1.),(0.,0.,-1.),(0.797306361777609,-0.603105664199814,-0.0237933452682142),
(0.637711042066745,0.759394200902139,0.129015791523164),(0.,0.,-1.),(0.879365858858045,
0.319198289047559,-0.353310258192377),(-0.97296534191376,-0.230951171104715,
0.),(0.,0.,-1.),(-0.979577081720517,0.201068995541122,0.),(0.,0.,-1.),(0.808748514413563,
0.492013814715903,0.322254940322968),(0.994197813347296,0.0798237969936068,
-0.0721031855674879),(-0.994711415451211,-0.0691678532172632,-0.0759276501174939),
(0.,0.,-1.),(-0.975282639821538,0.0218113236603819,-0.219881874248228),
(0.,0.,-1.),(0.964218435218374,0.261550230462918,0.0432930263417226),(0.,
0.,-1.),(0.999001441754679,0.0061890573303307,0.0442472026396588),(0.875597674796402,
-0.424196607186586,-0.231053998758998),(0.421988296926842,0.906601277992031,
0.),(0.,0.,-1.),(0.270256193655117,0.962788444982099,0.),(0.573295203442733,
-0.818913853111341,0.0266966457048918),(0.,0.,-1.),(0.,0.,-1.),(0.422943909685157,
0.906148625483643,-0.00362184957405635),(0.,0.,-1.),(0.5966599480028,-0.793153972555306,
0.122080638387227),(0.860963388328741,-0.433230759459438,-0.266557973085955),
(-0.838349391664167,-0.545133284157482,0.),(0.,0.,-1.),(-0.988487495030492,
-0.151302584803907,0.),(0.,0.,-1.),(0.571746836393245,0.819503439110013,
-0.0389829239690671),(0.888708429092578,0.429666765507584,0.159949362856036),
(0.,0.,-1.),(0.998579848355195,0.0501716226141869,0.0179191166963107),(0.929277819371172,
-0.17171412953644,-0.327042798640029),(0.963818458319184,-0.115915623303669,
0.240036554877279),(0.570467947359335,0.82064706255447,-0.0332373247471519),
(0.,0.,-1.),(0.887045390539401,0.447094999382873,0.115137034222838),(0.811618147561283,
-0.503867269086428,-0.295624352333459),(0.963818458319184,-0.115915623303669,
0.240036554877279),(0.929277819371172,-0.17171412953644,-0.327042798640029),
(0.,0.,-1.),(0.,0.,-1.),(-0.877214329126934,-0.480098969770174,0.),(-0.535542503737802,
-0.844508275086897,0.),(-0.999840208942753,0.0178761455943754,0.),(0.,0.,
-1.),(0.,0.,-1.),(0.993950813019795,-0.0123159310545066,0.109133400659691),
(0.911731550394078,-0.36168168930116,-0.194761227250881),(0.,0.,-1.),(0.915415038736174,
-0.358206462327259,-0.183584959086085),(0.761681652125104,-0.644602432438298,
0.0657933500484819),(0.,0.,-1.),(0.879103852294188,0.475310290569578,0.0354477722880005),
(0.999720055861817,0.0236603023574393,0.),(0.93201086747004,0.362430220573798,
-0.000279522041735584),(0.,0.,-1.),(0.,0.,-1.),(-0.724894689125541,0.688859702463125,
0.),(-0.855526997778832,0.40483172146644,0.322776754686667),(0.879365858858045,
0.319198289047559,-0.353310258192377),(0.,0.,-1.),(0.997897449264376,0.055474621254831,
-0.0335148795057497),(0.808748514413563,0.492013814715903,0.322254940322968),
(0.76463998512632,-0.639515861097721,0.0796564909499613),(0.914276319070977,
-0.359300583952104,-0.187087954603448),(0.,0.,-1.),(0.929277819371172,-0.17171412953644,
-0.327042798640029),(0.998004116984815,0.0336392424432433,0.0534432769317501),
(0.,0.,-1.),(0.,0.,-1.),(-0.989771064989908,-0.142628370100157,0.00322287935166975),
(0.,0.,-1.),(-0.912221397346816,-0.407922933434288,-0.0380920280503353),
(0.986174063134596,0.125710088118246,-0.107970787465427),(0.,0.,-1.),(0.,
0.,-1.),(-0.855526997778832,0.40483172146644,0.322776754686667),(-0.889316960163784,
0.188219752242434,-0.416759726018293),(-0.993803501801622,0.108933749554974,
0.022091582440545),(0.886924920307646,-0.416029966490017,-0.200706882591483),
(0.996184175843975,-0.019762234131568,0.0850090695172546),(0.,0.,-1.),(0.,
0.,-1.),(-1.,0.,0.),(0.,-1.,0.),(0.873549784925028,0.486734807936968,0.),
(0.,0.,-1.),(0.999553249605432,0.0152063261005529,0.0257306985864145),(0.,
0.,-1.),(-0.999489340854676,0.0121747085646337,-0.0295437639655417),(0.908571162678486,
-0.364523758932613,-0.204011939657222),(0.991817425436765,-0.0180317396177189,
0.126384536104485),(0.,0.,-1.),(0.,0.,-1.),(0.,1.,0.),(-1.,0.,0.),(-1.,
0.,0.),(0.,-1.,0.),(0.,0.,1.),(0.,0.,1.),(0.0407371372170083,-0.999169898291258,
0.),(-1.,0.,0.),(0.,0.,1.),(0.,1.,0.),(0.,0.,1.),(0.0748683162241208,0.997193429191761,
-1.59429291035069E-6),(0.0407371372170083,-0.999169898291258,0.),(0.,0.,
1.),(0.,0.,1.),(0.0748684968445433,0.997193415632213,0.),(-0.998458007906297,
0.0554272583806487,-0.00307009384128965),(-0.889316960163784,0.188219752242434,
-0.416759726018293),(0.,0.,-1.),(0.,0.,-1.),(-0.990149612201138,-0.140013375996499,
0.),(0.,0.,-1.),(0.990117292073374,0.0637103944036756,-0.124934917385884),
(-0.889316960163784,0.188219752242434,-0.416759726018293),(-0.855526997778832,
0.40483172146644,0.322776754686667),(-0.817962760819293,0.575271172502917,
0.),(0.,0.,-1.),(0.,0.,-1.),(0.961558481242266,-0.269431056723299,-0.0530301124271221),
(0.,0.,-1.),(0.991409551786365,-0.0804770297421733,-0.103104550387631),
(-0.947044073108138,-0.32015062849514,0.0247204098856499),(0.,0.,-1.),(0.,
0.,-1.),(0.973324667503266,0.229432106797757,0.),(-0.880044286914617,-0.474510017336328,
-0.0190340882739572),(0.,0.,-1.),(-0.535542503737802,-0.844508275086897,
0.),(0.,0.,-1.),(0.939721617262515,0.341940465650855,0.),(0.681101715473078,
0.732188809788589,0.),(-0.744691362955277,0.667161206310436,0.0181851239812892),
(0.,0.,-1.),(0.,0.,-1.),(0.669849193812396,-0.708038073129642,0.223571341069796),
(0.935812575163047,-0.33644473217545,-0.105165423776532),(-0.535542503737802,
-0.844508275086897,0.),(0.,0.,-1.),(-0.0441552780354481,-0.999024680086339,
0.),(0.,0.,-1.),(0.681101715473078,0.732188809788589,0.),(0.277541253617788,
0.960713720387227,0.),(-0.535542503737802,-0.844508275086897,0.),(-0.0441552780354481,
-0.999024680086339,0.),(0.,0.,-1.),(0.,0.,-1.),(-0.674676505293714,0.733045378110726,
0.0863486353983864),(-0.408565289454939,0.912081995648557,-0.0343633157065358),
(-0.687329245187532,0.712599163441991,0.140644733181557),(-0.421892041806887,
0.904592909764638,-0.0609817404110523),(0.,0.,-1.),(0.,0.,-1.),(-1.,0.,
0.),(0.,-1.,0.),(-1.,0.,0.),(0.,1.,0.),(0.,0.,-1.),(0.,-1.,0.),(1.,0.,0.),
(0.,0.,-1.),(0.,0.,-1.),(0.,1.,0.),(1.,0.,0.),(0.,-1.,0.),(0.,0.,-1.),(1.,
0.,0.),(0.,1.,0.),(0.,0.,-1.),(1.,0.,0.),(0.998591585052209,-0.00749802772542271,
-0.0525226222036404),(0.,0.,-1.),(0.,0.,-1.),(0.975606071480946,-0.21481022314189,
-0.0452698721364062),(0.974118610336982,0.22559943331391,-0.014065158498526),
(0.,0.,-1.),(0.,0.,-1.),(-0.990668577564949,0.136292954423335,0.),(0.,0.,
-1.),(-0.981949042538967,-0.189145652492481,0.),(0.939721617262515,0.341940465650855,
0.),(0.,0.,-1.),(0.681101715473078,0.732188809788589,0.),(0.935862798613423,
-0.338093131762334,-0.0992665927016115),(0.661899528639696,-0.727168821746025,
0.181973950517775),(0.,0.,-1.),(0.,0.,-1.),(0.611783142348545,-0.791025528499643,
0.),(0.179986963803415,-0.983668995577693,0.),(0.179986963803415,-0.983668995577693,
0.),(0.,0.,-1.),(-0.275655340731976,-0.961256538664855,0.),(0.,0.,-1.),
(-0.275655340731976,-0.961256538664855,0.),(-0.672458558226794,-0.740134776555961,
0.),(-0.672458558226794,-0.740134776555961,0.),(0.,0.,-1.),(-0.940008370135887,
-0.341151379997903,0.),(-0.37775839193727,0.925578499950891,0.0245568269453928),
(-0.127729455971844,0.97998703746871,-0.152678068072786),(0.,0.,-1.),(0.,
0.,-1.),(0.179986963803415,-0.983668995577693,0.),(0.630893524247484,-0.773574368349926,
0.0596326898152502),(-0.365037657096753,0.929758050740114,0.0479319933369921),
(0.,0.,-1.),(-0.090166216008193,0.961772970754282,-0.258578433395453),(0.681101715473078,
0.732188809788589,0.),(0.,0.,-1.),(0.277541253617788,0.960713720387227,
0.),(0.,0.,-1.),(-0.177873377005328,0.984053383588878,0.),(0.157648235778509,
0.986421114891193,0.0460479951001191),(-0.161136195483472,0.985532390766967,
-0.0525455350554069),(0.,0.,-1.),(0.172308979615656,0.98504295111625,0.),
(-0.0441552780354481,-0.999024680086339,0.),(0.367096011555514,-0.93018305633893,
0.),(0.,0.,-1.),(0.,0.,-1.),(0.277541253617788,0.960713720387227,0.),(-0.211130514163649,
0.977457879393784,0.),(0.,0.,-1.),(0.367096011555514,-0.93018305633893,
0.),(-0.0441552780354481,-0.999024680086339,0.),(0.277541253617788,0.960713720387227,
0.),(0.,0.,-1.),(-0.211130514163649,0.977457879393784,0.),(0.,0.,-1.),(-0.211130514163649,
0.977457879393784,0.),(-0.691046222267221,0.720842420389782,0.0533040679198484),
(0.,0.,-1.),(-0.95328738394901,0.278056923763971,-0.11801487512416),(-0.617885531730355,
0.741465331840648,0.261623071147662),(0.,0.,-1.),(-0.981184894533393,0.193070460556486,
0.),(0.,-1.,0.),(0.,0.,-1.),(-0.942827417511327,0.318734766676197,-0.0973889588238393),
(-0.886586075480714,0.121174775067424,0.446409906533295),(-0.981184894533393,
0.193070460556486,0.),(0.,0.,-1.),(-0.275655340731976,-0.961256538664855,
0.),(0.179986963803415,-0.983668995577693,0.),(0.,0.,-1.),(-0.211130514163649,
0.977457879393784,0.),(-0.704224010728207,0.709977846635991,0.),(0.126830960341842,
0.982142107831011,0.138963259619317),(0.,0.,-1.),(0.410249964098266,0.910491325796363,
-0.0519664565556746),(0.,0.,-1.),(0.0956424375679786,0.968908614741604,
0.22818549562924),(0.393913521018069,0.915180014090536,-0.085309318180337),
(-0.275655340731976,-0.961256538664855,0.),(0.,0.,-1.),(-0.672458558226794,
-0.740134776555961,0.),(0.367096011555514,-0.93018305633893,0.),(0.,0.,
-1.),(0.732497774428945,-0.680769425324495,0.),(0.,0.,-1.),(1.,0.,0.),(0.,
1.,0.),(0.367096011555514,-0.93018305633893,0.),(0.732497774428945,-0.680769425324495,
0.),(0.581745244427123,-0.680406375007468,-0.445667628884602),(0.,0.,-1.),
(0.,0.,-1.),(0.45686333776502,0.888074318188262,0.0509891751321627),(0.712766517822007,
0.676341299778882,-0.185812640273216),(-0.650141103304451,0.73777025641094,
0.181690931390116),(-0.95121756000633,0.272047554498111,-0.145517289787851),
(0.,0.,-1.),(0.,0.,-1.),(-0.672458558226794,-0.740134776555961,0.),(-0.940008370135887,
-0.341151379997903,0.),(0.470941017118471,0.87807188793188,0.0848782541005866),
(0.,0.,-1.),(0.717185525674815,0.657036531338509,-0.232266911653813),(-1.,
0.,0.),(0.,0.,-1.),(0.,-1.,0.),(0.,0.,-1.),(0.,-1.,0.),(-0.797881902902161,
0.602813792991854,0.),(-1.,0.,0.),(0.,1.,0.),(0.,0.,-1.),(0.,0.,-1.),(-0.868502605404662,
0.470726590968021,-0.155305186522986),(0.,0.,-1.),(-0.800594345404601,0.588089846624759,
-0.11488701581574),(0.,0.,-1.),(0.,-1.,0.),(-0.796656256244553,0.604278386076542,
-0.0136543585401051),(0.,1.,0.),(1.,0.,0.),(0.,0.,-1.),(0.,0.,-1.),(-0.990847517727785,
0.134704027880196,-0.00871903008009485),(-0.981949042538967,-0.189145652492481,
0.),(0.,0.,-1.),(0.,0.,-1.),(0.703402920870845,0.700717092160831,-0.11924717046552),
(0.924368142390391,0.375511911796836,0.0673375187575439),(0.,0.,-1.),(0.892687981102629,
-0.450675236056867,0.),(0.581745244427123,-0.680406375007468,-0.445667628884602),
(0.732497774428945,-0.680769425324495,0.),(0.,0.,-1.),(0.95813711212694,
-0.286221332782172,0.00711498597641353),(0.581745244427123,-0.680406375007468,
-0.445667628884602),(0.817339061665155,-0.576156973642014,0.),(0.,0.,-1.),
(0.,0.,-1.),(0.706510633081542,0.693966100747006,-0.138757977632694),(0.922710835337739,
0.37756213077538,0.0777917203479045),(0.,0.,-1.),(0.999527859589311,-0.0280913005827523,
-0.0124473586105872),(0.,0.,-1.),(0.976812049874975,0.201812529968712,0.0714837181928585),
(0.,0.,-1.),(1.,0.,0.),(0.,1.,0.),(0.884122681583506,-0.467193031699623,
0.00759967373675717),(0.,0.,-1.),(0.,0.,-1.),(-1.,0.,0.),(0.,-1.,0.),(0.955824032408607,
0.290870458120263,0.042365028774443),(0.,0.,-1.),(0.,0.,-1.),(0.,1.,0.),
(-1.,0.,0.),(-0.981184894533393,0.193070460556486,0.),(-0.886586075480714,
0.121174775067424,0.446409906533295),(0.,0.,-1.),(0.,-1.,0.),(0.,0.,-1.),
(0.,-1.,0.),(0.989089733807774,-0.146639939632007,0.0140792961752075),(-0.886586075480714,
0.121174775067424,0.446409906533295),(-0.942582516868743,0.314194924395419,
-0.113224327675381),(0.,0.,-1.),(0.,-1.,0.),(0.989591199790528,-0.143907113434823,
0.),(0.,0.,-1.),(0.,0.,-1.),(0.977659502232855,-0.203856851595958,-0.0512277439595978),
(-0.925227902353305,0.379044692799689,0.0166868081817179),(0.,0.,-1.),(0.,
0.,-1.),(0.949905556602721,-0.307163435776773,-0.0577066482918907),(0.984976705852405,
-0.120539734082775,-0.123657031483853),(0.,0.,-1.),(0.,0.,-1.),(0.99463024048708,
0.0605421912907086,-0.083936450856183),(-0.0914583615938799,0.995808901212445,
1.89901513264743E-5),(0.,0.,1.),(0.,0.,1.),(-0.0913055720794544,0.99582292219464,
1.17886144915549E-5),(0.189763129382343,-0.981829901116798,0.),(0.,0.,1.),
(0.,0.,1.),(-0.0905514118003639,0.995891576008486,0.000640824698848239),
(0.,0.,1.),(0.189763641305877,-0.981829802171129,2.63341375040722E-6),(0.16272578357111,
0.98667061778123,-0.00118801025860603),(0.,0.,1.),(0.,0.,1.),(-0.223571015959688,
-0.974687642695214,0.),(0.,0.,1.),(0.287713901923512,-0.957716357058704,
-0.000300103569155537),(0.160552159403475,0.98702639035703,-0.00138161125210749),
(0.,0.,1.),(0.,0.,1.),(0.287172121063438,-0.957878928924127,-0.000361119223739948),
(-0.223571071207902,-0.974687630022372,0.),(0.,0.,1.),(0.,0.,-1.),(0.87195689082203,
-0.472482814299138,-0.128262117322084),(0.94072224612562,-0.315615052745643,
0.124212697115603),(-0.867321515523866,0.493308562370109,0.0663328802459199),
(0.,0.,-1.),(-0.0910834585446197,0.995843082936839,0.000598119053678075),
(0.,0.,1.),(0.,0.,1.),(-0.138651677334099,0.990341194174023,0.000177466645507167),
(0.,0.,1.),(-0.140791220056948,0.990039291450932,0.000183679647085957),
(0.976427372573167,-0.204080252865692,0.0702910839305864),(0.,0.,-1.),(0.,
0.,-1.),(-0.921411351807952,-0.388588626647052,0.),(0.,-1.,0.),(0.931091511556903,
-0.30029955426359,0.207096052149168),(0.876778504543457,-0.470863558997003,
-0.0977085604193181),(0.,0.,-1.),(0.,0.,-1.),(0.838999326316006,-0.544110048282262,
-0.00493819800763163),(0.839330598704876,-0.54362132599606,0.),(0.,0.,-1.),
(0.,0.,-1.),(-1.,0.,0.),(0.,-1.,0.),(0.,-1.,0.),(0.,0.,-1.),(0.999987912298056,
-0.00491683412117986,0.),(-1.,0.,0.),(0.,1.,0.),(0.,0.,-1.),(0.,0.,-1.),
(0.994459168402846,-0.105123557681043,0.),(0.,-1.,0.),(0.999987912298056,
-0.00491683412117986,0.),(0.,0.,-1.),(0.,0.,-1.),(0.,1.,0.),(1.,0.,0.),
(1.,0.,0.),(0.,0.,-1.),(-0.678032821037798,0.734587607303101,-0.0255448780038306),
(0.296068705033103,-0.955166645714939,2.85253098745343E-5),(0.,0.,1.),(0.,
0.,1.),(-0.229402689176422,0.973330788781211,-0.00125769995281885),(0.,
0.,1.),(-0.269657384077605,0.962954415055908,-0.00192086875082208),(0.,
0.,1.),(-0.263396543548741,0.964687129907337,-0.00100111823539268),(-0.227932818412876,
0.973676049753678,-0.00125715012435903),(0.,0.,1.),(0.,0.,1.),(-0.266098870658867,
0.963943959611335,-0.00185304152582456),(-0.261094969153247,0.965312564719338,
-0.00103415561664514),(0.,0.,1.),(0.,0.,1.),(-0.246646383898757,0.969105542969533,
-8.88560267447304E-5),(0.,0.,1.),(-0.246631814167834,0.969109251982485,
-7.721548165434E-5),(-0.365748475563137,-0.930710900577594,0.00229612048579995),
(0.,0.,1.),(0.,0.,1.),(0.287292994623934,0.95784232306586,-0.00090519821521672),
(-0.371242104994777,-0.928532799748896,0.00247775493613218),(0.,0.,1.),
(1.,0.,0.),(0.,0.,-1.),(-0.686072298770842,0.727533367522956,0.),(-0.657613588925066,
0.748646496839768,-0.0840998836541292),(0.,0.,-1.),(-0.342639342652841,
0.901096848556466,0.265749412770819),(0.,0.,-1.),(0.732398212146779,-0.680876537152076,
0.),(0.978914277055468,-0.204271481555725,0.),(0.,0.,-1.),(0.179312675175063,
-0.983792134813835,0.),(0.732398212146779,-0.680876537152076,0.),(-0.651304753284308,
0.75210045033771,-0.100732472177942),(-0.342639342652841,0.901096848556466,
0.265749412770819),(-0.222637982560398,0.96789211082389,-0.116692718394552),
(0.,0.,-1.),(0.,0.,-1.),(0.11163161734886,0.972794153659246,0.203002257658549),
(-0.222637982560398,0.96789211082389,-0.116692718394552),(-0.342639342652841,
0.901096848556466,0.265749412770819),(0.784791959888504,-0.61975929173701,
0.),(0.,0.,-1.),(1.,0.,0.),(1.,0.,0.),(0.784791959888504,-0.61975929173701,
0.),(0.,0.,-1.),(0.,0.,-1.),(0.994459168402846,-0.105123557681043,0.),(0.,
0.,-1.),(-1.,0.,0.),(0.,-1.,0.),(0.,0.,-1.),(0.,1.,0.),(-0.921411351807952,
-0.388588626647052,0.),(0.978914277055468,-0.204271481555725,0.),(0.732398212146779,
-0.680876537152076,0.),(0.,0.,-1.),(0.,0.,-1.),(-0.998049718858504,-0.0624240233120222,
0.),(0.281738004477429,0.959490860256115,-0.000992934064330591),(0.,0.,
1.),(0.,0.,1.),(0.693637457980597,-0.72032411099904,0.000501995675736491),
(0.,0.,1.),(0.415518288343325,-0.909584823990259,-4.34091476402696E-6),
(0.,0.,1.),(0.604760712825689,-0.796407232653348,0.),(0.732398212146779,
-0.680876537152076,0.),(0.179312675175063,-0.983792134813835,0.),(0.,0.,
-1.),(0.467783101950951,0.883838787012172,-0.00282278266959475),(0.,0.,
1.),(0.,0.,1.),(0.467355488806842,0.884065104805536,-0.00278164471023514),
(0.295909933115732,-0.955215845411156,-1.26052976689097E-5),(0.,0.,1.),
(0.,0.,1.),(-0.326399704252058,0.945231840906859,0.),(0.,0.,1.),(0.415517223863444,
-0.90958531027761,0.),(0.,0.,-1.),(-0.469954781145684,-0.882690491439844,
0.),(0.179312675175063,-0.983792134813835,0.),(-0.222637982560398,0.96789211082389,
-0.116692718394552),(0.108828268893349,0.971533128473282,0.210427631666078),
(0.,0.,-1.),(0.179312675175063,-0.983792134813835,0.),(-0.469954781145684,
-0.882690491439844,0.),(0.,0.,-1.),(-0.469954781145684,-0.882690491439844,
0.),(0.,0.,-1.),(-0.900551796291352,-0.434748734554131,0.),(0.,0.,-1.),
(-0.947147381896722,-0.271012291447821,0.171651317648269),(-0.326385584269062,
0.945236716438653,-1.66618010962721E-5),(0.,0.,1.),(0.,0.,1.),(-0.474674127427238,
0.880161617402886,-1.3876806019158E-6),(0.,0.,1.),(-0.474666589072846,0.880165682822245,
0.),(0.616485638960197,-0.787366151412169,-2.37955202213788E-5),(0.,0.,
1.),(0.,0.,1.),(-0.534038006145152,0.845460470827977,-1.6119757675822E-5),
(0.,0.,1.),(-0.542901060386197,0.839796444342395,-0.000608852538851596),
(0.100211151255511,0.967287098413279,0.23305234263415),(0.,0.,-1.),(0.452916745163773,
0.890610607890443,-0.0409776410163923),(0.532574826385714,0.84635389160542,
-0.00701031130469247),(0.,0.,1.),(0.,0.,1.),(0.535848233564639,0.844282798593567,
-0.00729565519130111),(0.,0.,1.),(-0.396057953188294,-0.91821358936823,
0.00467995895402431),(0.586277875773831,0.810096408842917,-0.00469688811177381),
(0.,0.,1.),(0.,0.,1.),(-0.466362316499002,-0.884591116485672,0.00217861981943227),
(0.589798779387207,0.807537768365172,-0.00448915327869022),(0.,0.,1.),(0.,
0.,-1.),(0.0923341603653978,0.962925367225676,0.253474140659187),(0.430791825225577,
0.898895283880553,-0.0800354417499892),(-0.469954781145684,-0.882690491439844,
0.),(0.,0.,-1.),(-0.924441249207599,-0.36698606858569,0.10358379326667),
(0.,1.,0.),(0.,0.,-1.),(0.934069438574299,0.357091422357769,0.),(0.,1.,
0.),(0.,0.,-1.),(-0.921411351807952,-0.388588626647052,0.),(0.,1.,0.),(0.934069438574299,
0.357091422357769,0.),(0.,0.,-1.),(0.934069438574299,0.357091422357769,
0.),(0.,0.,-1.),(-0.940986932062123,0.338442895756898,0.),(-0.921411351807952,
-0.388588626647052,0.),(0.,0.,-1.),(0.,-1.,0.),(-0.398519865556112,-0.917148277689964,
0.00457749794878222),(0.,0.,1.),(0.,0.,1.),(-0.463850644112365,-0.885910494653845,
0.00227495466404833),(0.,0.,-1.),(0.499389945378173,0.865073551705467,0.0475124467363362),
(0.818716522748985,0.55694920830085,-0.139681189681597),(0.728348645991482,
0.685206623016322,-0.000365591223390552),(0.,0.,1.),(0.,0.,1.),(-0.615484650258018,
-0.788148872546783,0.),(0.729016169781539,0.684496384160572,-0.000352516888303856),
(0.,0.,1.),(0.,0.,1.),(-0.69649220120074,-0.717564362016363,5.53149646729039E-6),
(-0.995704764332613,-0.0831128792996696,0.0407954847973908),(0.,0.,-1.),
(0.,0.,-1.),(0.794460283406635,0.607316110513667,0.),(-0.664321951583052,
0.745293845158715,-0.0566871150564426),(-0.535385739179606,0.844607666376732,
-1.34446083121821E-5),(0.,0.,1.),(0.,0.,1.),(-0.543633427387561,0.839322555458571,
-0.00058696281679401),(-0.555410095135767,0.831575753414224,-0.00118006561025288),
(0.,0.,1.),(0.,0.,1.),(-0.61548369745839,-0.788149616610088,0.),(0.,0.,
1.),(-0.555368773409499,0.831603416485171,-0.00113278939776405),(0.51966604137817,
0.84966871879779,0.0895001325969131),(0.,0.,-1.),(0.824429998470478,0.519951538238803,
-0.223529808985445),(0.,0.,-1.),(-0.263139646953283,0.956287935507361,0.127557479609665),
(-0.596487163482075,0.760509362642426,-0.256570795560056),(-1.,0.,0.),(0.,
0.,-1.),(0.,-1.,0.),(0.,-1.,0.),(0.999999701964035,-0.000772056890379634,
0.),(0.,0.,-1.),(0.,0.,-1.),(0.921949499114154,-0.356705850997037,-0.150897504776058),
(0.99996502473497,-0.00147655941313145,0.00823219770723604),(0.,-1.,0.),
(0.,0.,-1.),(0.999999571564267,-0.000810349850015404,0.000447442065634107),
(0.704717461584001,-0.709487866822879,0.000515916392249969),(0.,0.,1.),
(0.,0.,1.),(-0.655763433848258,0.754966018651615,0.000793415949993502),
(0.,0.,1.),(-0.604450266044222,0.796642835072464,-0.000263071808280718),
(0.713829212621788,-0.700319006502876,0.00106973762353497),(0.,0.,1.),(0.,
0.,1.),(0.803076897881846,0.595875307355044,0.000337894959663211),(0.,0.,
1.),(-0.66496990938174,0.74687004116905,0.00040152332565514),(0.,0.,1.),
(-0.673456793031531,0.739226580883637,-0.000100173720813055),(0.7137452226382,
-0.700404675612518,0.00102349463580641),(0.,0.,1.),(0.,0.,1.),(-0.672091092828532,
0.740468468682636,-9.9132947708657E-5),(0.806079470616028,0.589288069848488,
-0.0545477569257229),(0.,0.,-1.),(-0.67805489844879,0.735011261607332,0.),
(0.934069438574299,0.357091422357769,0.),(0.,0.,-1.),(-0.940986932062123,
0.338442895756898,0.),(0.,0.,-1.),(-1.,0.,0.),(0.,-1.,0.),(0.,0.,-1.),(-0.934161305171387,
0.356851027629866,0.),(0.,0.,-1.),(0.,1.,0.),(-0.926975607205409,0.375121611808974,
0.),(0.803057647237075,0.595901246766082,0.000345422469908308),(0.,0.,1.),
(0.,0.,1.),(-0.696249872300867,-0.717799494923413,-2.02168072049167E-5),
(-0.696481727313967,-0.717574528174949,5.6790977368457E-6),(0.,0.,1.),(0.,
0.,1.),(-0.605406072314114,0.79591672313502,-0.000239664785322807),(0.,
0.,-1.),(0.529059225986062,-0.848584901703435,0.),(0.916387680144425,-0.400291918079194,
0.),(0.,0.,-1.),(-0.581477989095993,0.759639971061449,-0.29125669530955),
(-0.256549301110683,0.960826430896276,0.104857168523395),(-0.656360648720174,
0.754446792142512,0.000858275891534256),(0.,0.,1.),(0.,0.,1.),(-0.665167969797081,
0.746693631609927,0.000438713126321153),(-0.673414349741653,0.739265247098198,
-8.94140218164828E-5),(0.,0.,1.),(0.99996782809517,-0.00144725456184957,
0.00788975467690643),(0.920763898365306,-0.349104519460009,-0.17412604044117),
(0.,0.,-1.),(0.919354216867249,-0.392233058957865,-0.0306765609050818),
(0.529059225986062,-0.848584901703435,0.),(0.,0.,-1.),(0.529059225986062,
-0.848584901703435,0.),(0.,0.,-1.),(0.192263856868038,-0.981343267843738,
0.),(0.,0.,-1.),(0.192263856868038,-0.981343267843738,0.),(-0.238659330925231,
-0.971103353800367,0.),(-0.238659330925231,-0.971103353800367,0.),(0.,0.,
-1.),(-0.742335395504453,-0.670028477440509,0.),(0.,0.,-1.),(-0.742335395504453,
-0.670028477440509,0.),(-0.992278063361322,-0.124033241398845,0.),(0.,0.,
-1.),(-0.998067648849847,-0.0621366906049796,0.),(0.804688645468183,0.593697031297624,
0.000137415315514094),(0.,0.,1.),(0.,0.,1.),(-0.800945773665093,-0.598736394787153,
0.000772790597084806),(0.,0.,1.),(-0.706597083919774,-0.707614969868277,
0.0012709895316645),(0.,0.,1.),(-0.720914129554008,-0.693019249849961,0.00267154389535977),
(0.77861919058958,-0.627496706734889,-0.000197692934964917),(0.,0.,1.),
(0.,0.,1.),(-0.836182326583901,0.548451560833959,-4.61251408388889E-5),
(0.,0.,1.),(-0.758777276352332,0.651350170715674,0.),(0.,0.,1.),(-0.835824841892168,
0.548996205111089,-2.1202714993073E-5),(-0.696266177772639,-0.717783677905694,
-3.77101539723264E-5),(0.,0.,1.),(0.,0.,1.),(0.807325219445009,0.590106747231161,
0.000130078160262693),(0.772806150457535,-0.634642146203472,-8.78953547868334E-6),
(0.,0.,1.),(0.,0.,1.),(0.844703506885121,-0.535234484840874,-0.000178025568141621),
(0.,0.,1.),(0.918616024986584,-0.395150631537673,-0.000759627030228598),
(0.,0.,1.),(0.874347699230444,0.485300011176759,1.50550648047699E-6),(0.,
0.,1.),(0.928054242592083,0.372443808089744,-0.00096572379337301),(0.,0.,
1.),(0.949412313072305,-0.313995524910826,-0.00480313675329074),(0.,0.,
1.),(0.956734870547889,-0.290912458034089,-0.00532252179684825),(0.,0.,
1.),(0.962023031779991,0.272967565434763,-0.000628128531925642),(0.,0.,
1.),(0.989188022662303,-0.146640437815137,-0.00190730669472772),(0.,0.,
1.),(0.993988344297258,0.109465518326703,-0.00211463913294183),(0.,0.,1.),
(0.99998952137896,-0.00361035163114486,-0.00281469241278209),(-0.672194971836825,
0.740374170462129,-8.68896102894783E-5),(0.,0.,1.),(0.,0.,1.),(0.851171743557951,
-0.524887209532132,-0.000283263287298731),(0.920866786607278,-0.389876427693418,
-0.000855834450004419),(0.,0.,1.),(0.,0.,1.),(-0.900012513374353,0.435864056524026,
0.),(-0.758777313792811,0.651350127097786,-1.75044691689166E-6),(0.,0.,
1.),(0.529059225986062,-0.848584901703435,0.),(0.,0.,-1.),(0.192263856868038,
-0.981343267843738,0.),(-0.219707370259321,0.975455232140681,-0.0146888237481126),
(0.,0.,-1.),(0.163236209131609,0.986459112184903,0.015885843248493),(0.192263856868038,
-0.981343267843738,0.),(0.,0.,-1.),(-0.238659330925231,-0.971103353800367,
0.),(0.,0.,-1.),(-0.20930163872272,0.976744529259139,-0.0465075111173229),
(0.164898813487135,0.98609043849289,0.0208333488290656),(0.872267638138725,
0.489028800142177,-9.34848155105327E-6),(0.,0.,1.),(0.,0.,1.),(-0.870794763634823,
-0.491646426529817,-0.000520486920934095),(0.932589177725127,0.360938892801025,
-0.000735699354941055),(0.,0.,1.),(0.,0.,1.),(-0.87705344420717,-0.480392814134183,
-1.15143958571868E-5),(-0.841385306625992,0.540435675639677,0.000215150578783338),
(0.,0.,1.),(0.,0.,1.),(0.950815678678485,-0.309714843945645,-0.00512451157637088),
(0.,0.,1.),(-0.954365350158779,0.298641166227965,-0.000481923554206966),
(0.,0.,1.),(-0.949819736523574,0.312797806507769,1.88206451404828E-5),(0.957561972292188,
-0.288180314417134,-0.00521302238029264),(0.,0.,1.),(0.,0.,1.),(-0.702106819410387,
-0.712069809004803,0.00161283641236149),(-0.841581111723377,0.540130723614762,
0.000183841885394531),(0.,0.,1.),(0.,0.,1.),(-0.899965363079801,0.435961402719494,
2.4402720327431E-5),(0.966011041706499,0.258500477388469,-0.000412905629735723),
(0.,0.,1.),(0.,0.,1.),(-0.933146406514204,-0.359496570233471,0.),(0.993997212640557,
0.109389787081038,-0.00184817346823632),(0.,0.,1.),(0.,0.,1.),(-0.975885977937773,
-0.218276309006174,0.00141809417110535),(0.989401047472213,-0.145196361430966,
-0.00189311597523144),(0.,0.,1.),(0.,0.,1.),(-0.978579426243805,0.205869430413337,
0.000290092458137733),(-0.715050007955714,-0.699067314721233,0.00289406478469908),
(0.,0.,1.),(0.,0.,1.),(-0.799608197670241,-0.600521473840986,0.000830466374135106),
(-0.238659330925231,-0.971103353800367,0.),(0.,0.,-1.),(-0.742335395504453,
-0.670028477440509,0.),(0.99995067125985,-0.00959257092088399,-0.00257635985527442),
(0.,0.,1.),(0.,0.,1.),(-0.998218281928232,0.0596608011428613,-0.00092218828929005),
(0.,0.,1.),(-0.992971744399912,0.11834069985677,0.00161045981200624),(0.,
0.,1.),(-0.996175770334632,0.0873711356616841,0.000345327945468313),(0.,
-1.,0.),(0.,0.,-1.),(0.919951054836788,-0.392033234183891,0.),(0.919951054836788,
-0.392033234183891,0.),(0.,-1.,0.),(0.,0.,-1.),(-0.874973230418746,-0.484171016368368,
-0.000522455171330052),(0.,0.,1.),(0.,0.,1.),(-0.997785132393761,-0.0665122330413706,
0.000975925107622151),(0.,0.,1.),(-0.980467534046562,-0.196659293620664,
0.00292179966397153),(0.,0.,1.),(-0.996834702200252,0.0794968772239303,
-0.000907194012992845),(0.,0.,1.),(-0.996879886354571,0.0789284800264248,
-0.000887255553233419),(0.159356512395868,0.987211337939002,0.00439046714042292),
(0.515089347939351,0.857136490670776,0.),(0.,0.,-1.),(0.,0.,-1.),(0.157868571023106,
0.987460133009492,0.),(0.515089347939351,0.857136490670776,0.),(0.,0.,-1.),
(0.,1.,0.),(-0.922482484360789,0.386038943692922,0.),(-0.934161305171387,
0.356851027629866,0.),(0.,0.,-1.),(0.,0.,-1.),(-0.742335395504453,-0.670028477440509,
0.),(-0.992278063361322,-0.124033241398845,0.),(0.,0.,-1.),(0.515089347939351,
0.857136490670776,0.),(0.945465694333275,0.325721692306327,0.),(0.719130099462268,
0.369403082852996,0.588551834952616),(-0.880810835578114,-0.473468339110968,
-6.15441824709922E-5),(0.,0.,1.),(0.,0.,1.),(-0.93311728037952,-0.359572163342722,
-2.01534760790232E-5),(-0.955256424136679,0.295778889674471,0.000112109512561351),
(0.,0.,1.),(0.,0.,1.),(-1.,0.,0.),(-0.978322846164521,-0.207080985509669,
0.00136898243045033),(0.,0.,1.),(0.,0.,1.),(-0.959383490837396,0.28210488813148,
-0.000386782856320694),(-0.978904787034906,0.204316698207633,0.000323656727064489),
(0.,0.,1.),(-0.998067648849847,-0.0621366906049796,0.),(0.,0.,-1.),(0.,
0.,-1.),(0.999263282770334,0.038378271288002,0.),(0.,0.,-1.),(0.719130099462268,
0.369403082852996,0.588551834952616),(0.997054216585891,0.0766999947085658,
0.),(0.,0.,-1.),(0.,1.,0.),(0.919951054836788,-0.392033234183891,0.),(-0.926975607205409,
0.375121611808974,0.),(0.,1.,0.),(0.,0.,-1.),(0.,0.,-1.),(0.515089347939351,
0.857136490670776,0.),(0.945465694333275,0.325721692306327,0.),(-1.,0.,
0.),(0.,0.,-1.),(0.,-1.,0.),(0.,0.,-1.),(0.,-1.,0.),(1.,0.,0.),(0.,-1.,
0.),(1.,0.,0.),(0.,0.,-1.),(0.919951054836788,-0.392033234183891,0.),(0.,
1.,0.),(0.,0.,-1.),(-0.99361022289934,0.112852731212888,0.00172800686209154),
(0.,0.,1.),(0.,0.,1.),(-0.996499411902692,0.0835981078133892,0.000527681353430665),
(-0.998218038187746,0.0596650294985488,-0.000912409746231606),(0.,0.,1.),
(0.,0.,1.),(-0.996837254102612,0.0794648821518666,-0.000906276864282165),
(-0.982318931947429,-0.18719599949956,0.00267837805808895),(0.,0.,1.),(0.,
0.,1.),(-0.996874573859694,0.0789956179400103,-0.000881100635519242),(-0.997622601559006,
-0.068906805591106,0.000998499810005457),(0.,0.,1.),(0.945465694333275,
0.325721692306327,0.),(0.,0.,-1.),(0.999509946204088,0.0313028343620938,
0.),(0.719130099462268,0.369403082852996,0.588551834952616),(0.,0.,-1.),
(-0.922482484360789,0.386038943692922,0.),(0.,-1.,0.),(0.,-1.,0.),(0.,0.,
-1.),(0.929836136935325,-0.367973855659871,0.),(0.,-1.,0.),(-0.922482484360789,
0.386038943692922,0.),(0.,0.,-1.),(-0.922482484360789,0.386038943692922,
0.),(0.,0.,-1.),(0.,1.,0.),(0.,0.,-1.),(0.,-1.,0.),(0.929836136935325,-0.367973855659871,
0.),(0.,0.,-1.),(0.938343213311793,-0.345705096913105,0.),(0.,1.,0.),(0.,
0.,-1.),(0.,-1.,0.),(0.929836136935325,-0.367973855659871,0.),(0.,0.,-1.),
(-0.922217996545245,-0.386670359412349,0.),(0.,-1.,0.),(0.,-1.,0.),(0.929836136935325,
-0.367973855659871,0.),(0.,0.,-1.),(0.,0.,-1.),(0.,-1.,0.),(-0.922217996545245,
-0.386670359412349,0.),(0.,0.,-1.),(0.,-1.,0.),(0.91340143158882,0.407059976872566,
0.),(0.,-1.,0.),(0.,0.,-1.),(-0.922217996545245,-0.386670359412349,0.),
(0.,0.,-1.),(0.,1.,0.),(-0.93026660995722,-0.366884224788558,0.),(0.938343213311793,
-0.345705096913105,0.),(0.,0.,-1.),(0.,1.,0.),(0.938343213311793,-0.345705096913105,
0.),(0.,0.,-1.),(-0.93026660995722,-0.366884224788558,0.),(0.,1.,0.),(0.,
0.,-1.),(-0.93026660995722,-0.366884224788558,0.),(-0.93026660995722,-0.366884224788558,
0.),(0.938343213311793,-0.345705096913105,0.),(0.,0.,-1.),(0.,0.,-1.),(0.,
1.,0.),(0.91340143158882,0.407059976872566,0.),(0.,0.,-1.),(0.,1.,0.),(0.91340143158882,
0.407059976872566,0.),(0.91340143158882,0.407059976872566,0.),(0.,0.,-1.),
(0.,-1.,0.),(0.,0.,-1.),(0.,1.,0.),(-1.,0.,0.),(-0.922217996545245,-0.386670359412349,
0.),(0.,0.,-1.),(0.,-1.,0.),(0.,0.,-1.),(0.,-1.,0.),(-1.,0.,0.),(-1.,0.,
0.),(0.,0.,-1.),(0.,-1.,0.),(0.,0.,-1.),(0.,-1.,0.),(0.999984738437845,
-0.00552475260936345,0.),(-1.,0.,0.),(0.,1.,0.),(0.,0.,-1.),(0.,0.,-1.),
(0.994790979699786,-0.101935796989766,0.),(0.,-1.,0.),(0.999984738437845,
-0.00552475260936345,0.),(0.,0.,-1.),(0.,0.,-1.),(0.,1.,0.),(1.,0.,0.),
(0.,0.,-1.),(0.,1.,0.),(1.,0.,0.),(1.,0.,0.),(0.,0.,-1.),(-0.604827054912395,
0.796356850693204,0.),(0.99420221553919,-0.106728267461258,-0.0130779028014718),
(0.,0.,-1.),(0.,0.,-1.),(-1.,0.,0.),(0.,-1.,0.),(1.,0.,0.),(0.,0.,-1.),
(-0.604827054912395,0.796356850693204,0.),(-0.604827054912395,0.796356850693204,
0.),(-0.270588896107367,0.962372843346391,-0.0249030056976722),(0.,0.,-1.),
(0.,0.,-1.),(0.715605175932969,-0.693544095290437,0.0831012639236822),(0.968659605080501,
-0.230301738636174,-0.0930573944748213),(0.,0.,-1.),(0.401802178211938,
-0.915726492782721,0.),(0.700011549208727,-0.713841239368062,0.0203596648269573),
(0.,0.,-1.),(-0.277991536185721,0.960583523598601,0.),(-0.604827054912395,
0.796356850693204,0.),(0.,0.,-1.),(0.0262253647042137,0.990755761670488,
0.133098651243585),(-0.242435665572712,0.963403882832861,-0.114358675232282),
(0.,0.,-1.),(0.340985278001994,0.751859803132193,-0.564301228618123),(0.0262253647042137,
0.990755761670488,0.133098651243585),(0.964657393490396,-0.237492156796793,
-0.114164743438254),(0.711807806628149,-0.699212036223491,0.0665745809106149),
(0.,0.,-1.),(0.,0.,-1.),(-0.998454637439952,-0.0555728078708776,0.),(0.694266686354624,
-0.719717839307996,0.),(0.401802178211938,-0.915726492782721,0.),(0.,0.,
-1.),(0.,0.,-1.),(0.0468623120017549,-0.998901358350188,0.),(-0.489159282823829,
-0.872194471449617,0.),(-0.489159282823829,-0.872194471449617,0.),(0.,0.,
-1.),(-0.873718203957164,-0.486432420870431,0.),(0.,0.,-1.),(-0.873718203957164,
-0.486432420870431,0.),(-0.892081786272787,-0.28747282417593,0.348639444068895),
(-0.993823326050693,-0.110973855468474,0.),(0.,0.,-1.),(0.0468623120017549,
-0.998901358350188,0.),(0.401802178211938,-0.915726492782721,0.),(0.,0.,
-1.),(-0.236996341152206,0.96266650078235,-0.130789688247711),(0.0262253647042137,
0.990755761670488,0.133098651243585),(0.340985278001994,0.751859803132193,
-0.564301228618123),(0.249359935954586,0.941011545718622,0.228728863865),
(0.401802178211938,-0.915726492782721,0.),(0.0468623120017549,-0.998901358350188,
0.),(0.,0.,-1.),(0.,0.,-1.),(-0.489159282823829,-0.872194471449617,0.),
(0.0468623120017549,-0.998901358350188,0.),(0.,0.,-1.),(0.249359935954586,
0.941011545718622,0.228728863865),(0.783690081944002,0.597126120765625,
-0.171085508918784),(0.340985278001994,0.751859803132193,-0.564301228618123),
(0.,0.,-1.),(0.786406356719042,0.563349101909518,-0.25338277662387),(0.249359935954586,
0.941011545718622,0.228728863865),(-0.489159282823829,-0.872194471449617,
0.),(0.,0.,-1.),(-0.892081786272787,-0.28747282417593,0.348639444068895),
(-0.873718203957164,-0.486432420870431,0.),(-0.892081786272787,-0.28747282417593,
0.348639444068895),(0.,0.,-1.),(-0.998975247565896,-0.0452598580494579,
0.),(0.,0.,-1.),(0.759039649067505,0.651044400285786,0.),(0.973995814182946,
0.224277155934435,-0.0321233759132059),(-1.,0.,0.),(0.,0.,-1.),(0.,-1.,
0.),(0.,0.,-1.),(0.,-1.,0.),(0.999996176141142,0.0027654480821044,0.),(0.,
-1.,0.),(0.999994655665889,0.00288362197471554,0.00154057261031887),(0.,
0.,-1.),(0.,0.,-1.),(0.998416797273227,0.0549788308457179,-0.0118839000967831),
(0.769450747088987,0.636451989044051,-0.0536135565512188),(0.,0.,-1.),(0.971281733711403,
0.237932330208762,0.),(0.987650958917915,0.142797381785646,-0.0644553419328972),
(0.,0.,-1.),(-0.300506018836291,-0.943481348438253,0.139782251349369),(-0.155252720557743,
-0.57663684730137,-0.802113794354489),(-0.155252720557743,-0.57663684730137,
-0.802113794354489),(-0.246103765217193,-0.969156246676225,0.0130040868334923),
(-0.284989617066049,-0.918271242219565,0.27487968982281),(0.359246921846251,
-0.856533705401651,-0.370528893144531),(-0.192922213575651,-0.966216587294548,
0.170899168944579),(-0.155252720557743,-0.57663684730137,-0.802113794354489),
(-0.339424160421624,-0.940394373296996,-0.0212052350476447),(-0.413451686590463,
-0.893930852447923,-0.173047201356253),(-0.0996835019226062,-0.987896430359958,
0.118843772771229),(-0.20751298006691,-0.948117920303175,-0.24085425531581),
(-0.125071189753486,-0.992122511725572,-0.00707949298950785),(-0.101345117526855,
-0.976966599108774,-0.187790924645747),(0.359246921846251,-0.856533705401651,
-0.370528893144531),(-0.406689103199698,-0.905295867675628,0.122651397497365),
(0.359246921846251,-0.856533705401651,-0.370528893144531),(-0.403898256554884,
-0.880335891598867,0.248746691062921),(-0.360782648954768,-0.831169992854391,
0.423074843487073),(-0.155325383269315,-0.909249258358827,0.386186239379607),
(-0.14242746933572,-0.423470929506469,0.894643385847987),(-0.281546206025989,
-0.209164534334781,0.936473134397824),(-0.60804393318488,-0.16057292958549,
0.777495279472097),(-0.397390565950494,-0.418228645734299,0.816802018839817),
(-0.397182477798463,-0.196632314935687,0.896427248611345),(-0.382830659841089,
-0.0523996954234725,0.922331262511015),(-0.219400828147643,-0.160726838457408,
0.96230460874279),(-0.187859078854298,0.49156007024417,-0.85033973436125),
(-0.401696853689001,0.533196881213134,-0.744540612459082),(-0.191810413755517,
0.209051533685524,-0.958908870247151),(-0.24784686863707,0.62689520032504,
-0.738630041032875),(-0.414596108718923,0.369350774659396,-0.831679067846264),
(-0.446375546269235,0.596546011183446,-0.666994548878746),(-0.534435003392264,
0.549004155656902,-0.642630270233641),(-0.523432231032724,0.65966502674769,
-0.539315076742783),(-0.453516692387084,-0.848652756495303,0.27223355527782),
(-0.471344622808596,-0.881939158634115,0.00419130256273522),(-0.449040026227146,
-0.109942350609217,0.886721903636334),(-0.248133743836684,-0.193369886401358,
0.94923007337669),(-0.557925449597787,-0.227798137769124,0.798014536910216),
(-0.622358834421512,-0.238672751859252,0.745456101147095),(-0.2793411596935,
-0.446212205816768,0.850213610736281),(-0.537713947330968,-0.462780176567596,
0.704768202334508),(-0.384697869715413,-0.636718501780387,0.668279207013777),
(-0.546779603317453,-0.0359072490998269,0.836506267076399),(-0.324213931083863,
-0.52367743136719,-0.787811700070398),(-0.457612140341542,-0.39446145412419,
-0.796863407506119),(-0.603376383612158,-0.587103870577071,-0.53967210864796),
(-0.480381688886335,-0.411219122847463,-0.774682041864451),(-0.730513093947712,
-0.366021470415267,-0.576523115552176),(-0.642048876563195,-0.621734534757879,
-0.448574863755587),(-0.435345522718774,-0.577514036843245,-0.690616980024192),
(-0.560592298124861,-0.184554744449391,-0.807264406241417),(-0.36670004065092,
-0.459196567110378,-0.809116550900214),(-0.735225333752952,-0.323837060387187,
-0.595460550269828),(-0.637551823867671,-0.129496517545514,-0.759446063803474),
(-0.859026044118167,-0.257088639415005,-0.442695930645894),(-0.697612577699391,
-0.271241095147378,-0.663147766141802),(-0.430527784697252,-0.348373271189423,
-0.832635508805898),(-0.790932908489704,-0.409223683272904,-0.454929787238181),
(-0.918963778410841,0.39433930969563,0.00144319009314183),(-0.852026593771114,
0.41258494038726,-0.322217861814695),(-0.742363586594699,0.657415259884255,
-0.129234211297059),(-0.936559422814532,0.292143252288149,-0.193671804039238),
(-0.965325020684158,0.236809462695014,-0.109858467216822),(-0.0409455376401038,
0.998080979871828,0.0464523472545146),(-0.124975158818259,0.988856103378267,
-0.0809000401106298),(-0.138259868652268,0.980887766404608,0.136906531758122),
(-0.194701246171625,0.899977567812126,-0.390040769887183),(-0.209651453268421,
0.958142757662891,-0.194958262406572),(-0.0706108295963763,0.862584421412912,
0.500961302576818),(-0.209508639871866,0.952355695228574,0.221641060240965),
(-0.20041809148463,0.858805381690415,0.471472061722896),(-0.140612882087281,
0.695286288827004,-0.704843950077093),(-0.122849427665364,0.818717746176459,
-0.560900410249478),(-0.206924907149931,0.757502958612375,0.619169888233021),
(-0.147110289075111,0.63777308276117,0.756045010401862),(-0.113414140557566,
0.424309793380918,0.898386571561837),(-0.163205841134931,0.297911571809898,
-0.940538435578895),(-0.229050095322726,0.0734636631507552,-0.970638523874425),
(-0.124161199513285,0.180684313751006,0.975672678360807),(-0.114495950046948,
-0.0747480975705252,0.990607590992737),(-0.284523323278502,0.116581525148354,
0.951554111180568),(-0.204285321133351,-0.0474088307027953,0.977762706560665),
(-0.323113429223801,0.0385332350897641,0.945575434139843),(-0.2189316118747,
-0.0432724610590323,-0.974780202628182),(-0.18007652648087,-0.267803231428927,
-0.94649557518607),(-0.187924822948962,-0.65770203201758,-0.72946027856186),
(-0.17180019170353,-0.466772062306651,-0.86753013548846),(-0.181843388539801,
-0.702814437693645,0.687738938997733),(-0.188578097207666,-0.771454945548049,
-0.607696937825913),(-0.128834681132025,-0.8103004544328,0.571677180306865),
(-0.0388972937063934,-0.887679829523531,-0.458815344991199),(-0.175718236817489,
-0.862764616085693,-0.474088935201254),(-0.0570712545568281,-0.957866226398129,
0.281487413979948),(-0.27555431366632,-0.875778845028782,-0.39633475096178),
(-0.529520931298148,-0.847450741258866,0.0378790767698944),(-0.431180061494265,
-0.833136986987452,-0.346361827404916),(-0.564500946070478,-0.766149939528374,
-0.307169256349337),(-0.579862523456834,-0.803836253747155,-0.132690357795935),
(-0.271531618182374,-0.789538852705957,0.550362589930513),(-0.451987376905729,
-0.737599265437528,0.501652005621325),(-0.275212714414364,-0.570809847357585,
0.773585211844363),(-0.521178702908597,0.0648046722617008,0.850983615639905),
(-0.377826665002387,0.233297904433633,-0.896001729351037),(-0.279911310058089,
0.736281127357299,-0.616067983260799),(-0.573326362913626,0.397598270224511,
-0.716388509890207),(-0.401986433419957,0.780869505425329,-0.478173318832309),
(-0.657778800555863,0.625486820564896,-0.419634706427993),(-0.734066542902797,
0.411293896770835,-0.540355106452967),(-0.734391241486584,0.540593243695105,
-0.410400352459642),(-0.601036796784644,0.729777885500987,-0.325851203380565),
(-0.554243309392092,-0.736206346051418,0.388348516190961),(-0.54229386849995,
-0.821774297228388,0.174941031785421),(-0.727334848796504,-0.35557880975231,
0.586981880283623),(-0.687327809990729,-0.044202632763608,0.725001109564747),
(-0.723364508215356,-0.285296436472349,0.628768424454135),(-0.795180828528631,
-0.410571801702265,0.446226675118683),(-0.549376307793486,-0.616768252466356,
0.563722090382126),(-0.674627647952743,-0.527393477327357,0.516462638232727),
(-0.663933815708537,0.068584326881654,0.744639562785173),(-0.487914079914857,
-0.702080574371269,-0.518673999455677),(-0.830168417024774,-0.466047157186051,
-0.305974584979506),(-0.693790531738938,-0.681761498314155,-0.232068863671625),
(-0.754626741484403,-0.634154002419058,-0.168484961502568),(-0.334998871042914,
-0.752023010700165,-0.567659358927018),(-0.575378799721102,-0.0458446380916657,
-0.816601191518692),(-0.39413522893338,-0.15572558752082,-0.905763193503097),
(-0.778242440149264,-0.172103415909955,-0.603919794825972),(-0.942502224548331,
-0.232897558610928,-0.23968371641502),(-0.828557786846926,-0.0487643835714473,
-0.557775966450887),(-0.909783285226597,-0.0611649974810572,-0.41055233162831),
(-0.702651283259324,-0.0391540572857941,-0.710456285729169),(-0.285848752018261,
-0.158732988937393,-0.945036681400571),(-0.845308834031166,-0.520929035821586,
-0.118684096436144),(-0.890235664717017,-0.418501235844672,-0.17982540660967),
(-0.890089655433912,0.455745811289634,-0.00601338353117972),(-0.921075101659643,
0.361729375685995,0.144126735439675),(-0.882821879586923,0.359705698284235,
0.30205519287783),(-0.935013361382217,0.225730539418892,-0.273488094092566),
(-0.792816507509352,0.32704415848012,-0.514280180275989),(-0.80939238802033,
0.538828275215503,-0.233555244092342),(-0.854621165677068,0.225351891140907,
-0.467802509971875),(-0.956565856000946,0.0847401490279571,-0.278928073660392),
(-0.997393516994815,0.0622943908538331,-0.036408530935246),(-0.973996402635955,
0.197081515213772,0.111758149650319),(-0.206030927611829,0.978479050380749,
0.0114019662075289),(-0.35927450256241,0.884057537631386,-0.298938291233598),
(-0.209845624715448,0.975130381561772,-0.071313061517338),(-0.27055906496236,
0.923319226220247,0.272542471660359),(-0.223737422113308,0.751481866481546,
0.620658175081504),(-0.346750811009125,0.863779688078343,0.365579711592142),
(-0.390847008359971,0.756258035467718,0.524702201107036),(-0.240093847215846,
0.463407691214089,0.852999564040171),(-0.362381693490974,0.605426001208639,
0.708617573366009),(-0.28110026595918,0.294635141020856,0.913330594118744),
(-0.394046238635485,0.0618792626422481,-0.917005190100949),(-0.453511782593567,
0.251441591404857,0.855046308196579),(-0.42718472989256,-0.0366103627306144,
-0.903422873236755),(-0.361178186617796,0.932486956974552,-0.00428865757787476),
(-0.480129498442299,0.864336784173267,-0.1496582381647),(-0.478053222874277,
0.815363149839284,0.326570130268642),(-0.489063181471263,0.869029597036525,
0.0748649718075213),(-0.576149902167614,0.782345618515649,0.236614926455658),
(-0.554581438754867,0.615324493564681,0.560192105806526),(-0.60015352188224,
0.680841686254661,0.419845624521982),(-0.371764374893682,0.468646846325705,
0.80134972576827),(-0.538707698690637,0.461290346261875,0.704985979872676),
(-0.519363283258268,0.0499816248739763,-0.853090626591424),(-0.516768296238108,
0.23178150540302,-0.824152814565523),(-0.584110022232102,0.12609366126826,
-0.801820348030641),(-0.612580757398846,0.269461723050407,0.743058002766515),
(-0.638984598388267,0.753235110732042,-0.155998560836545),(-0.731161935854282,
0.665116600556324,-0.151730455816284),(-0.663394314194582,0.748125982304903,
0.0146798669825011),(-0.696324546405875,0.258489496978285,-0.669563519036518),
(-0.674716700690257,0.0443689885304265,-0.736741994640214),(-0.750506907597885,
0.136657717456285,-0.646578726766894),(-0.676797053430992,0.467248914179722,
0.568879776987192),(-0.765770302292889,0.536411670774222,0.354765223187765),
(-0.722700175038207,-0.59445414620361,0.352602786519167),(-0.703180544657958,
0.696558142281849,0.142631960076961),(-0.675459591313834,-0.736045071562463,
0.0446317502542374),(-0.646268539857129,-0.726571839381133,0.233303100299269),
(-0.7897591414562,0.141148322404185,0.596956991389539),(-0.757915515955409,
0.411530339347271,0.506168796421476),(-0.82445726430227,0.243001339369497,
0.511097415767138),(-0.767904086240301,0.608002931529533,0.201632709615634),
(-0.767912494719031,0.0286628759242864,0.639913150355689),(-0.738586692896937,
0.673901419678553,0.0186164881434728),(-0.790323405960422,-0.07808318857913,
0.607693944064307),(-0.854158777149928,-0.0317719858011313,0.519040773288566),
(-0.868452409816648,-0.350188002054174,0.350939845416509),(-0.785135069152613,
-0.617643270554412,0.0456038762121358),(-0.797257960067344,-0.573296255606944,
0.1889739358121),(-0.88636999110091,-0.434952045150598,0.158634666120257),
(-0.800855104987815,0.024705231878361,-0.598348353664312),(-0.872764758523467,
-0.187950825351104,0.450506563247765),(-0.873156429277907,0.0975862722400725,
-0.47757174275803),(-0.934401831318201,0.0623477333265173,0.350722080539902),
(-0.874551885513252,0.099877232591924,0.474535075579239),(-0.911448304874751,
0.0343093684425483,-0.409981529801059),(-0.936194658357112,-0.0404443966322146,
0.349147264695954),(-0.849816098908219,0.526932960105755,0.0124198868997842),
(-0.938694889276708,0.150545490726121,0.310141838628426),(-0.938880284460962,
-0.253018261242031,0.233421444877206),(-0.969011054220298,-0.247008438100255,
-0.00209959666093072),(-0.989534854343799,0.0355166210606917,0.139854716285251),
(-0.967470561977308,-0.154424617333308,0.200384004523246),(-0.971010584278303,
-0.0791560228802076,-0.22554992631632),(-0.985388758385799,-0.0715435186214814,
0.154565584106394),(-0.979943520078136,0.0492470868082128,-0.193094334193878),
(-0.997774189553412,-0.0649196938093426,0.0152348290680421)),$,(1,1,6,6,
2,2,233,233,3,3,31,31,234,234,8,8,10,10,12,12,14,14,16,16,18,18,19,19,21,
21,23,23,25,25,27,27,29,29,4,4,235,235,5,5,237,237,236,236,239,239,238,
238,7,7,243,243,9,9,244,244,240,240,11,11,246,246,245,245,13,13,250,250,
248,248,15,15,251,251,249,249,255,255,17,17,256,256,48,48,35,35,258,258,
33,33,261,261,259,259,20,20,22,22,260,260,24,24,26,26,28,28,30,30,32,32,
34,34,36,36,37,37,38,38,39,39,40,40,41,41,42,42,43,43,44,44,45,45,46,46,
47,47,270,270,265,265,271,271,266,266,274,274,275,275,276,276,277,277,280,
280,278,278,279,279,282,282,284,284,281,281,285,285,283,283,286,286,287,
287,288,288,291,291,289,289,290,290,294,294,292,292,293,293,297,297,295,
295,298,298,296,296,299,299,302,302,300,300,301,301,303,303,304,304,49,
49,90,90,50,50,98,98,51,51,99,99,52,52,102,102,100,100,53,53,101,101,54,
54,106,106,103,103,55,55,105,105,104,104,56,56,57,57,107,107,58,58,108,
108,59,59,111,111,109,109,60,60,112,112,110,110,61,61,62,62,63,63,115,115,
113,113,64,64,116,116,114,114,65,65,117,117,66,66,118,118,67,67,68,68,69,
69,119,119,70,70,122,122,120,120,71,71,123,123,121,121,72,72,126,126,124,
124,73,73,125,125,74,74,75,75,129,129,127,127,82,82,76,76,130,130,84,84,
86,86,88,88,91,91,92,92,93,93,94,94,95,95,96,96,128,128,77,77,131,131,78,
78,80,80,132,132,79,79,133,133,81,81,136,136,134,134,137,137,135,135,83,
83,147,147,138,138,142,142,85,85,148,148,143,143,151,151,87,87,89,89,155,
155,152,152,156,156,154,154,157,157,163,163,159,159,161,161,160,160,166,
166,165,165,164,164,167,167,168,168,169,169,306,306,306,97,97,97,1517,1517,
1517,139,139,141,141,145,145,146,146,153,153,162,162,171,171,173,173,175,
175,176,176,178,178,180,180,183,183,185,185,186,186,187,187,189,189,191,
191,191,194,194,194,232,232,1516,1516,1516,196,196,196,198,198,198,307,
307,307,140,140,144,144,149,149,150,150,190,190,188,188,158,158,1285,1286,
1288,1287,170,170,182,182,184,184,1289,172,172,1290,181,181,174,174,179,
179,177,177,1291,1292,1293,1294,1295,1296,1298,1297,1299,1300,192,192,192,
1229,1229,1229,324,324,324,333,333,333,382,382,382,392,392,392,407,407,
407,443,443,482,482,541,541,541,554,554,554,599,599,599,601,601,601,607,
607,607,615,615,615,630,630,630,676,676,676,752,752,769,769,799,799,799,
799,1228,1228,1228,193,193,193,340,340,687,687,339,339,202,202,202,197,
197,197,195,195,195,325,325,325,331,331,331,326,326,326,332,332,332,199,
199,199,342,342,342,206,206,206,201,201,312,312,312,200,200,200,204,204,
204,311,311,311,316,316,316,318,318,318,319,319,319,322,322,322,205,205,
203,203,203,213,213,213,975,975,686,686,878,878,878,974,974,313,313,313,
208,208,208,210,210,210,207,207,207,309,309,309,309,209,209,209,211,211,
212,212,212,310,310,310,310,314,314,314,314,308,308,308,216,216,352,352,
352,214,214,214,215,215,1232,1232,1232,1231,1231,1231,218,218,1301,217,
217,1302,364,364,364,411,411,411,495,495,495,528,528,528,542,542,542,557,
557,557,624,624,624,628,628,628,657,657,657,669,669,669,904,1317,219,219,
220,220,1303,221,221,1304,222,222,223,223,225,225,1305,224,224,1306,227,
227,1307,226,226,228,228,1308,229,229,230,230,231,231,1309,242,242,1310,
241,241,305,305,305,1518,1518,1518,252,252,1311,247,247,253,253,1312,257,
257,254,254,262,262,1313,263,263,1314,264,264,267,267,269,269,1315,268,
268,273,273,1316,272,272,1519,1519,1519,315,315,315,315,330,330,330,317,
317,317,344,344,344,320,320,320,321,321,321,328,328,328,323,323,323,334,
334,334,335,335,335,327,327,327,329,329,329,346,346,346,337,337,337,345,
345,345,349,349,349,351,351,351,341,341,341,336,336,336,370,370,370,370,
370,370,354,354,354,353,353,353,366,366,356,356,356,356,338,338,338,347,
347,347,348,348,348,350,350,350,343,343,343,357,357,357,358,358,358,359,
359,359,361,361,361,363,363,363,405,405,405,369,369,369,373,373,390,390,
390,390,425,425,425,418,418,418,418,355,355,355,365,365,365,365,367,367,
376,376,376,376,375,375,375,360,360,360,378,378,378,400,400,400,377,377,
377,362,362,362,380,380,380,379,379,379,398,398,398,368,368,368,372,372,
372,372,383,383,371,371,371,388,388,388,388,387,387,387,387,387,387,395,
395,395,386,386,386,374,374,374,374,384,384,381,381,381,433,433,433,435,
435,435,394,394,394,385,385,385,389,389,389,391,391,391,391,402,402,401,
401,401,406,406,396,396,403,403,409,409,409,409,393,393,393,399,399,399,
413,413,413,414,414,414,412,412,412,404,404,404,397,397,397,416,416,416,
410,410,410,421,421,421,415,415,415,417,417,417,417,419,419,419,423,423,
423,408,408,408,440,440,440,441,441,441,442,442,442,439,439,431,431,453,
453,453,453,428,428,428,429,429,429,494,494,494,438,438,420,420,420,427,
427,427,447,447,447,426,426,426,449,449,449,449,449,449,444,444,444,424,
424,424,430,430,430,422,422,422,437,437,436,436,445,445,445,446,446,446,
458,458,493,493,493,492,492,492,450,450,448,448,432,432,432,478,478,478,
434,434,434,477,477,477,476,476,476,503,503,503,455,455,455,465,465,465,
474,474,474,504,504,504,451,451,451,454,454,454,463,463,463,452,452,452,
452,468,468,468,457,457,457,456,456,456,460,460,460,459,459,459,481,481,
487,487,487,487,487,461,461,461,461,484,484,484,462,462,462,475,475,475,
464,464,464,467,467,467,466,466,466,470,470,470,483,483,483,480,480,480,
480,469,469,469,485,485,488,488,488,488,486,486,486,489,489,489,473,473,
473,498,498,498,472,472,472,471,471,471,471,471,519,519,519,534,534,534,
479,479,479,490,490,490,505,505,497,497,497,497,499,499,499,501,501,501,
507,507,507,507,502,502,502,496,496,496,496,512,512,491,491,491,588,588,
588,500,500,515,515,515,517,517,517,521,521,508,508,508,510,510,510,506,
506,511,511,511,509,509,514,514,514,514,514,513,513,522,522,525,525,516,
516,516,524,524,524,518,518,518,530,530,530,520,520,532,532,532,536,536,
536,535,535,535,529,529,529,523,523,527,527,527,526,526,566,566,566,572,
572,531,531,531,561,561,561,533,533,533,539,539,539,547,547,547,555,555,
555,560,560,560,563,563,538,538,538,545,545,545,537,537,537,548,548,548,
548,543,543,543,549,549,549,544,544,544,546,546,546,540,540,540,553,553,
553,567,567,567,575,575,575,587,587,587,551,551,551,552,552,552,550,550,
550,556,556,556,564,564,564,564,573,573,573,562,562,562,558,558,558,568,
568,568,597,597,597,559,559,559,570,570,570,569,569,569,580,580,580,578,
578,578,565,565,577,577,577,574,574,593,593,593,571,571,582,582,582,596,
596,596,594,594,594,586,586,583,583,579,579,579,620,620,620,576,576,576,
590,590,590,589,589,595,595,595,581,581,581,605,605,605,610,610,618,618,
618,584,584,585,585,603,603,603,592,592,592,591,591,591,600,600,600,609,
609,609,598,598,598,602,602,602,611,611,604,604,604,612,612,613,613,613,
606,606,606,608,608,608,614,614,614,617,617,617,616,616,616,622,622,622,
621,621,621,623,623,623,632,632,632,626,626,626,619,619,619,625,625,625,
627,627,627,637,637,636,636,636,647,647,647,639,639,642,642,641,641,641,
644,644,649,649,631,631,631,629,629,629,675,675,675,633,633,633,635,635,
635,634,634,634,678,678,678,677,677,677,664,664,664,680,680,680,719,719,
719,727,727,727,725,725,725,725,638,638,638,640,640,650,650,645,645,652,
652,652,643,643,653,653,646,646,646,659,659,659,648,648,661,661,661,655,
655,663,663,663,665,665,665,658,658,658,651,651,651,654,654,656,656,699,
699,697,697,660,660,660,682,682,682,689,689,689,662,662,662,674,674,674,
684,684,684,691,691,691,667,667,667,672,672,672,666,666,666,668,668,668,
679,679,679,670,670,670,671,671,671,673,673,673,688,688,688,683,683,683,
681,681,681,685,685,685,726,726,726,734,734,723,723,694,694,694,694,693,
693,693,755,755,755,695,695,695,692,692,692,690,690,690,969,969,876,876,
876,968,968,700,700,700,698,698,696,696,703,703,703,704,704,704,704,707,
707,707,707,701,701,701,771,771,771,702,702,702,711,711,709,709,709,732,
732,747,747,747,705,705,730,730,730,706,706,706,722,722,708,708,720,720,
710,710,710,716,716,716,716,712,712,712,715,715,714,714,714,713,713,713,
717,717,717,721,721,721,735,735,736,736,729,729,729,748,748,748,718,718,
718,742,742,742,728,728,728,741,741,741,741,731,731,753,753,753,733,733,
733,733,724,724,724,745,745,745,756,756,744,744,744,743,743,743,739,739,
760,760,760,759,759,759,762,762,762,758,758,758,746,746,746,764,764,764,
751,751,737,737,738,738,838,838,754,754,754,826,826,740,740,825,825,825,
825,749,749,749,813,813,813,750,750,750,773,773,773,770,770,770,770,757,
757,780,780,780,774,774,774,766,766,766,775,775,775,763,763,763,761,761,
761,849,849,789,789,807,807,807,832,832,832,846,846,846,768,768,777,777,
777,767,767,767,765,765,765,765,790,790,792,792,792,792,781,781,781,793,
793,793,778,778,778,782,782,782,785,785,785,785,776,776,776,783,783,783,
784,784,784,791,791,791,805,805,805,805,787,787,787,772,772,772,788,788,
779,779,779,786,786,802,802,802,794,794,794,801,801,801,809,809,809,804,
804,804,803,803,803,795,795,795,796,796,796,798,798,798,797,797,797,800,
800,800,808,808,808,851,851,851,851,851,806,806,806,854,854,854,854,854,
820,820,820,820,841,841,841,821,821,821,939,939,939,817,817,817,810,810,
810,811,811,811,812,812,812,814,814,814,815,815,815,816,816,816,834,834,
834,818,818,818,819,819,819,831,831,831,829,829,829,828,828,828,827,827,
827,852,852,852,823,823,823,836,836,836,833,833,833,859,859,859,850,850,
850,824,824,853,853,853,893,893,893,822,822,822,847,847,847,844,844,844,
843,843,843,842,842,857,857,857,835,835,835,861,861,861,837,837,837,860,
860,866,866,866,840,840,830,830,830,839,839,858,858,858,845,845,845,870,
870,870,867,867,867,867,863,863,863,855,855,855,855,889,889,889,848,848,
875,875,875,869,869,869,873,873,873,856,856,891,891,891,865,865,865,865,
871,871,871,868,868,868,883,883,886,886,864,864,884,884,884,884,862,862,
862,937,937,937,874,874,874,880,880,872,872,872,895,895,895,877,877,877,
970,970,879,879,879,972,972,971,971,973,973,881,881,881,882,882,897,897,
887,887,887,887,902,902,896,896,885,885,899,899,888,888,888,907,907,907,
890,890,906,906,906,911,911,911,913,913,913,912,912,912,905,905,905,903,
903,903,892,892,892,894,894,894,916,916,916,917,917,917,915,915,915,918,
918,918,898,898,901,901,900,900,950,950,948,948,908,908,908,909,909,909,
920,920,920,926,926,926,933,933,933,942,942,942,910,910,910,919,919,919,
921,921,921,914,914,914,924,924,924,925,925,925,929,929,929,922,922,922,
928,928,928,923,923,923,931,931,931,940,940,940,956,956,956,964,964,964,
964,927,927,927,932,932,932,935,935,935,930,930,930,934,934,934,944,944,
944,1041,1041,1041,945,945,945,945,946,946,946,943,943,943,941,941,941,
951,951,951,936,936,936,1012,1012,1012,938,938,938,981,981,988,988,1013,
1013,1013,1040,1040,1040,949,949,947,947,954,954,954,957,957,957,957,960,
960,952,952,952,953,953,953,966,966,963,963,1008,1008,1008,958,958,990,
990,990,961,961,992,992,992,955,955,955,955,982,982,982,959,959,959,983,
983,983,962,962,976,976,985,985,965,965,967,967,977,977,978,978,994,994,
980,980,995,995,1018,1018,1004,1004,1025,1025,1019,1019,1026,1026,1005,
1005,993,993,993,986,986,979,979,996,996,997,997,984,984,1152,1152,1152,
987,987,987,1010,1010,1011,1011,989,989,989,1014,1014,1014,991,991,991,
1016,1016,1015,1015,1015,1009,1009,1009,1007,1007,1007,1024,1024,999,999,
1002,1002,1003,1003,998,998,1000,1000,1001,1001,1032,1032,1033,1033,1052,
1052,1023,1023,1053,1053,1006,1006,1006,1028,1028,1028,1020,1020,1020,1030,
1030,1030,1029,1029,1029,1029,1042,1042,1042,1042,1038,1038,1038,1039,1039,
1039,1017,1017,1073,1073,1073,1051,1051,1051,1021,1021,1021,1074,1074,1022,
1022,1077,1077,1037,1037,1076,1076,1031,1031,1031,1043,1043,1044,1044,1027,
1027,1034,1034,1036,1036,1048,1048,1048,1047,1047,1047,1049,1049,1049,1060,
1060,1060,1069,1069,1035,1035,1062,1062,1061,1061,1075,1075,1063,1063,1067,
1067,1070,1070,1070,1045,1045,1046,1046,1055,1055,1057,1057,1068,1068,1058,
1058,1056,1056,1056,1059,1059,1059,1081,1081,1081,1050,1050,1050,1080,1080,
1080,1162,1162,1162,1151,1151,1151,1054,1054,1066,1066,1079,1079,1079,1083,
1083,1085,1085,1084,1084,1101,1101,1072,1072,1089,1089,1089,1064,1064,1065,
1065,1088,1088,1086,1086,1087,1087,1082,1082,1082,1117,1117,1117,1071,1071,
1071,1097,1097,1097,1099,1099,1099,1096,1096,1096,1078,1078,1093,1093,1091,
1091,1106,1106,1105,1105,1100,1100,1108,1108,1103,1103,1114,1114,1090,1090,
1090,1161,1161,1161,1184,1184,1184,1180,1180,1217,1217,1217,1102,1102,1131,
1131,1104,1104,1092,1092,1115,1115,1115,1120,1120,1120,1094,1094,1095,1095,
1107,1107,1098,1098,1098,1116,1116,1116,1119,1119,1119,1148,1148,1148,1164,
1164,1164,1178,1178,1178,1186,1186,1121,1121,1154,1154,1143,1143,1146,1146,
1109,1109,1136,1136,1125,1125,1133,1133,1132,1132,1122,1122,1110,1110,1111,
1111,1128,1128,1124,1124,1138,1138,1129,1129,1140,1140,1139,1139,1149,1149,
1157,1157,1158,1158,1113,1113,1112,1112,1127,1127,1169,1169,1126,1126,1118,
1118,1118,1159,1159,1159,1147,1147,1147,1160,1160,1160,1123,1123,1165,1165,
1137,1137,1168,1168,1134,1134,1130,1130,1176,1176,1173,1173,1142,1142,1144,
1144,1135,1135,1170,1170,1141,1141,1171,1171,1155,1155,1197,1197,1150,1150,
1189,1189,1145,1145,1153,1153,1163,1163,1163,1156,1156,1196,1196,1191,1191,
1194,1194,1187,1187,1187,1188,1188,1188,1166,1166,1205,1205,1202,1202,1201,
1201,1204,1204,1181,1181,1181,1182,1182,1182,1226,1226,1226,1179,1179,1177,
1177,1177,1207,1207,1207,1207,1167,1167,1172,1172,1174,1174,1230,1230,1198,
1198,1175,1175,1190,1190,1185,1185,1213,1213,1209,1209,1209,1220,1220,1220,
1216,1216,1216,1208,1208,1208,1183,1183,1183,1211,1211,1211,1212,1212,1212,
1221,1221,1221,1192,1192,1193,1193,1195,1195,1199,1199,1200,1200,1203,1203,
1206,1206,1210,1210,1210,1210,1215,1215,1215,1218,1218,1218,1214,1214,1214,
1227,1227,1227,1222,1222,1222,1224,1224,1224,1219,1219,1219,1242,1242,1242,
1223,1223,1223,1240,1240,1240,1244,1244,1244,1239,1239,1239,1237,1237,1237,
1225,1225,1225,1233,1233,1233,1238,1238,1238,1234,1234,1234,1236,1236,1236,
1235,1235,1235,1243,1243,1243,1248,1248,1248,1241,1241,1241,1246,1246,1246,
1245,1245,1245,1249,1249,1249,1247,1247,1247,1255,1255,1250,1250,1250,1254,
1254,1254,1253,1253,1253,1251,1251,1251,1256,1256,1274,1274,1274,1252,1252,
1252,1259,1259,1259,1257,1257,1257,1261,1261,1261,1260,1260,1260,1265,1265,
1265,1269,1269,1269,1258,1258,1258,1276,1276,1262,1262,1262,1268,1268,1268,
1271,1271,1271,1272,1272,1272,1272,1263,1263,1263,1266,1266,1266,1266,1266,
1264,1264,1264,1267,1267,1267,1277,1277,1277,1278,1278,1278,1278,1270,1270,
1270,1270,1275,1275,1275,1279,1279,1279,1273,1273,1273,1283,1283,1283,1284,
1284,1284,1282,1282,1280,1280,1280,1281,1281,1371,1371,1358,1358,1367,1367,
1351,1384,1384,1400,1320,1354,1333,1339,1394,1394,1380,1380,1383,1334,1328,
1373,1373,1389,1389,1382,1357,1347,1374,1374,1356,1392,1390,1426,1417,1402,
1404,1405,1407,1407,1434,1363,1416,1385,1414,1368,1423,1423,1437,1437,1440,
1398,1419,1436,1436,1436,1484,1450,1397,1474,1496,1487,1497,1497,1505,1319,
1324,1332,1342,1343,1322,1349,1350,1335,1336,1329,1331,1327,1325,1355,1326,
1323,1370,1346,1375,1353,1337,1344,1338,1341,1345,1330,1321,1340,1318,1364,
1418,1401,1430,1431,1359,1403,1365,1411,1391,1372,1427,1395,1441,1459,1456,
1435,1425,1428,1453,1444,1460,1472,1422,1447,1443,1406,1471,1452,1464,1376,
1420,1388,1462,1503,1477,1493,1454,1369,1480,1494,1492,1502,1490,1500,1473,
1479,1481,1504,1514,1509,1348,1381,1360,1366,1362,1377,1387,1352,1379,1361,
1393,1399,1396,1386,1410,1408,1412,1433,1421,1429,1378,1415,1409,1413,1424,
1432,1439,1455,1442,1451,1445,1458,1446,1470,1457,1449,1448,1438,1465,1463,
1475,1469,1461,1476,1466,1482,1489,1468,1478,1491,1467,1488,1486,1501,1483,
1495,1499,1485,1506,1498,1510,1513,1507,1508,1512,1511,1515),((1,3,5),(2,
6,7),(1,9,11),(10,2,13),(1,15,3),(1,17,15),(1,19,17),(1,21,19),(1,23,21),
(1,25,23),(1,27,25),(27,1,29),(29,1,31),(33,31,1),(35,33,1),(37,35,1),(1,
11,37),(7,13,2),(39,5,3),(41,6,40),(6,41,7),(9,43,11),(46,44,10),(47,10,
13),(46,10,47),(4,50,40),(41,40,51),(51,40,50),(53,11,43),(46,54,44),(16,
55,4),(50,4,55),(57,11,53),(60,58,54),(61,54,46),(60,54,61),(16,18,55),
(63,11,57),(64,58,66),(60,66,58),(67,18,20),(67,55,18),(69,11,63),(64,66,
70),(22,71,20),(67,20,74),(74,20,71),(75,11,69),(76,70,77),(80,70,66),(80,
77,70),(81,22,24),(81,71,22),(83,11,75),(85,84,76),(76,77,85),(26,81,24),
(87,89,83),(84,91,88),(11,83,93),(93,83,89),(85,91,84),(28,95,26),(98,81,
26),(98,26,95),(99,101,87),(100,88,103),(87,101,105),(87,105,107),(87,107,
109),(87,109,111),(87,111,113),(113,115,87),(115,117,87),(89,87,119),(117,
121,87),(119,87,123),(121,125,87),(123,87,127),(129,87,125),(131,127,87),
(133,87,129),(135,131,87),(137,87,133),(139,135,87),(137,139,87),(103,88,
91),(141,28,30),(144,95,28),(141,144,28),(145,102,100),(100,103,148),(100,
148,145),(30,32,149),(141,30,149),(106,102,152),(145,152,102),(32,34,153),
(153,149,32),(108,106,156),(156,106,152),(157,34,36),(160,153,34),(157,
160,34),(108,161,110),(108,156,161),(36,38,164),(157,36,164),(165,112,110),
(168,110,161),(168,165,110),(169,38,12),(172,164,38),(169,172,38),(114,
112,173),(165,173,112),(94,176,12),(169,12,176),(114,177,116),(173,177,
114),(180,94,90),(181,176,94),(94,180,181),(116,184,118),(184,116,177),
(120,185,90),(180,90,185),(188,122,118),(188,118,184),(120,124,185),(189,
126,122),(122,188,189),(192,124,128),(193,185,124),(192,193,124),(130,126,
196),(189,197,126),(197,196,126),(132,192,128),(196,134,130),(132,136,200),
(132,200,192),(134,201,138),(196,204,134),(134,204,201),(136,140,205),(205,
200,136),(140,138,208),(201,208,138),(209,205,140),(209,140,208),(211,213,
215),(212,216,217),(211,219,213),(220,212,221),(217,221,212),(215,213,223),
(224,225,216),(228,217,216),(228,216,225),(219,229,213),(230,220,231),(231,
220,221),(233,223,213),(224,234,236),(237,225,224),(224,236,237),(239,213,
229),(230,241,240),(230,231,244),(244,241,230),(233,213,245),(236,234,246),
(247,213,239),(249,248,240),(249,240,241),(251,245,213),(253,246,252),(246,
253,236),(255,213,247),(258,256,248),(249,259,248),(259,258,248),(261,251,
213),(264,252,262),(265,253,252),(264,265,252),(267,213,255),(256,258,268),
(269,261,213),(262,270,264),(271,213,267),(274,272,268),(275,268,258),(274,
268,275),(277,269,213),(280,270,278),(281,264,270),(280,281,270),(283,213,
271),(284,272,286),(274,286,272),(287,277,213),(288,289,278),(280,278,289),
(291,213,283),(284,286,292),(293,287,213),(288,294,289),(295,213,291),(297,
296,292),(297,292,286),(299,293,213),(300,301,294),(304,289,294),(304,294,
301),(305,213,295),(296,307,306),(297,310,296),(310,307,296),(299,213,311),
(313,300,312),(316,301,300),(313,316,300),(213,305,317),(319,318,306),(319,
306,307),(321,311,213),(322,313,312),(213,317,323),(325,324,318),(319,328,
318),(325,318,328),(321,329,331),(332,333,322),(321,335,329),(321,337,335),
(321,339,337),(339,321,341),(341,321,343),(213,345,321),(343,321,347),(349,
321,345),(347,321,351),(351,321,349),(353,313,322),(353,322,333),(213,323,
355),(358,356,324),(324,325,358),(359,331,361),(332,360,363),(361,331,329),
(333,332,363),(213,355,365),(366,356,358),(360,362,367),(367,363,360),(213,
365,369),(372,370,366),(366,358,373),(366,373,372),(330,376,362),(377,367,
362),(377,362,376),(213,369,379),(380,370,372),(381,330,336),(384,376,330),
(385,384,330),(381,385,330),(213,379,387),(390,388,380),(391,380,372),(380,
391,390),(338,394,336),(381,336,394),(213,387,395),(390,396,388),(338,340,
394),(213,395,397),(396,399,398),(390,402,396),(396,402,399),(342,403,340),
(406,394,340),(406,340,403),(214,398,407),(399,407,398),(410,342,344),(411,
403,342),(410,411,342),(346,214,414),(415,214,407),(415,414,214),(348,418,
344),(410,344,418),(346,419,350),(422,346,414),(422,419,346),(423,348,352),
(423,418,348),(426,352,350),(426,350,419),(352,427,423),(426,427,352),(429,
433,227),(432,431,435),(226,429,227),(238,429,226),(235,429,238),(254,429,
235),(266,429,254),(263,429,266),(263,282,429),(279,429,282),(290,429,279),
(303,429,290),(429,303,438),(429,438,440),(429,440,442),(444,429,442),(444,
446,429),(448,429,446),(429,448,450),(452,429,450),(452,454,429),(454,456,
429),(456,458,429),(458,460,429),(460,462,429),(464,429,462),(466,429,464),
(429,466,468),(429,468,470),(429,470,472),(472,475,429),(429,475,478),(430,
479,480),(435,431,482),(222,218,433),(218,227,433),(222,433,232),(232,433,
243),(242,243,433),(433,250,242),(250,433,260),(260,433,257),(257,433,276),
(273,276,433),(285,273,433),(298,285,433),(298,433,309),(309,433,308),(320,
308,433),(327,320,433),(327,433,326),(326,433,483),(487,483,433),(433,489,
487),(434,437,490),(302,492,303),(438,303,492),(315,492,302),(314,492,315),
(354,494,314),(492,314,494),(334,496,354),(494,354,496),(357,326,483),(364,
498,334),(496,334,498),(374,357,483),(368,498,364),(378,498,368),(371,374,
500),(483,500,374),(375,498,378),(392,371,502),(500,502,371),(383,504,375),
(498,375,504),(386,504,383),(506,439,493),(441,439,507),(506,507,439),(506,
493,495),(441,507,443),(382,504,386),(389,392,502),(497,508,495),(506,495,
508),(445,443,509),(443,507,509),(445,509,447),(393,510,382),(504,382,510),
(401,389,512),(514,512,389),(502,514,389),(497,499,508),(516,499,505),(516,
508,499),(405,517,393),(510,393,517),(400,401,512),(449,447,519),(509,519,
447),(404,517,405),(408,400,520),(512,520,400),(412,522,404),(517,404,522),
(416,408,520),(511,516,505),(409,522,412),(416,520,413),(413,520,421),(519,
451,449),(417,522,409),(420,421,524),(524,421,520),(425,420,524),(424,526,
417),(522,417,526),(424,428,526),(428,425,526),(524,526,425),(511,518,516),
(528,453,451),(519,528,451),(523,529,518),(516,518,529),(528,455,453),(523,
527,529),(457,455,530),(528,530,455),(457,530,459),(525,529,527),(459,530,
461),(521,531,525),(529,525,531),(461,532,463),(532,461,530),(521,513,531),
(533,513,515),(533,531,513),(463,532,465),(503,534,515),(515,534,533),(465,
535,467),(535,465,532),(535,469,467),(469,536,471),(469,535,536),(537,503,
501),(534,503,537),(538,472,470),(539,471,541),(536,541,471),(501,485,545),
(501,545,547),(547,550,501),(554,501,550),(556,501,554),(559,501,556),(559,
561,501),(561,563,501),(563,567,501),(567,569,501),(569,573,501),(573,575,
501),(575,579,501),(579,581,501),(581,585,501),(585,587,501),(589,501,587),
(589,591,501),(537,501,591),(473,540,595),(598,475,472),(474,601,599),(601,
474,603),(597,603,474),(542,595,540),(606,476,600),(607,478,475),(477,605,
608),(606,600,602),(483,610,614),(484,615,616),(613,612,619),(613,619,617),
(483,487,610),(622,545,485),(484,616,623),(625,611,488),(625,620,611),(628,
487,489),(486,630,631),(626,486,631),(628,634,637),(629,638,639),(634,628,
489),(641,631,630),(643,637,645),(649,638,644),(642,647,651),(654,648,642),
(657,642,651),(660,654,642),(642,657,660),(645,637,663),(634,663,637),(649,
639,638),(665,669,607),(666,609,671),(478,607,669),(673,608,605),(608,673,
675),(608,675,678),(609,679,671),(667,672,668),(646,664,652),(680,664,636),
(680,652,664),(683,634,489),(635,685,681),(683,686,689),(684,691,692),(697,
689,686),(690,698,693),(686,683,699),(701,699,683),(701,683,489),(685,695,
681),(688,704,696),(708,693,698),(709,696,704),(712,687,700),(712,705,687),
(712,700,703),(715,701,489),(702,716,717),(713,702,717),(720,723,669),(721,
670,725),(478,669,723),(729,668,672),(730,725,670),(724,722,727),(723,731,
478),(724,733,732),(724,727,733),(715,489,734),(735,736,716),(716,737,717),
(737,716,741),(743,741,716),(716,746,743),(716,749,746),(749,716,752),(716,
755,752),(758,755,716),(758,716,761),(764,761,716),(767,764,716),(768,716,
736),(768,767,716),(769,734,489),(735,770,736),(731,771,478),(772,732,773),
(733,773,732),(774,769,489),(775,776,770),(776,736,770),(478,771,777),(773,
778,772),(779,774,489),(775,780,776),(781,52,777),(783,782,778),(777,49,
478),(49,777,52),(783,778,773),(779,489,784),(780,785,786),(786,776,780),
(784,489,787),(789,785,788),(789,786,785),(790,8,781),(782,783,791),(42,
781,8),(52,781,42),(792,45,790),(794,793,791),(8,790,14),(14,790,48),(48,
790,45),(791,783,794),(787,489,795),(789,788,796),(792,797,59),(793,794,
798),(62,45,792),(62,792,59),(799,795,489),(800,801,796),(789,796,801),
(802,79,797),(803,798,804),(65,59,797),(65,797,79),(798,794,804),(799,489,
805),(800,806,801),(56,478,49),(68,478,56),(73,478,68),(72,478,73),(82,
478,72),(97,478,82),(96,478,97),(96,143,478),(142,478,143),(150,478,142),
(154,478,150),(478,154,807),(811,479,809),(811,480,479),(813,805,489),(814,
815,806),(815,801,806),(816,78,802),(803,804,817),(79,802,78),(78,816,86),
(816,818,92),(819,817,820),(92,86,816),(804,820,817),(489,821,813),(815,
814,822),(818,823,147),(819,820,824),(104,92,818),(147,104,818),(825,146,
823),(826,824,827),(146,147,823),(827,824,820),(489,828,821),(829,830,822),
(815,822,830),(825,831,162),(827,832,826),(151,146,825),(155,151,825),(155,
825,162),(828,489,833),(830,829,834),(835,166,831),(837,836,832),(167,162,
831),(167,831,166),(832,827,837),(838,833,489),(830,834,839),(840,838,489),
(841,842,839),(839,842,830),(843,183,835),(836,842,844),(166,835,174),(174,
835,178),(178,835,183),(836,837,842),(840,183,843),(844,842,841),(489,183,
840),(159,807,154),(159,158,807),(158,163,807),(163,171,807),(170,807,171),
(175,807,170),(175,182,807),(179,807,182),(183,489,187),(186,807,179),(187,
489,190),(194,807,186),(190,489,198),(191,807,194),(198,489,195),(191,199,
807),(195,489,203),(206,807,199),(203,489,202),(210,807,206),(489,207,202),
(207,489,210),(807,210,489),(808,491,810),(845,490,437),(810,491,847),(848,
706,714),(713,717,849),(852,681,695),(694,711,850),(852,695,849),(707,851,
710),(656,640,650),(640,656,855),(641,857,858),(858,631,641),(653,682,658),
(861,658,682),(681,852,862),(852,849,717),(864,856,655),(866,867,857),(867,
858,857),(662,864,655),(865,659,863),(661,659,865),(862,852,866),(867,866,
852),(624,870,544),(871,548,546),(870,624,618),(872,617,873),(871,876,548),
(873,877,872),(619,873,617),(879,868,882),(869,881,885),(880,884,888),(880,
888,891),(893,885,881),(854,882,868),(887,858,867),(719,883,853),(888,884,
894),(884,897,894),(883,719,898),(621,627,901),(619,902,873),(633,901,627),
(878,875,549),(875,903,549),(547,905,906),(550,547,906),(904,874,912),(916,
873,902),(917,912,874),(914,918,905),(920,905,918),(920,906,905),(890,924,
927),(896,925,889),(929,891,888),(931,927,924),(926,933,930),(896,934,925),
(602,674,606),(674,602,604),(913,900,632),(913,915,900),(914,631,858),(886,
936,859),(940,860,938),(886,892,936),(939,937,891),(942,914,858),(940,943,
860),(945,891,929),(939,891,945),(935,928,932),(935,895,928),(929,894,949),
(929,949,945),(951,894,897),(949,894,951),(739,899,718),(739,952,899),(914,
942,954),(918,914,957),(960,957,914),(960,914,962),(914,966,962),(954,969,
914),(969,966,914),(922,973,977),(974,921,980),(976,975,982),(975,981,986),
(986,982,975),(979,907,923),(919,980,921),(947,944,941),(947,989,944),(991,
993,942),(993,995,942),(995,954,942),(998,990,946),(999,945,949),(998,992,
990),(1002,948,738),(1004,950,1003),(953,738,948),(949,1007,999),(1004,
1009,950),(1005,1001,737),(1005,737,1010),(741,1010,737),(908,978,1013),
(1014,976,982),(959,980,919),(1016,980,959),(981,1019,1020),(1020,986,981),
(1022,909,1015),(1014,1025,1023),(1025,1014,982),(961,1017,958),(1029,910,
1024),(911,1034,551),(1023,1025,1030),(965,1017,961),(1020,1019,1035),(1018,
964,1038),(1040,1035,1019),(988,1041,983),(1042,987,1045),(984,1044,1048),
(1047,1043,1050),(1043,1046,1053),(1053,1050,1043),(1045,987,1021),(985,
1049,1026),(994,1000,1006),(1008,1006,1000),(1056,993,1005),(1056,995,993),
(1005,1010,1056),(1059,1026,1049),(1060,1047,1050),(552,1033,553),(1045,
1021,1062),(1037,1062,1021),(1046,1064,1053),(1066,1027,1061),(1060,1050,
1065),(963,1069,1039),(1040,1070,1035),(1071,1030,1025),(555,1032,557),
(1074,1030,1071),(558,1031,1075),(1072,1028,1068),(1063,1036,1076),(1077,
1053,1064),(1079,1069,963),(1078,962,966),(1073,1067,1080),(1065,1050,1081),
(1058,1084,1088),(1085,1057,1090),(1086,1092,1087),(1094,1056,1010),(1058,
1088,996),(1095,1090,1057),(1096,1076,1036),(1097,1035,1070),(1076,1096,
1099),(1077,1101,1053),(742,1103,1011),(1104,1105,1012),(742,1108,1103),
(1102,1110,1111),(1104,1114,1105),(1115,1102,1111),(1010,1107,1094),(997,
1089,955),(1117,955,1089),(1092,1121,1087),(1118,1087,1125),(1121,1125,
1087),(1071,1127,1074),(1073,1080,1128),(1079,1130,1069),(1070,1132,1097),
(1133,1078,966),(1136,1130,1079),(1137,1078,1133),(1100,1098,1139),(1101,
1140,1053),(956,1120,970),(1142,558,1075),(1074,1127,1141),(558,1142,560),
(1129,1083,1143),(1146,1141,1127),(1147,1081,1050),(1144,1082,1149),(740,
745,1109),(1111,1110,1150),(1153,1150,1110),(1154,1109,745),(1139,1098,
1156),(1157,1097,1132),(1159,1091,1093),(1159,1122,1091),(1094,1107,1161),
(1094,1165,1158),(1161,1165,1094),(1116,1162,1106),(1115,1111,1167),(1116,
1169,1162),(1170,971,1119),(1125,1176,1118),(1118,1176,1171),(972,1175,
967),(1179,1123,1160),(1179,1124,1123),(1158,1165,1180),(1112,1182,1186),
(1188,1113,1187),(1167,1111,1190),(1152,1182,1112),(1188,1191,1113),(1185,
1184,1189),(1126,1181,1177),(1192,1177,1181),(1193,1180,1165),(968,1174,
1134),(1168,1195,1163),(1190,1196,1167),(1164,1163,1195),(1198,1147,1050),
(1148,1199,1145),(1151,1200,1183),(1151,1204,1200),(1203,1150,1153),(1206,
1189,1184),(1202,1206,1184),(1208,560,1142),(1141,1146,1209),(1055,1211,
1051),(1212,1214,1052),(1055,1216,1211),(1219,1210,1218),(1221,1214,1212),
(1198,1050,1222),(1215,1222,1050),(1217,1054,1225),(1219,1218,1227),(1228,
1053,1140),(1228,1232,1053),(1234,1053,1232),(1053,1234,1237),(1239,1225,
1054),(1207,1191,1188),(1190,1240,1196),(1241,1191,1207),(1139,1156,1229),
(1157,1132,1243),(1245,1229,1156),(1246,1131,1138),(1248,1243,1132),(1133,
1249,1137),(1250,1135,1173),(1253,1137,1249),(1255,1246,1138),(560,1208,
562),(1256,1178,1194),(1259,1171,1176),(1178,1256,1261),(1257,1193,1165),
(1262,1166,1197),(1266,1196,1240),(1197,1267,1262),(1264,1257,1165),(1268,
1209,1146),(1269,562,1208),(1270,1251,1172),(1171,1259,1271),(1275,1241,
1207),(1202,1276,1206),(1240,1280,1266),(1242,1278,1279),(1282,1253,1249),
(1252,1274,1283),(1145,1199,1285),(1146,1287,1268),(1230,1244,1289),(1243,
1248,1288),(1230,1289,1231),(1291,1260,1258),(1291,1295,1260),(1296,1271,
1259),(1264,1297,1257),(1257,1300,1292),(1303,1257,1297),(1300,1257,1303),
(1224,1285,1199),(1265,1307,1263),(1308,1266,1280),(1298,1263,1307),(1310,
1281,1277),(1311,1276,1202),(1312,1253,1282),(1284,1273,1313),(1316,1288,
1248),(1319,1247,1254),(1319,1317,1247),(1233,1290,1235),(1235,1290,1322),
(1323,1288,1325),(1316,1325,1288),(1328,1294,1293),(1328,1332,1294),(1335,
1271,1296),(1329,1292,1300),(1253,1312,1336),(1253,1340,1320),(1253,1336,
1340),(1299,1309,1304),(1304,1309,1342),(1308,1345,1343),(1308,1280,1345),
(1302,1331,1330),(1305,1344,1334),(1343,1348,1335),(1333,1301,1306),(1271,
1335,1350),(1348,1350,1335),(1236,1324,1354),(1354,1324,1326),(1237,1234,
1356),(1213,1286,1223),(1213,1220,1286),(1287,1219,1357),(1268,1287,1357),
(1227,1357,1219),(1360,1343,1345),(1360,1348,1343),(562,1269,1364),(1269,
1359,1364),(1366,563,561),(1346,1281,1310),(1368,1346,1310),(1371,1311,
1202),(1311,1371,1367),(1318,1321,1355),(1355,1327,1318),(1272,1353,1314),
(1315,1352,1373),(1375,1336,1312),(1376,1356,1320),(1320,1340,1376),(1361,
1347,1370),(1374,1351,1379),(1380,1381,1375),(1381,1336,1375),(1201,1205,
1155),(1201,1155,744),(1202,743,1384),(1384,1371,1202),(1384,743,1387),
(743,746,1387),(1389,1362,1369),(1367,1392,1390),(1392,1367,1371),(1379,
1351,1349),(1356,1376,1237),(1379,1349,1395),(1396,1381,1380),(1226,1365,
1358),(1226,1238,1365),(1366,1237,563),(1376,563,1237),(1363,1395,1349),
(1395,1363,1391),(1397,1396,1390),(1397,1381,1396),(1397,1390,1392),(1372,
1400,1393),(1400,1403,1393),(1372,1407,1400),(1401,1408,1409),(1401,1411,
1402),(1409,1411,1401),(1406,1398,1394),(1399,1405,1382),(1386,1407,1372),
(1407,1386,1413),(1408,1415,1416),(1416,1409,1408),(1419,1383,1404),(1420,
1402,1422),(1411,1422,1402),(1383,1419,1337),(1388,1414,1385),(1388,1425,
1414),(1426,1427,1415),(1416,1415,1427),(1338,1421,1339),(1430,1420,1422),
(1433,1339,1421),(1420,1430,1434),(748,1425,1388),(748,1436,1425),(1426,
1438,1427),(1418,1440,1410),(1410,1440,1412),(1440,1418,1441),(1445,1412,
1440),(1444,1439,1446),(1439,1443,1449),(1449,1446,1439),(1429,1442,1417),
(1451,1412,1445),(1451,1423,1412),(1452,1444,1454),(1446,1454,1444),(1442,
1429,1457),(1459,1461,1443),(1461,1463,1443),(1463,1467,1443),(1467,1469,
1443),(1469,1472,1443),(1472,1449,1443),(751,1437,747),(1474,1427,1438),
(1438,1477,1474),(1478,1437,751),(1480,1424,1453),(1480,1431,1424),(1481,
1452,1454),(1476,1458,1428),(1476,1460,1458),(1483,1341,1435),(1430,1487,
1434),(1484,1434,1487),(1483,1490,1341),(1492,1376,1340),(1494,1432,1482),
(1494,1488,1432),(1493,1481,1454),(1462,1475,1496),(1497,1474,1477),(1462,
1496,1464),(565,1499,1503),(1378,1500,564),(1505,1502,1501),(1501,1508,
1505),(1511,1508,1501),(1500,1378,1512),(565,1503,566),(1479,750,754),(1495,
1514,1489),(1516,1484,1487),(1518,1514,1495),(1517,1493,1454),(1520,1497,
1477),(1521,1479,754),(1523,1465,1498),(1497,1520,1524),(1523,1466,1465),
(1491,1486,1526),(1484,1516,1530),(1532,1527,1485),(1492,1529,1376),(1520,
1533,1524),(753,1534,1522),(1519,1456,1515),(1515,1456,1536),(1538,1530,
1516),(1507,568,1504),(1507,1539,568),(567,1541,1543),(567,1543,569),(1525,
1470,1468),(1525,1545,1470),(1546,1524,1533),(1548,1534,753),(1549,752,
755),(1448,1537,1455),(1537,1448,1551),(1538,1553,1554),(1554,1530,1538),
(1471,1547,1473),(1533,1557,1546),(1473,1547,1560),(1546,1557,1561),(1535,
1550,1563),(1535,1563,1558),(1473,1560,1450),(1528,1531,1565),(1566,1567,
1529),(1567,1376,1529),(1570,1450,1560),(1561,1572,1571),(1572,1561,1557),
(1552,1447,1570),(1450,1570,1447),(1575,1540,1506),(1508,1578,1505),(1505,
1578,1576),(1575,1542,1540),(1571,1581,1553),(1583,1554,1553),(1553,1581,
1583),(1562,1549,755),(1581,1571,1572),(1565,1531,1556),(1565,1556,1585),
(1587,1588,1566),(1567,1566,1588),(1591,1509,1594),(1579,1510,1593),(1595,
1508,1511),(1591,1594,1597),(1599,1592,1598),(1579,1593,1601),(1602,1559,
1564),(1603,1562,1605),(1605,1562,1608),(1608,1562,1610),(755,1610,1562),
(1559,1602,1573),(1586,1555,1584),(1584,1613,1586),(1587,1614,1588),(1604,
1616,1574),(1603,1617,1615),(1605,1617,1603),(1574,1616,1582),(1582,1613,
1584),(1613,1582,1616),(1615,1617,1614),(1588,1614,1617),(1513,1377,1620),
(1511,1622,1595),(1569,1620,1377),(1597,1594,1623),(1625,1599,1598),(1624,
1596,1580),(1622,1578,1595),(1624,1580,1600),(1621,1568,1626),(1622,1628,
1578),(574,1626,1568),(1567,1629,573),(1567,1588,1629),(1628,1576,1578),
(1544,1577,1632),(1576,1628,1633),(1544,1632,570),(571,1634,572),(1627,
572,1634),(575,573,1629),(1618,1607,1635),(1638,1619,1637),(1640,1635,1607),
(1636,1642,1639),(1619,1638,1644),(1588,1617,1643),(1641,1606,1645),(1642,
1647,1639),(1609,1645,1606),(1649,576,1651),(1655,577,1650),(1653,1654,
1648),(1631,1651,576),(1655,578,577),(1657,1652,1630),(1653,1660,1654),
(1657,1662,1652),(1629,1588,1658),(1612,1645,1609),(1644,1638,1663),(1639,
1647,1667),(1638,1668,1663),(1665,1588,1643),(1611,1669,1646),(1671,1667,
1647),(1656,1661,580),(1659,580,1661),(1658,1673,579),(581,579,1673),(1675,
1658,1588),(1658,1675,1673),(757,1669,1611),(1664,1678,1589),(1590,1680,
1682),(1664,1666,1678),(1679,1667,1681),(1590,1682,1676),(1671,1684,1667),
(1681,1667,1684),(760,1670,756),(1670,760,1685),(1683,759,1677),(1686,759,
1683),(758,1687,1675),(1673,1675,1689),(1692,1689,1675),(1695,1675,1687),
(1695,1697,1675),(1692,1675,1697),(1687,758,1699),(1702,1699,758),(1704,
1702,758),(761,1704,758),(1706,1710,582),(1712,583,1711),(1708,1715,1709),
(1713,1709,1715),(1674,1706,582),(1712,584,583),(1691,1707,1672),(1708,
1719,1715),(1691,1718,1707),(1722,1716,1690),(1724,1717,1723),(1690,1716,
1720),(1713,1715,1727),(1724,1729,1717),(1721,1689,1725),(1730,1689,1692),
(1734,1689,1730),(1725,1689,1736),(1689,1734,1739),(1743,1736,1689),(1739,
1743,1689),(1688,1746,1750),(1701,1746,1688),(1688,1750,1696),(1749,1748,
1751),(1753,1747,1700),(1748,1754,1755),(1755,1751,1748),(1696,1750,1698),
(1698,1750,1758),(1759,1749,1760),(1751,1760,1749),(1753,1700,1703),(1698,
1758,1762),(1698,1762,1693),(1759,1765,1763),(1765,1759,1760),(1705,1753,
1703),(1705,1768,1753),(1769,1770,1754),(1773,1755,1754),(1773,1754,1770),
(1764,1775,1694),(1765,1778,1763),(1776,1763,1778),(1731,1694,1775),(763,
1768,1705),(1768,763,1781),(1783,1770,1769),(1757,1784,1752),(1752,1784,
1788),(1752,1788,1761),(1785,1756,1789),(1787,1786,1791),(1790,1793,1786),
(1791,1786,1793),(1756,1774,1789),(1795,1761,1788),(1795,1766,1761),(1798,
1796,1787),(1798,1787,1801),(1801,1787,1791),(1789,1774,1804),(1772,1804,
1774),(1790,1806,1807),(1811,1790,1807),(1813,1790,1811),(1793,1790,1813),
(766,1782,762),(1816,1770,1783),(1783,1819,1816),(766,1820,1782),(1822,
1767,1797),(1822,1779,1767),(1798,1823,1796),(1818,1805,1771),(1818,1825,
1805),(1827,1807,1806),(1829,1732,1777),(1778,1831,1776),(1828,1776,1831),
(1829,1733,1732),(1834,1780,1824),(1834,1832,1780),(1836,1823,1798),(1826,
1817,1838),(1837,1816,1819),(1826,1838,1808),(765,1840,1821),(1841,764,
767),(1800,1833,1835),(1843,1828,1831),(1800,1844,1833),(1819,1846,1837),
(1821,1840,1847),(1809,1839,1849),(1850,1837,1846),(1809,1849,1810),(1728,
586,1714),(1728,1726,586),(1725,1852,585),(1855,585,1852),(587,585,1855),
(1857,1725,1736),(1852,1725,1857),(1859,1735,1830),(1828,1843,1863),(1865,
1859,1830),(1734,1862,1866),(1866,1739,1734),(1846,1869,1850),(1870,1848,
1842),(1799,1872,1845),(1874,1863,1843),(1803,1872,1799),(1812,1851,1814),
(1876,1814,1851),(1875,1850,1869),(604,1878,674),(1880,675,673),(1883,1880,
673),(1884,674,1878),(603,597,1879),(1885,1870,1842),(1841,767,1886),(1802,
1888,1873),(1888,1802,1792),(1815,1877,1891),(1869,1892,1875),(1875,1892,
1890),(1815,1891,1794),(1895,1863,1874),(1899,1874,1889),(1899,1895,1874),
(1860,1864,1898),(1861,1897,1903),(1862,1905,1906),(1906,1866,1862),(1909,
1871,1887),(1909,1893,1871),(1794,1891,1888),(1890,1912,1889),(1914,1890,
1892),(1912,1890,1914),(1794,1888,1792),(1912,1899,1889),(1910,1886,1917),
(1917,1886,1919),(1919,1886,767),(1904,1896,1922),(1905,1923,1924),(1924,
1906,1905),(1927,1894,1911),(1930,1928,1910),(1917,1930,1910),(1894,1927,
1915),(1922,1896,1902),(1922,1902,1932),(1923,1933,1934),(1934,1924,1923),
(1936,1916,1929),(1928,1939,1937),(1939,1928,1930),(1943,1932,1902),(1936,
1900,1913),(1944,1901,1938),(1945,1946,1933),(1934,1933,1946),(1916,1936,
1913),(1945,1937,1948),(1948,1937,1939),(1946,1945,1948),(1942,1951,1949),
(1951,1955,1949),(1941,1957,1952),(1953,1960,1954),(1953,1959,1962),(1962,
1960,1953),(1950,1956,1947),(1947,1956,1935),(1940,1931,1958),(1935,1956,
1964),(1965,1954,1967),(1967,1954,1960),(1738,1970,1858),(1973,1971,1737),
(1976,1858,1970),(1972,1979,1977),(1973,1980,1971),(1736,1743,1974),(1935,
1964,1925),(1918,1958,1931),(1958,1918,1983),(1959,1984,1985),(1985,1962,
1959),(1858,1976,1853),(1988,1993,1744),(1745,1994,1995),(1991,1998,1992),
(2000,1995,1994),(2001,1992,1998),(1741,1989,1742),(1997,1974,1743),(1854,
1978,1856),(1990,1740,2003),(1868,2003,1740),(1856,1978,2007),(1977,2008,
2006),(2008,1977,1979),(1966,2011,1926),(1967,2014,1965),(1966,2017,2011),
(2018,1965,2014),(2013,1906,1924),(1921,1983,1918),(1921,2020,1983),(1984,
2022,1985),(2005,2023,1991),(1998,1991,2023),(1856,2007,2026),(2026,588,
1856),(2029,1961,1963),(2030,1961,2029),(1961,2030,1968),(1963,1987,2029),
(2031,2028,2032),(1987,2034,2029),(2036,2037,2028),(2032,2028,2037),(2039,
1968,2030),(2040,2031,2041),(2032,2041,2031),(2027,2006,2008),(2045,1968,
2039),(2046,2040,2048),(2041,2048,2040),(2051,1981,1975),(1982,2053,2009),
(2054,1974,1997),(1974,2054,2052),(1908,2004,1867),(2005,2057,2023),(1908,
2058,2004),(1999,1996,2002),(1999,2061,1996),(2062,2063,1997),(2054,1997,
2063),(1920,2066,2021),(2069,1985,2022),(2022,2068,2069),(2072,2066,1920),
(2073,1919,767),(2075,1969,2047),(2075,2015,1969),(2076,2046,2048),(2009,
2053,2078),(2052,2081,2079),(2083,2052,2054),(2085,2052,2083),(2089,2052,
2085),(2091,2052,2089),(2081,2052,2091),(2094,588,2026),(2008,2096,2027),
(2095,2027,2096),(2094,590,588),(1986,2099,2035),(1986,2071,2099),(2036,
2101,2037),(2061,1999,2102),(2025,2102,1999),(2105,2106,2062),(2063,2062,
2106),(2108,2012,2019),(2014,2112,2018),(2109,2018,2112),(2013,2115,1906),
(2108,2116,2012),(2118,2010,2080),(2118,2097,2010),(2119,2079,2081),(2121,
2016,2077),(2121,2113,2016),(2048,2122,2076),(2124,2103,2024),(2023,2057,
2125),(2127,2128,2104),(2105,2130,2106),(2070,2132,2100),(2069,2068,2131),
(2132,2134,2100),(2101,2136,2037),(2138,590,2094),(2137,2095,2096),(590,
2138,592),(2140,2059,1907),(2145,2125,2057),(2060,2143,2144),(1906,2115,
2141),(2055,2065,2147),(2056,2149,2150),(2152,2147,2065),(2154,2155,2148),
(2151,2148,2155),(2056,2150,2084),(2067,2074,2157),(2160,2131,2068),(2161,
2067,2157),(2073,767,2158),(2129,2126,2163),(2166,2106,2130),(2130,2165,
2166),(2169,2098,2120),(2172,2137,2096),(2169,2173,2098),(2081,2170,2119),
(2064,2156,2153),(2107,2156,2064),(2175,2114,2123),(2177,2109,2112),(2179,
2175,2123),(2048,2178,2122),(2133,2181,2135),(2185,2131,2160),(2133,2186,
2181),(2183,2037,2136),(2187,2125,2145),(2163,2126,2189),(2155,2190,2151),
(2156,2107,2191),(2145,2193,2187),(2146,2142,2194),(2198,2084,2150),(2199,
2151,2190),(2198,2086,2084),(2168,2191,2107),(2201,593,2139),(2137,2172,
2202),(2117,2111,2206),(2109,2177,2210),(2212,2207,2110),(2141,2115,2213),
(2209,2216,2115),(2216,2213,2115),(2160,2219,2185),(2162,2159,2220),(2050,
2176,2180),(2222,2176,2050),(2224,2210,2177),(2184,2226,2182),(2225,2185,
2219),(2226,2228,2182),(2230,2037,2183),(594,2205,2231),(591,2233,537),
(2164,2188,2235),(2234,2187,2193),(2237,2166,2165),(2164,2235,2238),(2240,
2220,2159),(2241,2158,767),(2243,2174,2171),(2174,2243,2246),(2248,2202,
2172),(2081,2244,2170),(2215,2194,2142),(2087,2200,2250),(2252,2199,2190),
(2249,2199,2252),(2087,2250,2088),(2255,2192,2167),(2255,2259,2192),(2260,
2261,2190),(2252,2190,2261),(2264,2166,2237),(2268,2166,2264),(2256,2166,
2268),(2044,2223,2049),(2270,2223,2044),(2224,2272,2273),(2210,2224,2273),
(2229,2227,2038),(2276,2225,2219),(2038,2227,2279),(2225,2276,2280),(2232,
2204,2281),(2283,2284,2233),(2233,2284,537),(2239,2236,2287),(2234,2193,
2288),(2239,2287,2265),(2221,2242,2290),(2290,2277,2221),(2293,2247,2245),
(2294,2244,2081),(2247,2293,2297),(2298,2202,2248),(2208,2211,2300),(2299,
2216,2209),(2301,2195,2214),(2213,2216,2302),(2266,2289,2304),(2288,2307,
2305),(2307,2288,2193),(2266,2304,2267),(2279,2310,2038),(2280,2313,2311),
(2276,2313,2280),(2312,2271,2043),(2310,2042,2033),(2038,2310,2033),(2269,
2258,2257),(2269,2306,2258),(2305,2315,2260),(2261,2260,2315),(2318,2254,
2320),(2263,2321,2253),(2252,2323,2249),(2318,2324,2254),(2322,2325,2319),
(2263,2326,2321),(2090,2251,2328),(2323,2331,2249),(2329,2249,2331),(2090,
2328,2092),(2311,2334,2272),(2334,2273,2272),(2241,767,2291),(2315,2305,
2307),(2334,2311,2313),(2324,2318,2338),(2332,2324,2338),(2325,2339,2319),
(2275,2300,2211),(2300,2275,2341),(2344,2345,2299),(2216,2299,2345),(2082,
2296,2295),(2082,2348,2296),(2349,2350,2298),(2202,2298,2353),(2353,2298,
2350),(2093,2330,2082),(2082,2330,2348),(2349,2329,2356),(2331,2356,2329),
(2359,2278,2292),(2291,2361,2360),(2361,2291,767),(2350,2349,2356),(2359,
2314,2278),(2196,2303,2364),(2197,2367,2308),(2327,2262,2317),(2355,2282,
2203),(2368,2282,2355),(2370,2284,2283),(2274,2337,2342),(2343,2336,2371),
(2373,2374,2344),(2376,2344,2374),(2345,2344,2376),(2378,2314,2359),(2360,
2380,2379),(2380,2360,2361),(2302,2216,2365),(2327,2317,2384),(2386,2387,
2325),(2339,2325,2387),(2314,2378,2335),(2309,2366,2316),(2385,2316,2366),
(2365,2387,2386),(2333,2340,2357),(2390,2357,2340),(2391,2339,2387),(2372,
2335,2378),(2379,2393,2373),(2393,2379,2380),(2387,2365,2216),(2393,2374,
2373),(2369,2354,2352),(2352,2395,2369),(2370,2397,2398),(2398,2284,2370),
(2396,2351,2392),(2397,2391,2398),(2358,2392,2351),(2398,2391,2387),(1882,
2401,677),(1881,2405,2402),(1880,1883,2404),(2406,677,2401),(2403,2409,
2407),(2411,2402,2405),(2409,2403,2412),(676,2408,2414),(2413,678,675),
(2408,2410,2414),(2415,2375,2394),(2383,2415,2394),(2375,2415,2419),(2418,
2417,2420),(2416,2382,2422),(2425,2426,2417),(2428,2420,2417),(2428,2417,
2426),(2430,2375,2419),(2431,2418,2432),(2420,2432,2418),(2375,2430,2377),
(2423,2381,2363),(2434,2377,2430),(2435,2431,2437),(2432,2437,2431),(2377,
2434,2346),(2424,2362,2440),(2441,2442,2425),(2426,2425,2442),(2445,2347,
2436),(2437,2448,2435),(2446,2435,2448),(2347,2445,2451),(2345,2453,2216),
(2455,2440,2362),(2455,2457,2440),(2459,2442,2441),(2454,2361,767),(2461,
2285,2463),(2286,2462,2466),(2469,2460,2465),(2466,2462,2472),(2460,2469,
2473),(2400,2463,2285),(2284,2468,537),(2399,2470,2464),(2475,2470,2399),
(2398,2387,2476),(2429,2478,2421),(2429,2481,2478),(2481,2429,2427),(2421,
2478,2482),(2421,2482,2433),(2479,2484,2483),(2479,2480,2486),(2486,2484,
2479),(2482,2438,2433),(2488,2438,2482),(2483,2484,2489),(2481,2427,2491),
(2493,2494,2480),(2498,2480,2494),(2500,2480,2498),(2504,2480,2500),(2504,
2486,2480),(2444,2491,2427),(2458,2456,2506),(2442,2459,2509),(2459,2508,
2509),(2512,2506,2456),(2513,2454,767),(2443,2511,2492),(2515,2439,2490),
(2515,2449,2439),(2516,2489,2484),(2492,2511,2495),(2508,2518,2509),(2507,
2514,2521),(2521,2519,2507),(2452,2447,2524),(2527,2446,2448),(2446,2527,
2530),(2532,2524,2447),(2216,2453,2526),(2533,2450,2517),(2533,2528,2450),
(2516,2536,2534),(2536,2516,2539),(2484,2539,2516),(2471,2467,2474),(2471,
2477,2467),(2468,2476,2542),(2468,2542,537),(2476,2387,2545),(2545,2542,
2476),(2496,2510,2497),(2549,2509,2518),(2551,2497,2510),(2522,2513,767),
(2537,2529,2535),(2552,2530,2527),(2537,2553,2529),(2520,2523,2555),(2558,
2549,2518),(2520,2555,2559),(2556,2522,767),(2561,2499,2550),(2562,2549,
2558),(2561,2501,2499),(2525,2531,2564),(2530,2552,2565),(2216,2526,2567),
(2525,2564,2570),(2573,2567,2526),(2558,2574,2562),(2557,2575,2560),(2538,
2577,2554),(2552,2579,2565),(2541,2577,2538),(2502,2563,2503),(2503,2563,
2581),(2580,2562,2574),(2583,2575,2557),(2584,2556,767),(2218,2586,2388),
(2590,2389,2588),(2218,2592,2586),(2587,2594,2589),(2595,2545,2387),(2595,
2387,2597),(2387,2599,2597),(2590,2600,2389),(2217,2602,2593),(2604,2589,
2594),(2569,2602,2217),(2578,2540,2606),(2606,2540,2485),(2505,2582,2607),
(2574,2609,2580),(2608,2580,2609),(2505,2607,2487),(2565,2579,2612),(2579,
2605,2616),(2616,2612,2579),(2615,2571,2566),(2572,2614,2618),(2573,2620,
2567),(2622,2576,2585),(2576,2622,2610),(2487,2607,2606),(2605,2608,2624),
(2626,2608,2609),(2624,2608,2626),(2487,2606,2485),(2624,2616,2605),(2621,
2584,2628),(2584,767,2628),(2619,2613,2631),(2632,2633,2620),(2633,2567,
2620),(2636,2611,2623),(2621,2638,2637),(2638,2621,2628),(2611,2636,2627),
(2548,2641,2543),(2646,2544,2644),(2547,2648,2642),(2643,2650,2645),(2544,
2646,2651),(2653,537,2542),(2617,2631,2613),(2631,2617,2655),(2654,2633,
2632),(2546,2656,2649),(2650,2657,2658),(2658,2645,2650),(2660,2655,2617),
(2660,2617,2625),(2663,2627,2636),(2662,2637,2638),(2654,2661,2633),(2627,
2663,2625),(2656,2546,2596),(2660,2625,2663),(2662,2638,2661),(2638,2633,
2661),(2664,1884,1878),(1883,2665,2404),(2664,1878,2667),(2666,1879,597),
(2405,2668,2411),(2670,2404,2665),(2669,2404,2670),(2412,2672,2409),(2673,
2411,2668),(2410,2674,2414),(678,2413,2676),(2675,2676,2413),(2678,2409,
2672),(2410,2680,2674),(2409,2682,2681),(2682,2409,2678),(671,679,2684),
(2677,2684,679),(2685,729,672),(2598,2656,2596),(2658,2657,2686),(2689,
2656,2598),(2690,2686,2657),(2667,2691,2664),(2671,2664,2691),(2692,2666,
597),(2691,2694,2671),(2693,2692,597),(2670,2695,2669),(2696,2671,2694),
(2652,2647,2697),(2659,2697,2647),(2653,2698,2699),(2653,2699,537),(2688,
2697,2659),(2697,2688,2702),(2698,2704,2699),(2601,2689,2598),(2705,2686,
2690),(2690,2589,2705),(2689,2601,2591),(2706,2703,2687),(2703,2706,2707),
(2704,2708,2699),(2634,2640,2710),(2712,2635,2711),(2715,2710,2640),(2717,
2718,2709),(2713,2709,2718),(2712,2720,2635),(2633,2722,2567),(2630,2716,
2639),(2723,2727,2717),(2717,2727,2718),(2630,2724,2716),(2668,2729,2673),
(2695,2731,2669),(2731,2733,2669),(2733,2735,2669),(2730,2669,2735),(2679,
2673,2729),(2696,2694,2737),(2738,2693,597),(2696,2737,2732),(2732,2737,
2740),(2739,2738,597),(2734,2732,2740),(2740,2741,2734),(2739,597,2742),
(2736,2734,2741),(2744,2736,2741),(2742,597,2743),(2735,2745,2730),(2736,
2744,2746),(2677,2747,2684),(2749,2676,2675),(2676,2749,2748),(2751,2684,
2747),(2752,729,2685),(2753,2726,2629),(2756,2728,2755),(2629,2726,2725),
(2759,2718,2727),(2762,2759,2727),(2765,2728,2756),(2768,2762,2727),(2754,
2628,2757),(2628,2769,2757),(2769,2628,767),(2707,2706,2773),(2774,2705,
2589),(2707,2773,2777),(2778,2699,2708),(2774,2589,2604),(2721,2714,2719),
(2721,2719,2780),(2722,2779,2781),(2784,2567,2722),(2722,2781,2784),(2761,
2780,2719),(2761,2787,2780),(2779,2789,2790),(2790,2781,2779),(2680,2750,
2674),(2792,2750,2680),(2681,2794,2793),(2682,2796,2681),(2798,2681,2796),
(2794,2681,2798),(2788,2760,2764),(2788,2764,2800),(2802,2790,2789),(2803,
2750,2792),(2792,2806,2803),(2793,2794,2805),(2804,2748,2749),(2729,2807,
2679),(2808,2730,2745),(2683,2679,2807),(2683,2807,2797),(2745,2809,2808),
(2811,2808,2809),(2812,2797,2807),(2772,2766,2758),(2762,2768,2813),(2767,
2771,2816),(2768,2818,2813),(2801,2763,2819),(2815,2819,2763),(2821,2823,
2802),(2825,2802,2823),(2790,2802,2825),(2744,2827,2746),(2828,2743,597),
(2810,2746,2827),(2827,2830,2810),(2831,2811,2809),(2832,2810,2830),(2828,
597,2829),(2833,2797,2812),(2835,2811,2831),(2837,2811,2835),(2811,2837,
2834),(2833,2799,2797),(2775,2568,2776),(2775,2603,2568),(2784,2778,2567),
(2784,2699,2778),(2839,2817,2770),(2840,2769,767),(2803,2806,2842),(2803,
2842,2845),(2844,2846,2804),(2748,2804,2846),(2805,2794,2843),(2842,2848,
2845),(2843,2794,2849),(2846,2844,2850),(2852,2845,2848),(2853,2850,2844),
(2818,2854,2813),(2839,2855,2817),(2857,2820,2814),(2813,2854,2858),(2857,
2822,2820),(2860,2863,2785),(2700,2786,2865),(2860,2866,2863),(2868,2870,
2864),(2700,2865,2872),(2873,2864,2870),(2861,2784,2781),(2747,2847,2751),
(2847,2875,2751),(2752,2876,729),(2875,2847,2878),(2876,2877,729),(2851,
2878,2847),(2879,2858,2854),(2856,2841,2880),(2848,2882,2852),(2849,2794,
2883),(2850,2853,2884),(2886,2852,2882),(2853,2887,2888),(2888,2884,2853),
(2824,2859,2826),(2890,2826,2859),(2858,2892,2891),(2892,2858,2879),(2832,
2830,2836),(2895,2836,2830),(2896,2829,597),(2895,2898,2836),(2838,2836,
2898),(2897,2896,597),(2898,2899,2838),(2897,597,2900),(2902,2878,2851),
(2877,2901,729),(2903,2834,2837),(2904,2838,2899),(2885,2902,2851),(2890,
2791,2826),(2880,2841,2905),(2906,2840,2908),(2908,2840,767),(2791,2911,
2782),(2783,2913,2914),(2911,2791,2890),(2912,2891,2917),(2920,2914,2913),
(2917,2921,2912),(2781,2916,2861),(2891,2892,2917),(2799,2833,2795),(2795,
2833,2923),(2924,2834,2925),(2903,2927,2834),(2927,2925,2834),(2795,2923,
2929),(2883,2794,2931),(2930,2931,2794),(2933,2924,2925),(2935,2924,2933),
(2937,2929,2923),(2924,2939,2938),(2939,2924,2935),(2881,2907,2941),(2941,
2893,2881),(2862,2944,2867),(2869,2867,2944),(2916,2947,2861),(2945,2861,
2950),(2952,2950,2861),(2952,2861,2947),(2942,2906,2908),(2886,2882,2955),
(2932,2955,2882),(2888,2887,2957),(2956,2957,2887),(2889,2902,2885),(2889,
2959,2902),(2901,2960,729),(2904,2899,2928),(2928,2899,2962),(597,2961,
2900),(2910,2894,2943),(2963,2917,2892),(2963,2892,2966),(2967,2894,2910),
(2926,2928,2962),(2962,2969,2926),(2970,2961,597),(2969,2972,2926),(2934,
2926,2972),(2971,2970,597),(2934,2972,2973),(2971,597,2974),(2915,2922,
2975),(2975,2922,2919),(2916,2977,2947),(2976,2918,2978),(2980,2982,2977),
(2984,2977,2982),(2984,2988,2977),(2988,2990,2977),(2990,2993,2977),(2993,
2947,2977),(2918,2965,2978),(2934,2973,2936),(2889,2958,2959),(2955,2932,
2995),(2956,2996,2997),(2957,2956,2999),(3001,2999,2956),(2997,3001,2956),
(2937,3003,2929),(3004,2938,3005),(2939,3007,2938),(3007,3009,2938),(3009,
3005,2938),(3011,2959,2958),(2960,3012,729),(2931,2930,3013),(3014,2995,
2932),(3015,2929,3003),(3017,2930,3016),(3019,2930,3017),(3013,2930,3021),
(3023,3021,2930),(2930,3019,3025),(3025,3027,2930),(3023,2930,3029),(3031,
2930,3027),(3033,3029,2930),(3031,3035,2930),(3033,2930,3035),(2973,3037,
2936),(2974,597,3038),(2940,2936,3037),(3015,3003,3018),(3040,3018,3003),
(3039,3004,3005),(3018,3040,3020),(3041,3020,3040),(3042,3039,3043),(3005,
3043,3039),(3037,3045,2940),(3046,3038,597),(3008,2940,3045),(2964,2981,
2979),(3047,2981,2964),(2966,3048,2963),(3050,2968,2909),(2908,767,3051),
(3053,2983,3049),(3048,2966,3054),(3053,2985,2983),(2966,3056,3054),(2968,
3050,3057),(3059,2995,3014),(2996,3060,3061),(3061,2997,2996),(3059,3014,
3022),(3059,3022,3063),(3060,3064,3065),(3065,3061,3060),(3063,3022,3024),
(3010,3008,3045),(3010,3045,3067),(3046,597,3068),(3041,3026,3020),(3041,
3070,3026),(3069,3042,3071),(3073,3042,3043),(3071,3042,3073),(3026,3070,
3028),(3075,3028,3070),(3069,3071,3076),(2958,3000,3011),(3078,3011,3000),
(3012,3077,729),(3067,3079,3010),(3006,3010,3079),(3068,597,3080),(3079,
3082,3006),(3081,3080,597),(3044,3006,3082),(3063,3024,3083),(3064,3084,
3085),(3085,3065,3064),(3030,3083,3024),(3028,3075,3032),(3087,3083,3030),
(3034,3087,3030),(3084,3088,3089),(3089,3085,3084),(3091,3032,3075),(3092,
3076,3093),(3071,3093,3076),(3000,3002,3078),(3095,3078,3002),(3077,3096,
729),(3002,3098,3095),(3096,3097,729),(3002,2998,3098),(2986,3055,3099),
(3054,3056,3100),(2986,3099,2987),(3102,3032,3091),(3102,3036,3032),(3103,
3092,3104),(3093,3106,3092),(3106,3108,3092),(3108,3104,3092),(2874,3110,
2701),(3111,2873,2870),(2701,3110,3114),(3115,537,2699),(2998,3062,3098),
(3116,3098,3062),(3097,3117,729),(3087,3034,3102),(3088,3103,3118),(3120,
3089,3088),(3118,3120,3088),(3036,3102,3034),(3122,3103,3104),(3122,3124,
3103),(3124,3118,3103),(3058,3052,3126),(3130,3126,3052),(3129,3051,3132),
(3132,3051,767),(3128,3100,3056),(2951,2871,2946),(2951,3135,2871),(2870,
3136,3111),(2989,3101,3138),(3137,3100,3140),(3140,3100,3128),(2989,3138,
2991),(3062,3066,3116),(3144,3116,3066),(3117,3145,729),(3066,3147,3144),
(3145,3146,729),(3086,3147,3066),(3044,3082,3074),(3148,3074,3082),(3149,
3081,3150),(3081,597,3150),(3086,3090,3147),(3152,3147,3090),(3150,3146,
3153),(3150,729,3146),(3148,3155,3074),(3072,3074,3155),(3154,3149,3150),
(3155,3156,3072),(3154,3150,3157),(3094,3072,3156),(2992,3139,3158),(3137,
3160,3159),(3140,3162,3137),(3160,3137,3162),(2992,3158,2994),(2954,3135,
2951),(3165,3111,3136),(2954,3168,3135),(3165,3136,3170),(3131,3141,3127),
(3172,3141,3131),(3171,3129,3132),(3174,2948,3158),(2949,3176,3178),(3175,
3159,3177),(2994,3158,2948),(2949,3178,3180),(3182,2952,2947),(3160,3177,
3159),(3112,3183,3113),(3112,3167,3183),(3115,3185,537),(3094,3156,3107),
(3186,3107,3156),(3187,3157,3150),(3186,3189,3107),(3189,3109,3107),(3188,
3187,3150),(3109,3189,3190),(3191,3188,3150),(3109,3190,3105),(3105,3190,
3193),(3191,3150,3192),(3123,3105,3193),(3090,3121,3152),(3194,3152,3121),
(3195,3150,3153),(3193,3197,3123),(3192,3150,3196),(3194,3121,3198),(3195,
3199,3150),(3125,3123,3197),(3121,3119,3198),(3125,3197,3119),(3198,3119,
3197),(3196,3150,3199),(3200,3142,3173),(3203,3163,3143),(3201,3171,3132),
(3161,3164,3202),(3181,3179,3161),(3181,3161,3202),(3201,3204,3182),(3204,
2952,3182),(3132,3204,3201),(3207,3206,3210),(3213,3211,3205),(3208,3212,
3216),(3216,3212,3219),(3214,3219,3212),(3222,2952,3204),(3207,3223,3206),
(3134,3213,3205),(3184,3169,2953),(3184,3166,3169),(3185,2952,3222),(3224,
3209,3218),(3222,3225,3185),(3224,3218,3229),(3230,3231,3222),(3225,3222,
3231),(3185,3225,3234),(3185,3234,537),(3237,3228,3217),(3219,3240,3216),
(3238,3216,3240),(3228,3237,3232),(3243,3220,3246),(3249,3221,3245),(3247,
3219,3214),(3249,3241,3221),(3243,3246,3253),(3254,3250,3244),(3256,3215,
3133),(3258,3247,3214),(3256,3259,3215),(3132,768,3255),(3132,767,768),
(543,3151,596),(726,3151,543),(733,727,541),(733,541,536),(726,728,3151),
(3252,3248,3242),(3240,3247,3258),(3252,3242,3251),(3257,3236,3260),(3258,
3262,3240),(3261,3260,3236),(3255,3264,3234),(3264,3255,768),(3238,3240,
3262),(3233,3239,3267),(3268,3238,3262),(3233,3267,3226),(3227,3269,3235),
(3263,3235,3269),(3270,3234,3264),(3234,3270,537),(3272,3266,3273),(3271,
3275,3277),(3279,3273,3266),(3281,3282,3274),(3274,3282,3276),(3271,3277,
3284),(3286,537,3270),(3288,3280,3265),(3290,3294,3281),(3281,3294,3282),
(3288,3291,3280),(3287,3264,768),(3278,3296,3285),(3278,3283,3296),(3286,
3297,3298),(3298,537,3286),(3292,3301,3293),(3295,3303,3304),(3307,3282,
3294),(3307,3294,3310),(3294,3306,3310),(3301,3292,3289),(3287,3313,3302),
(3315,3304,3303),(3316,3313,3287),(3316,3287,3319),(768,3319,3287),(3283,
3309,3296),(3296,3309,3322),(3324,3325,3297),(3325,3298,3297),(3308,3312,
3323),(3323,3312,3327),(3324,3329,3330),(3330,3334,3324),(3334,3336,3324),
(3336,3325,3324),(3318,3305,3314),(3340,3310,3306),(3306,3343,3340),(3305,
3318,3344),(3311,3348,3328),(3311,3342,3348),(3350,3330,3329),(3341,3331,
3349),(3340,3343,3351),(3341,3353,3331),(3345,3317,3321),(3354,3351,3343),
(3357,3346,3320),(3355,3347,3360),(3352,3333,3332),(3352,3361,3333),(3351,
3354,3362),(3358,3319,768),(3337,3335,3364),(3338,3363,3365),(3366,3362,
3368),(3368,3362,3354),(3339,3367,3326),(3299,3326,3371),(3300,3373,3375),
(3367,3371,3326),(3366,3374,3372),(3300,3375,3377),(3379,537,3298),(3380,
3366,3368),(3374,3366,3380),(3382,3356,3359),(3369,3356,3382),(3383,3358,
768),(3370,3384,3385),(3381,3370,3385),(3386,3383,768),(3378,3381,3385),
(768,3379,3386),(3378,3376,3381),(537,3379,768),(3387,3390,3391),(3390,
3393,3391),(3394,3389,3388),(3396,3390,3395),(837,3393,3390),(837,3390,
3397),(3398,3390,3396),(3399,3397,3390),(3390,3398,3400),(3390,3400,3399),
(3391,3395,3387),(3401,3392,3403),(3405,3404,3391),(3395,3391,3402),(3391,
3393,3406),(3391,3406,3405),(3407,3408,3410),(3409,3412,3411),(3407,3413,
3408),(3412,3408,3413),(3414,3415,3417),(3416,3414,3418),(3417,3415,3419),
(3420,3415,3418),(3419,3415,3421),(3421,3415,3420),(3402,3404,3422),(3404,
3405,3422),(3395,3402,3423),(3423,3396,3395),(3411,3424,3425),(3410,3426,
3427),(3407,3410,3428),(3411,3412,3424),(3410,3427,3429),(3410,3430,3428),
(3410,3429,3430),(3422,3423,3402),(3431,3426,3424),(3427,3426,3431),(3432,
3433,3435),(3437,3436,3434),(3433,3432,3438),(3438,3437,3434),(3439,3435,
3440),(3443,3441,3436),(3442,3444,3439),(3444,3441,3443),(3435,3445,3432),
(3437,3446,3436),(3435,3439,3445),(3443,3436,3446),(3447,3448,3449),(3447,
3450,3451),(3450,3448,3451),(436,481,846),(812,846,481),(3452,507,506),
(3453,506,508),(506,3453,3452),(509,507,3454),(3452,3454,507),(508,516,
3455),(3456,3453,508),(3456,508,3455),(3457,519,509),(3454,3458,509),(3459,
3457,509),(509,3458,3459),(3460,516,529),(516,3461,3455),(3460,3461,516),
(528,519,3462),(3462,519,3457),(3463,530,528),(3462,3463,528),(3414,529,
531),(529,3414,3460),(530,3464,532),(3463,3464,530),(531,533,3465),(3414,
531,3465),(3464,535,532),(533,534,3465),(534,537,3466),(3466,3465,534),
(3467,536,535),(535,3464,3467),(733,536,3468),(3469,536,3467),(3468,536,
3470),(536,3469,3471),(536,3471,3470),(3466,537,768),(733,3468,773),(3472,
768,736),(736,776,3473),(736,3473,3472),(3472,3466,768),(783,773,3407),
(3407,773,3413),(773,3470,3413),(3470,773,3468),(776,786,3473),(3407,794,
783),(786,789,3473),(3474,789,801),(3473,789,3475),(789,3474,3475),(804,
794,3476),(3476,794,3407),(801,815,3477),(3477,3474,801),(3478,820,804),
(3478,804,3476),(830,3479,815),(815,3480,3477),(3480,815,3479),(3406,827,
820),(820,3478,3406),(3481,837,827),(827,3406,3481),(3398,830,842),(3479,
830,3398),(842,837,3397),(3406,3393,837),(3406,837,3481),(3399,842,3397),
(3398,842,3400),(842,3399,3400),(3398,3396,3482),(3483,3396,3423),(3482,
3396,3484),(3396,3485,3484),(3396,3486,3485),(3483,3486,3396),(3480,3479,
3398),(3482,3480,3398),(3487,3405,3406),(3488,3422,3405),(3405,3487,3488),
(3478,3487,3406),(3428,3489,3407),(3476,3407,3489),(3470,3412,3413),(3424,
3412,3431),(3412,3490,3431),(3470,3471,3412),(3412,3471,3490),(3460,3414,
3417),(3418,3414,3491),(3465,3491,3414),(3417,3419,3492),(3460,3417,3461),
(3417,3492,3461),(3418,3493,3420),(3418,3491,3493),(3419,3421,3494),(3492,
3419,3494),(3420,3495,3421),(3493,3496,3420),(3495,3420,3497),(3420,3496,
3497),(3498,3494,3421),(3498,3421,3495),(3422,3483,3423),(3499,3422,3488),
(3422,3500,3483),(3499,3500,3422),(3427,3501,3429),(3431,3502,3427),(3427,
3502,3503),(3427,3504,3501),(3503,3504,3427),(3428,3430,3489),(3429,3505,
3430),(3430,3476,3489),(3487,3476,3430),(3488,3487,3430),(3505,3488,3430),
(3429,3506,3505),(3506,3429,3501),(3490,3507,3431),(3431,3507,3502),(3438,
3432,3474),(3475,3432,3445),(3474,3432,3475),(3508,3437,3438),(3437,3509,
3446),(3508,3485,3437),(3510,3437,3485),(3511,3437,3510),(3509,3437,3511),
(3512,3438,3474),(3438,3512,3508),(3513,3439,3444),(3445,3439,3514),(3439,
3513,3514),(3515,3444,3443),(3446,3516,3443),(3517,3515,3443),(3517,3443,
3518),(3516,3518,3443),(3519,3513,3444),(3515,3519,3444),(3475,3445,3473),
(3473,3445,3520),(3520,3445,3514),(3521,3446,3509),(3446,3522,3516),(3521,
3522,3446),(3523,3448,3447),(3524,3447,3451),(3523,3447,3525),(3525,3447,
3524),(3451,3448,3526),(3527,3448,3496),(3496,3448,3528),(3448,3527,3529),
(3448,3529,3526),(3523,3528,3448),(3451,3526,3530),(3530,3531,3451),(3524,
3451,3532),(3532,3451,3531),(3453,3454,3452),(3533,3454,3453),(3456,3534,
3453),(3533,3453,3534),(3454,3535,3458),(3533,3535,3454),(3455,3534,3456),
(3461,3494,3455),(3455,3494,3534),(3457,3459,3462),(3536,3459,3458),(3535,
3536,3458),(3459,3463,3462),(3537,3463,3459),(3538,3459,3536),(3539,3537,
3459),(3539,3459,3538),(3461,3492,3494),(3540,3464,3463),(3537,3541,3463),
(3541,3540,3463),(3464,3542,3467),(3464,3540,3542),(3466,3491,3465),(3472,
3543,3466),(3543,3491,3466),(3469,3467,3542),(3544,3471,3469),(3542,3544,
3469),(3471,3544,3490),(3473,3520,3472),(3543,3472,3545),(3514,3472,3520),
(3545,3472,3514),(3477,3512,3474),(3476,3487,3478),(3477,3480,3482),(3482,
3512,3477),(3533,3534,3535),(3535,3534,3546),(3498,3534,3494),(3534,3547,
3546),(3498,3547,3534),(3536,3535,3546),(3536,3548,3538),(3546,3549,3536),
(3548,3536,3550),(3549,3550,3536),(3541,3537,3539),(3539,3538,3548),(3551,
3541,3539),(3539,3552,3551),(3548,3552,3539),(3540,3541,3553),(3542,3540,
3553),(3553,3541,3554),(3554,3541,3551),(3543,3555,3491),(3491,3556,3493),
(3557,3491,3555),(3556,3491,3557),(3553,3544,3542),(3545,3555,3543),(3490,
3544,3558),(3544,3553,3554),(3558,3544,3554),(3507,3490,3558),(3545,3514,
3513),(3545,3513,3555),(3484,3512,3482),(3512,3484,3508),(3546,3547,3549),
(3559,3547,3498),(3495,3560,3498),(3498,3560,3559),(3547,3561,3549),(3559,
3561,3547),(3493,3556,3562),(3527,3496,3493),(3493,3562,3527),(3557,3555,
3563),(3513,3563,3555),(3562,3556,3557),(3557,3563,3564),(3562,3557,3564),
(3505,3499,3488),(3551,3565,3554),(3551,3552,3566),(3565,3551,3566),(3554,
3565,3558),(3508,3484,3485),(3505,3567,3499),(3506,3567,3505),(3552,3548,
3550),(3550,3549,3561),(3550,3566,3552),(3568,3550,3561),(3568,3566,3550),
(3513,3519,3563),(3486,3510,3485),(3569,3486,3483),(3500,3569,3483),(3486,
3569,3510),(3570,3500,3499),(3570,3499,3567),(3571,3507,3558),(3572,3558,
3565),(3571,3558,3573),(3573,3558,3572),(3561,3560,3568),(3560,3561,3559),
(3568,3574,3566),(3565,3566,3572),(3525,3572,3566),(3574,3525,3566),(3568,
3560,3574),(3560,3495,3497),(3497,3496,3528),(3560,3497,3528),(3575,3502,
3507),(3507,3571,3575),(3570,3569,3500),(3574,3560,3576),(3528,3576,3560),
(3503,3502,3577),(3502,3575,3578),(3578,3577,3502),(3501,3567,3506),(3504,
3567,3501),(3579,3567,3504),(3570,3567,3580),(3580,3567,3581),(3567,3579,
3582),(3567,3582,3581),(3519,3583,3563),(3563,3583,3564),(3517,3583,3519),
(3517,3519,3515),(3503,3584,3504),(3503,3577,3584),(3579,3504,3584),(3529,
3527,3562),(3529,3562,3564),(3564,3583,3585),(3585,3529,3564),(3510,3569,
3511),(3511,3521,3509),(3580,3511,3569),(3511,3580,3521),(3571,3573,3586),
(3587,3575,3571),(3586,3587,3571),(3573,3572,3525),(3525,3586,3573),(3569,
3570,3580),(3518,3583,3517),(3583,3588,3585),(3518,3588,3583),(3575,3587,
3578),(3529,3585,3588),(3588,3530,3529),(3526,3529,3530),(3578,3584,3577),
(3589,3578,3587),(3589,3584,3578),(3581,3582,3580),(3580,3582,3521),(3525,
3574,3590),(3525,3591,3586),(3523,3525,3590),(3525,3532,3591),(3532,3525,
3524),(3574,3576,3590),(3579,3592,3582),(3584,3592,3579),(3521,3582,3522),
(3522,3582,3593),(3592,3593,3582),(3576,3528,3590),(3528,3523,3590),(3586,
3589,3587),(3589,3586,3594),(3594,3586,3591),(3589,3595,3584),(3595,3592,
3584),(3596,3518,3516),(3516,3522,3593),(3593,3596,3516),(3588,3518,3596),
(3597,3595,3589),(3589,3594,3597),(3530,3588,3598),(3588,3596,3598),(3531,
3530,3598),(3592,3599,3593),(3597,3592,3595),(3597,3599,3592),(3596,3593,
3599),(3532,3594,3591),(3531,3594,3532),(3531,3599,3594),(3597,3594,3599),
(3531,3598,3596),(3531,3596,3599)),());
#45=COMPLEX_TRIANGULATED_FACE('ConvergentBody',#47,3596,((-1.,0.,0.),(0.,
0.,1.),(0.,1.,0.),(-1.,0.,0.),(0.,0.,-1.),(0.,-1.,0.),(0.,-1.,0.),(-1.,
0.,0.),(0.,0.,1.),(0.,0.,1.),(0.,-1.,0.),(1.,0.,0.),(-1.,0.,0.),(0.,1.,
0.),(0.,0.,-1.),(0.,0.,-1.),(1.,0.,0.),(0.,-1.,0.),(-1.,0.,0.),(0.,0.,1.),
(0.,-1.,0.),(0.,0.,-1.),(1.,0.,0.),(1.,0.,0.),(0.,0.,1.),(0.,-1.,0.),(1.,
0.,0.),(0.,0.,-1.),(0.,0.,-1.),(0.,-1.,0.),(-1.,0.,0.),(0.,-1.,0.),(1.,
0.,0.),(0.,0.,1.),(0.,0.,1.),(0.,1.,0.),(1.,0.,0.),(1.,0.,0.),(0.,0.,-1.),
(0.,0.,-1.),(0.,1.,0.),(1.,0.,0.),(0.968704358580458,-0.225212487198083,
-0.104360918342438),(0.926769323712668,-0.37562970242678,0.000973283069474913),
(0.942051205628516,-0.281112383680221,-0.183071990526905),(0.762152645627472,
-0.635239459486305,-0.124876634622303),(0.864770421233042,-0.395989835330931,
-0.308810895006976),(0.753954054112775,0.315553207527274,-0.576176585350498),
(0.660846906881668,0.125745161137143,-0.739911832663545),(0.385318097909414,
0.456312867419702,-0.802065165962642),(0.749797590512726,0.354356728778811,
-0.558779815339183),(0.502827403101496,0.406372489050606,-0.76290628705826),
(0.871359639796273,0.246882545016917,-0.424006352664768),(0.583614222728055,
0.180494550745079,-0.791717219833484),(0.487643860974436,0.426118857314297,
-0.761988309815251),(1.,0.,0.),(0.494178807021738,0.476305109592517,-0.727269378749465),
(0.,0.,-1.),(1.,0.,0.),(0.576010042650663,0.505794452688178,-0.642171630014475),
(0.450453878552017,0.344467060649021,-0.823670897522347),(0.807338797762381,
0.394981204144644,-0.438399263229353),(0.663921248321969,0.606143807221485,
-0.437947783409896),(0.718333781778034,0.262780460319808,-0.644160700159966),
(0.64420971367973,0.233296390097948,0.728400054343728),(0.417447512697737,
0.412391036402402,0.809735269848996),(0.417861248691771,0.194473345290317,
0.887452587360782),(0.580483958691454,0.222292280728156,0.783341889362858),
(0.262681591787818,0.1925878215295,0.945467245511096),(0.470673302795759,
0.110110271368178,0.875409829836607),(0.5692431834576,0.0345677105062818,
0.821442189978949),(1.,0.,0.),(0.434133245991466,0.900486388639738,-0.0255458137368284),
(1.,0.,0.),(0.549710998031578,0.826786371480177,0.119340330893501),(1.,
0.,0.),(0.563696989078163,0.813647430001677,0.142209578284586),(1.,0.,0.),
(0.442533407627797,0.869537169337229,0.219247107790112),(1.,0.,0.),(0.495514323261371,
0.793055612000318,0.35429980485124),(1.,0.,0.),(0.486425996928996,0.77199311808949,
0.409165461805001),(1.,0.,0.),(0.381158907627365,0.738363908147063,0.556360158783957),
(1.,0.,0.),(0.457786591519315,0.670631989193606,0.583681567034076),(1.,
0.,0.),(0.488330002386982,0.608956680887097,0.625064452334078),(1.,0.,0.),
(0.482385999496853,0.558241043159298,0.675033840056808),(1.,0.,0.),(0.,
0.,1.),(0.440016603733568,0.521769650286173,0.730850067030866),(0.,0.,1.),
(0.406077672421944,0.529198913897683,0.745016398134893),(0.,0.,1.),(0.439220055715133,
0.496109581240723,0.748973314650629),(0.,0.,1.),(0.413672055052171,0.547397724188801,
0.727482757473904),(0.,0.,1.),(0.136438023220834,0.629219926684969,0.76515812070588),
(0.,0.,1.),(0.133151654399894,0.599185859869478,0.789459905418284),(0.,
0.,1.),(0.158812957486788,0.614456123558154,0.772801473055135),(0.,0.,1.),
(0.0424472078569581,0.67564703096491,0.736002258212195),(1.,0.,0.),(0.539374911107097,
0.837384028930577,-0.0886718295751549),(1.,0.,0.),(0.516278507755281,0.853350674515985,
-0.0724508711686411),(1.,0.,0.),(0.514465287618057,0.84354007518002,-0.154160985341156),
(1.,0.,0.),(0.514671550217083,0.824544189735109,-0.235032071367331),(1.,
0.,0.),(0.541368026987781,0.772815609127631,-0.331174717700562),(1.,0.,
0.),(0.54986861669882,0.732551592450766,-0.401263839347097),(1.,0.,0.),
(0.416035088917267,0.734980410223634,-0.535461110984822),(1.,0.,0.),(0.575131028347802,
0.58235877480689,-0.574528117359819),(1.,0.,0.),(0.55233207903232,0.630801927620359,
-0.544993763801269),(1.,0.,0.),(0.517490081129077,0.56061932164527,-0.646459582751326),
(1.,0.,0.),(0.478391034330317,0.398335292218223,-0.782605272947859),(0.,
0.,-1.),(0.339106877580689,0.401634156087148,-0.850703550152249),(0.,0.,
-1.),(0.28832484530384,0.451175567620852,-0.844576456433945),(0.,0.,-1.),
(0.147586718217335,0.581987183991246,-0.799693115060882),(0.,0.,-1.),(0.095200844029866,
0.591519199413565,-0.800650882733003),(0.,0.,-1.),(0.0449167157523856,0.5950006732347,
-0.80246911934122),(0.494004873680897,0.869451072811666,0.00374389718926608),
(0.552503574535115,0.832686975402332,0.0370432331369266),(0.602221743326505,
0.787860508700907,-0.128859577425713),(0.587173256159497,0.75186525066546,
-0.299876994937623),(0.47499764787947,0.8377233564935,0.269437956669501),
(0.473552800907208,0.727774058841143,0.496077276269359),(0.507908207573093,
0.692963350782337,-0.511694290717029),(0.571248565270787,0.605616908056211,
0.553988481245325),(0.559582827606226,0.455503685066202,0.692375224816234),
(0.294579277331144,0.445741574957004,0.845303198693765),(0.632928768159453,
0.156290082723754,0.758270785721275),(0.296588337318097,0.209321719236266,
0.931783116407923),(0.401540115129183,0.050458323847635,0.91445037782076),
(0.150744344780081,0.422519115532881,0.893730238677274),(0.289003406150168,
0.568056809630377,0.7705767270468),(0.546539246594873,-0.648414777654859,
-0.529955779334756),(0.42214632519304,-0.52770568298286,-0.7371018873084),
(0.202412634900393,-0.208097444819429,-0.956934991884143),(0.555782946244626,
-0.540192297010772,-0.631899991227939),(0.466966844697333,-0.589531635868313,
-0.659086046175951),(0.433686659762971,-0.364367244796612,-0.824107027068064),
(0.19693096242844,-0.491625199008574,-0.848246933231585),(0.262077270525337,
-0.623644605935159,-0.736466502810528),(0.231023043121381,0.159350813420726,
0.959810226976713),(0.182821604672658,0.46519331831738,-0.86612437759122),
(0.0642632791753736,0.590082672058408,0.804781132411811),(0.0530554749652727,
0.515259695078296,-0.855390298754919),(0.,0.,1.),(-1.,0.,0.),(0.000283292928986985,
0.676271302076849,0.736652595008257),(0.,0.,-1.),(-1.99284216231482E-5,
0.595606263305719,-0.803276526928216),(-1.,0.,0.),(-0.999997850442048,-0.00207342983555223,
0.),(0.,1.,0.),(0.,0.,-1.),(0.,0.,-1.),(-0.998590244839064,-0.0530707269859448,
-0.00101037094279453),(-0.999995560305795,-0.00222543583777883,0.00198161651957459),
(0.,0.,-1.),(0.,1.,0.),(0.,0.,-1.),(0.,1.,0.),(1.,0.,0.),(0.,0.,-1.),(0.999069143160228,
0.0431375380044686,0.),(0.902578802979309,0.273995933628731,0.332080912982601),
(0.,0.,-1.),(0.,1.,0.),(1.,0.,0.),(-0.989347476028936,-0.136116729106207,
-0.0516120890160523),(0.,0.,-1.),(0.0622775285767543,0.031733727325443,
-0.997554249143577),(0.0649217880031139,-0.0303317791798924,-0.99742926797556),
(-0.977030198366878,-0.211287391325759,-0.0277422015336697),(0.,0.,-1.),
(-0.778460816582756,-0.62769320296249,0.),(0.,0.,-1.),(0.902578802979309,
0.273995933628731,0.332080912982601),(0.885643838701894,0.464365148314744,
0.),(0.511654554276942,0.859191257571714,0.),(-0.974786239653268,-0.223140733580045,
0.),(-0.788795361989298,-0.612265319920388,-0.0541576857607119),(0.,0.,
-1.),(0.,0.,-1.),(-0.802177736369141,-0.572666206202019,-0.169009749860379),
(-0.265505535059801,-0.938887064322855,0.219084210521481),(-0.265505535059801,
-0.938887064322855,0.219084210521481),(-0.804397914525758,-0.538828735093523,
-0.250215086164134),(-0.358959534314351,-0.749331641741917,-0.55646216709601),
(0.,0.,-1.),(0.,0.,-1.),(-0.265505535059801,-0.938887064322855,0.219084210521481),
(0.251211503743491,-0.960385978331327,-0.120629818086219),(-0.0277439167019441,
-0.989530027938984,0.14163544363297),(-0.358959534314351,-0.749331641741917,
-0.55646216709601),(-0.0277439167019441,-0.989530027938984,0.14163544363297),
(-0.358959534314351,-0.749331641741917,-0.55646216709601),(0.,0.,-1.),(0.,
0.,-1.),(0.511654554276942,0.859191257571714,0.),(-0.0524211419712391,0.998625066716448,
0.),(0.998599014372866,0.0529151064776403,0.),(0.,0.,-1.),(0.,0.,-1.),(0.99439998301292,
0.105681946348014,0.),(0.885643838701894,0.464365148314744,0.),(0.902578802979309,
0.273995933628731,0.332080912982601),(0.,0.,-1.),(-0.994824066652724,0.100938122612061,
-0.0116863943151124),(0.,0.,-1.),(-0.419675572415184,0.907674178280944,
0.),(-0.0524211419712391,0.998625066716448,0.),(0.,0.,-1.),(-0.712714117961481,
0.701454621524719,0.),(-0.419675572415184,0.907674178280944,0.),(0.,0.,
-1.),(-0.969256551980499,0.223901838985036,-0.102027951768098),(-0.730689953673813,
0.679292616099807,0.0682182769676943),(0.,0.,-1.),(0.,1.,0.),(-0.999988785314995,
0.00473595230550053,0.),(0.885643838701894,0.464365148314744,0.),(0.,0.,
-1.),(0.511654554276942,0.859191257571714,0.),(0.,0.,-1.),(0.511654554276942,
0.859191257571714,0.),(-0.0524211419712391,0.998625066716448,0.),(-0.0277439167019441,
-0.989530027938984,0.14163544363297),(0.256800877558404,-0.960804631629068,
-0.10444026582389),(0.,0.,-1.),(0.,0.,-1.),(-1.,0.,0.),(0.,-1.,0.),(-0.0524211419712391,
0.998625066716448,0.),(-0.419675572415184,0.907674178280944,0.),(0.,0.,
-1.),(0.,0.,-1.),(0.283259766988453,-0.958738958410139,-0.0241560351111235),
(0.628094029074367,-0.778137449709965,0.),(0.628094029074367,-0.778137449709965,
0.),(0.290814111308638,-0.956779573707428,0.),(0.,0.,-1.),(-0.419675572415184,
0.907674178280944,0.),(-0.718840885940775,0.694837489234669,0.0216481928562621),
(0.,0.,-1.),(0.,0.,-1.),(-1.,0.,0.),(0.628094029074367,-0.778137449709965,
0.),(-0.734703309579632,0.672932409325949,0.0858662877473396),(-0.972552403530038,
0.217350066541022,-0.0830708791488296),(0.,0.,-1.),(0.,0.,-1.),(0.628094029074367,
-0.778137449709965,0.),(-1.,0.,0.),(-0.995319314050408,0.0966408975446023,
0.),(0.,0.,-1.),(0.,0.,-1.),(1.,0.,0.),(0.,-1.,0.),(-0.999988785314995,
0.00473595230550053,0.),(0.,1.,0.),(0.,0.,-1.),(0.,1.,0.),(0.,0.,-1.),(1.,
0.,0.),(-1.,0.,0.),(0.,0.,-1.),(0.,-1.,0.),(0.,-1.,0.),(1.,0.,0.),(0.,0.,
-1.),(0.,0.,-1.),(0.,1.,0.),(1.,0.,0.),(0.,0.,-1.),(0.,1.,0.),(-0.922035761912304,
-0.387104706448781,0.),(-0.922035761912304,-0.387104706448781,0.),(0.,0.,
-1.),(0.,-1.,0.),(0.,0.,-1.),(0.,-1.,0.),(-0.92793238939188,0.372748548913979,
0.),(0.,1.,0.),(0.,0.,-1.),(0.929694755536621,0.368330913076411,0.),(0.,
1.,0.),(0.,0.,-1.),(-0.922035761912304,-0.387104706448781,0.),(0.,0.,-1.),
(-0.922035761912304,-0.387104706448781,0.),(0.,-1.,0.),(0.,1.,0.),(0.929694755536621,
0.368330913076411,0.),(0.,0.,-1.),(0.929694755536621,0.368330913076411,
0.),(0.,0.,-1.),(0.,1.,0.),(0.,0.,-1.),(0.,-1.,0.),(0.937271684133586,0.348599756341555,
0.),(0.929694755536621,0.368330913076411,0.),(0.,0.,-1.),(0.,1.,0.),(0.,
0.,-1.),(0.,1.,0.),(-0.937061951132389,0.349163142012384,0.),(0.,1.,0.),
(-0.937061951132389,0.349163142012384,0.),(0.,0.,-1.),(0.,0.,-1.),(0.,1.,
0.),(-0.937061951132389,0.349163142012384,0.),(0.937271684133586,0.348599756341555,
0.),(-0.944630686913209,0.32813543749781,0.),(0.,0.,-1.),(0.937271684133586,
0.348599756341555,0.),(0.,-1.,0.),(0.,0.,-1.),(0.,-1.,0.),(0.,0.,-1.),(-0.944630686913209,
0.32813543749781,0.),(0.,-1.,0.),(0.,0.,-1.),(-0.944630686913209,0.32813543749781,
0.),(0.937271684133586,0.348599756341555,0.),(0.,0.,-1.),(-0.944630686913209,
0.32813543749781,0.),(0.,-1.,0.),(0.930382178145536,-0.366591056340941,
0.),(0.,0.,-1.),(0.930382178145536,-0.366591056340941,0.),(0.,0.,-1.),(0.,
-1.,0.),(1.,0.,0.),(0.,1.,0.),(0.,0.,1.),(0.,0.,1.),(1.,0.,0.),(0.,-1.,
0.),(1.,0.,0.),(0.,0.,1.),(0.,1.,0.),(0.,1.,0.),(1.,0.,0.),(0.,0.,1.),(0.,
0.,1.),(0.997996207952629,0.0632670060861604,0.000924582644833089),(0.,
0.,1.),(0.983615223655597,0.180261009137915,0.00265713709286116),(0.,0.,
1.),(0.979398277621036,0.201932852377995,0.0014618219571861),(0.,0.,1.),
(0.935493899567865,0.353342841272705,-1.98151714389797E-5),(0.,0.,1.),(0.89325017972771,
0.449559896347585,-0.000126539965481142),(0.,0.,1.),(0.893509933380181,
0.449043096879373,-0.000544146971647049),(0.,0.,1.),(0.814920118900218,
0.579572646127835,0.000864680306630102),(0.,0.,1.),(0.739888126198803,0.67272468264863,
0.00265745467020649),(0.,0.,1.),(0.728759706193491,0.684768027196024,0.00142813124081098),
(0.,0.,1.),(0.717586619918528,0.69646926823527,-3.63005453766635E-5),(0.,
0.,1.),(0.717416146877744,0.696644867509266,2.77864779941915E-5),(0.,0.,
1.),(0.637785919639826,0.770213685075889,5.56780873813992E-6),(0.,0.,1.),
(0.480562417140623,0.876957066898786,0.00246293488328617),(0.,0.,1.),(0.418470624807131,
0.908219287309054,0.00447909961514517),(0.,0.,1.),(0.395386751843638,0.918512021935703,
0.00223204527810956),(0.,0.,1.),(0.236132855633237,0.971720780106341,0.),
(0.,0.,1.),(0.0533684231422368,0.998574890236737,0.),(1.,0.,0.),(0.,-1.,
0.),(0.,0.,1.),(0.0280453331543508,0.0506184910964547,0.998324209687103),
(0.,0.,1.),(1.,0.,0.),(0.,1.,0.),(0.,0.0287399831320575,0.999586921367806),
(1.,0.,0.),(1.,0.,0.),(0.,-1.,0.),(0.,0.,1.),(0.,0.,1.),(0.997108779674368,
-0.0759833645613874,-0.000780900905969627),(0.,0.,1.),(0.996979579610834,
-0.0776600651708599,-0.000795057646695154),(0.,0.,1.),(0.998336059937933,
-0.0576597049762538,-0.000685455801348555),(0.,0.,1.),(0.996305567844092,
-0.0858779988168478,0.000429886118931727),(0.,0.,1.),(0.994767600761183,
-0.102150678525343,0.00163075217376052),(0.,0.,1.),(0.983048054337841,-0.183347575110087,
0.000435389292121421),(0.,0.,1.),(0.961491162657797,-0.27483556189083,-0.000397556422367627),
(0.,0.,1.),(0.958993123726761,-0.283429327547295,7.02202003600708E-5),(0.,
0.,1.),(0.911157151617126,-0.412059030289937,2.4768568860771E-5),(0.,0.,
1.),(0.849405323304813,-0.527741031806796,-9.43107435879412E-6),(0.,0.,
1.),(0.849795394719509,-0.5271126890187,-1.37473252639682E-5),(0.,0.,1.),
(0.77775188435963,-0.628571401166953,3.17145598943236E-6),(0.,0.,1.),(0.689220896868967,
-0.72455127480054,7.41892815975208E-5),(0.,0.,1.),(0.690513884869746,-0.723319136968677,
2.99496079548608E-5),(0.,0.,1.),(0.672540807553265,-0.740060039335202,1.88356395376092E-5),
(0.,0.,1.),(0.662879757549654,-0.748725747153037,0.000427295024880273),
(0.,0.,1.),(0.628550091067403,-0.77776909126102,-0.000153942089193128),
(0.,0.,1.),(0.579776000629452,-0.814775199700696,-0.00107844647916504),
(0.,0.,1.),(0.55541531399102,-0.831572876259588,-0.00061680921922219),(0.,
0.,1.),(0.570488532893342,-0.821305562683779,-8.08819082130921E-5),(0.,
0.,1.),(0.520874170507013,-0.853633468472844,-1.28556779440882E-6),(0.,
0.,1.),(0.344334845659008,-0.938846906510063,-1.41940774733335E-5),(0.,
0.,1.),(0.261234419325435,-0.96527538705701,-7.28123803612052E-5),(0.,0.,
1.),(0.279421500074304,-0.960167875617843,-0.00112956971631586),(0.,0.,
1.),(0.287553679694544,-0.957762424971476,-0.00200464632421158),(0.,0.,
1.),(0.140119409667454,-0.99013458658566,0.000226894883923766),(0.,0.,1.),
(0.0439586336917481,-0.999031948137168,0.00167485080229891),(0.,0.,1.),
(0.0960783130588643,-0.995373655697026,0.000493258654825098),(0.,0.,1.),
(0.110636190275841,-0.993860971910734,-4.37481260972968E-5),(0.,0.,1.),
(0.0585265710020242,-0.998285851044492,-9.54565333163541E-6),(0.,0.,1.),
(0.,-1.,0.),(0.,0.,1.),(0.,-1.,0.),(1.,0.,0.),(1.,0.,0.),(0.,-0.0286371147972285,
0.999589873726265),(0.0805498966038519,-0.0367385896174032,0.996073285551838),
(0.930382178145536,-0.366591056340941,0.),(0.,1.,0.),(0.,0.,-1.),(0.,1.,
0.),(0.,0.,-1.),(0.930382178145536,-0.366591056340941,0.),(0.,0.,-1.),(-0.999572332234548,
-0.0292429928561679,0.),(-0.738432639289995,-0.35687045514135,0.572154450719749),
(-0.951475090641012,-0.307725773846908,0.),(-0.951475090641012,-0.307725773846908,
0.),(0.,0.,-1.),(-0.53415092043091,-0.84538913773647,0.),(0.,0.,-1.),(-0.53415092043091,
-0.84538913773647,0.),(-0.170235948673627,-0.985403329494675,0.),(-0.937061951132389,
0.349163142012384,0.),(0.,1.,0.),(0.,0.,-1.),(-1.,0.,0.),(0.000287093197215653,
0.996476847489512,-0.0838678126271397),(-1.,0.,0.),(-4.29719342189682E-5,
0.998519515499243,0.0543946258427209),(-1.,0.,0.),(-0.000212672682394236,
0.983637412426969,0.180159361800343),(-1.,0.,0.),(-0.000301601776023195,
0.960527729535172,0.278184093417248),(-1.,0.,0.),(-7.78187547619525E-6,
0.91666237729219,0.399662465083316),(-1.,0.,0.),(-0.00028451650030666,0.878550807350819,
0.477648822832826),(-1.,0.,0.),(-0.000154212282037025,0.8421594297688,0.539228588884215),
(-1.,0.,0.),(1.30809026462112E-5,0.78368175828004,0.621162540377312),(-1.,
0.,0.),(8.83856545446172E-5,0.726815278754746,0.686832980248209),(-1.,0.,
0.),(0.000964658215868369,0.985689279660622,-0.168569609943939),(-1.,0.,
0.),(0.000371576076402934,0.96807783511168,-0.250649490517538),(-1.,0.,
0.),(4.40302588204212E-5,0.91246890798516,-0.409146049744717),(-1.,0.,0.),
(0.000577164459798075,0.881636592974072,-0.471928580200708),(-1.,0.,0.),
(0.000163663936518571,0.831542634188572,-0.555460908382261),(-1.,0.,0.),
(-0.000239215017311843,0.748658679451305,-0.662955597652213),(-1.,0.,0.),
(2.9838375117244E-6,0.666897866441838,-0.745149136566916),(-4.03462921416635E-5,
0.998496210234077,0.0548207672361807),(1.,0.,0.),(1.,0.,0.),(-0.000207877761829213,
0.983756391738774,0.17950854715011),(0.000293944136435498,0.996402861873484,
-0.0847422589218304),(1.,0.,0.),(1.,0.,0.),(0.000965208082054194,0.985682605101937,
-0.168608630777959),(-0.000294161139572971,0.960384326622241,0.278678773227473),
(1.,0.,0.),(1.,0.,0.),(4.49101702130107E-5,0.912330755472265,-0.409454015247722),
(0.00037730522223423,0.968270013868207,-0.24990605811871),(1.,0.,0.),(1.,
0.,0.),(0.000573194502380064,0.8814893242521,-0.472203602990953),(-7.82533433327529E-6,
0.91671182131603,0.399549041543352),(1.,0.,0.),(1.,0.,0.),(-0.000287013174052051,
0.878640978919808,0.477482929314002),(1.38062116944074E-5,0.7838419989069,
0.620960321243656),(1.,0.,0.),(1.,0.,0.),(-0.00015276102737598,0.841961902029013,
0.539536960917188),(0.00016893387579539,0.832035779681834,-0.554721941868706),
(1.,0.,0.),(1.,0.,0.),(0.000830308643225782,0.888900153950051,-0.458100236733329),
(0.,-0.318413306404997,0.947951985231224),(-0.000235350293347195,0.748447682962366,
-0.663193795566956),(1.,0.,0.),(1.,0.,0.),(8.83747565195343E-5,0.726683921628716,
0.686971957387063),(1.63095357557685E-5,0.654809349146731,0.755794096301389),
(1.,0.,0.),(1.,0.,0.),(0.0001604921412079,0.607398026517873,-0.794397640747041),
(2.98654203193942E-6,0.666919303202956,-0.745129950415606),(1.,0.,0.),(0.,
-1.,0.),(-0.92793238939188,0.372748548913979,0.),(0.,0.,-1.),(0.,-1.,0.),
(0.934377015341406,-0.356285830761884,0.),(0.,0.,-1.),(-0.92793238939188,
0.372748548913979,0.),(0.,1.,0.),(0.,0.,-1.),(0.,0.,-1.),(0.,-1.,0.),(0.934377015341406,
-0.356285830761884,0.),(0.,0.,-1.),(0.940902526484738,-0.338677480288603,
0.),(-0.92793238939188,0.372748548913979,0.),(0.,0.,-1.),(0.,1.,0.),(0.,
0.,-1.),(0.,1.,0.),(-1.,0.,0.),(0.,0.,-1.),(1.,0.,0.),(0.,1.,0.),(0.,0.,
-1.),(-0.940837029929205,-0.338859385459504,0.),(0.,-1.,0.),(0.940902526484738,
-0.338677480288603,0.),(0.,0.,-1.),(0.,0.,-1.),(-0.999358369034563,-0.035816898812973,
0.),(-1.,0.,0.),(0.,1.,0.),(0.,0.,-1.),(0.,0.,-1.),(-0.997434299518842,
-0.0715878351632174,0.),(-0.738432639289995,-0.35687045514135,0.572154450719749),
(0.,0.,-1.),(0.998340412785568,0.057588368609836,0.),(0.,0.,-1.),(0.993367159601717,
0.114985591379169,0.),(0.763758708783478,0.645501847214549,0.),(-0.738432639289995,
-0.35687045514135,0.572154450719749),(0.,0.,-1.),(-0.53415092043091,-0.84538913773647,
0.),(-0.951475090641012,-0.307725773846908,0.),(0.,0.,-1.),(0.,1.,0.),(1.,
0.,0.),(-0.53415092043091,-0.84538913773647,0.),(0.,0.,-1.),(-0.171949803837531,
-0.985094055542409,0.00479235800465756),(0.,0.,-1.),(0.763758708783478,
0.645501847214549,0.),(0.247643950957764,0.968851110106206,0.),(0.998132569974109,
0.0610782640983023,0.000904661051639766),(0.,0.,1.),(0.,0.,1.),(0.983187923088917,
0.182576155593865,0.00273043964714905),(0.997117313767766,-0.0758713014436315,
-0.000779872940778749),(0.,0.,1.),(0.,0.,1.),(-0.999942159289142,0.0104766841339005,
-0.00243252250294473),(0.,0.,1.),(-0.994666606547344,-0.103128276463045,
-0.00170305999703841),(0.99697955050393,-0.077660340337831,-0.000804621397985566),
(0.,0.,1.),(0.,0.,1.),(0.978519932256621,0.206147752075089,0.00135885646221885),
(0.99833959037164,-0.0575984271311673,-0.000695333446461682),(0.,0.,1.),
(0.,0.,1.),(0.935523286246471,0.353265029249433,0.),(0.,0.,1.),(-0.969273844576927,
-0.245983909793109,-0.000361029027895358),(0.996503036742447,-0.083555625305247,
0.000394008794674176),(0.,0.,1.),(0.,0.,1.),(-0.990556576685983,0.137092936971332,
-0.00178746097019837),(0.994883828503951,-0.101012155184988,0.00164690200225235),
(0.,0.,1.),(0.,0.,1.),(0.982732446790335,-0.185031824754005,0.000402310433387495),
(0.959053472926156,-0.283224690068001,-0.000459351894761287),(0.,0.,1.),
(0.,0.,1.),(-0.961987437624006,0.273047628517234,-0.00501621517821143),
(0.,1.,0.),(0.92934477216599,0.369213074589382,0.),(0.,0.,-1.),(0.,0.,-1.),
(-0.940837029929205,-0.338859385459504,0.),(0.947096241240521,-0.320949699841075,
0.),(0.,1.,0.),(0.,0.,-1.),(0.92934477216599,0.369213074589382,0.),(0.998340412785568,
0.057588368609836,0.),(0.,0.,-1.),(0.,0.,-1.),(-0.99996776620536,0.00144756609534636,
0.00789753775949876),(-0.928595358388659,0.33226994741889,-0.165249334102396),
(0.993367159601717,0.114985591379169,0.),(0.,0.,-1.),(0.763758708783478,
0.645501847214549,0.),(0.,0.,-1.),(0.,1.,0.),(-0.999999702639995,0.000771180861396581,
0.),(-0.176020947239226,-0.984252678164602,0.0162262644750584),(0.233416669929288,
-0.972306002895656,-0.0117343483923972),(0.,0.,-1.),(0.,0.,-1.),(0.221379200118447,
-0.974070451007349,-0.0466691142968998),(-0.177922891343519,-0.983807509708476,
0.0215923268123045),(0.947096241240521,-0.320949699841075,0.),(-0.940837029929205,
-0.338859385459504,0.),(0.,0.,-1.),(0.,0.,-1.),(0.763758708783478,0.645501847214549,
0.),(0.247643950957764,0.968851110106206,0.),(0.956329202246648,-0.292291732225729,
1.42398491448369E-5),(0.,0.,1.),(0.,0.,1.),(-0.928682521310259,0.370874944699422,
-0.000741624581529556),(0.,0.,1.),(-0.955696557370013,0.294313256576355,
-0.00487824092548856),(0.911196557403078,-0.411971884692121,0.),(0.,0.,
1.),(0.,0.,1.),(0.882707509350499,0.469922815525236,-1.96232662703261E-5),
(0.,0.,1.),(-0.883953916690902,-0.467574029144387,-2.08925361457985E-5),
(0.,0.,1.),(-0.93910371399719,-0.34363309329042,-0.000715228874162852),
(0.850555805714158,-0.525884797040025,4.01012563840606E-5),(0.,0.,1.),(0.,
0.,1.),(-0.865268689044336,0.501308318231541,-0.000256576227899919),(0.882725369433592,
0.46988901757211,-0.000483035657614565),(0.,0.,1.),(0.,0.,1.),(0.816213188982515,
0.577750245640168,0.000826918205861594),(0.,0.,1.),(-0.821312476369152,
-0.570478568601296,0.000137575386273631),(0.247643950957764,0.968851110106206,
0.),(0.,0.,-1.),(-0.200209929861289,0.979753021932027,0.),(0.,0.,-1.),(-0.200209929861289,
0.979753021932027,0.),(0.247643950957764,0.968851110106206,0.),(0.,0.,-1.),
(0.92934477216599,0.369213074589382,0.),(0.,-1.,0.),(-0.940837029929205,
-0.338859385459504,0.),(0.,0.,-1.),(0.,-1.,0.),(0.272386227713285,-0.95604108916456,
0.10858719437009),(0.,0.,-1.),(0.607116469593367,-0.74361539850498,-0.28008165140681),
(0.280002712291224,-0.950655356605801,0.133614647648582),(0.622147315986645,
-0.743489422112971,-0.24526760164509),(0.,0.,-1.),(-0.999984750810656,0.00484228675588453,
-0.00265525989750028),(0.,0.,1.),(0.,0.,1.),(-0.994665242337901,-0.103136973843249,
-0.00195456167511375),(0.,0.,1.),(-0.201395439028859,0.97951001890046,3.46322606849509E-6),
(-0.990370189508646,0.138432795281596,-0.00180247694373696),(0.,0.,1.),
(0.,0.,1.),(-0.969805990705566,-0.2438774985992,-0.000325681736043658),
(0.740045896626182,0.67255115523884,0.00264848516195187),(0.,0.,1.),(0.,
0.,1.),(-0.820303364750157,-0.571928589623914,0.000279553879051675),(0.92934477216599,
0.369213074589382,0.),(0.,0.,-1.),(0.,-1.,0.),(0.,0.,-1.),(-0.802179269417842,
0.597083260288091,0.),(-1.,0.,0.),(0.,0.,-1.),(-0.853267387937269,0.521473647160343,
0.),(0.,0.,-1.),(-0.938184076220658,0.283376508816839,0.198767183852792),
(-0.888143436959806,0.449788902181756,-0.0942930477784732),(0.,0.,-1.),
(-0.979473756864705,0.192914402541362,0.0584396518251953),(0.,0.,-1.),(0.,
1.,0.),(-0.990546231822123,0.137179308290254,0.),(-0.961215246859527,0.275751765485283,
-0.0051198668467882),(0.,0.,1.),(-0.200209929861289,0.979753021932027,0.),
(0.,0.,-1.),(-0.554700495435408,0.832050094864314,0.),(0.,0.,-1.),(-0.554700495435408,
0.832050094864314,0.),(-0.200209929861289,0.979753021932027,0.),(0.727707152072257,
0.685886786752569,0.0012714484346684),(0.,0.,1.),(0.,0.,1.),(0.717550651160401,
0.696506325840174,-3.29227208970784E-5),(-0.94060199793242,-0.339510513020114,
-0.000702164054226175),(0.,0.,1.),(0.,0.,1.),(-0.955481351834256,0.295015430311749,
-0.00461326077273246),(-0.888494524971557,-0.458887218271141,-1.71492297204693E-6),
(0.,0.,1.),(0.,0.,1.),(0.850992797597278,-0.525177358054536,3.20065058206697E-5),
(0.,0.,1.),(-0.733426469715337,0.679767819854934,0.00115091727279214),(0.,
0.,1.),(-0.795832235949287,0.605517172796845,-7.5313173649205E-5),(0.777754547479733,
-0.628568105995361,0.),(0.,0.,1.),(0.,0.,1.),(0.717423859082072,0.696636925171751,
3.01170318073748E-5),(0.,0.,1.),(-0.749173437376525,-0.662373743437168,
-0.000429807485821463),(-0.927957930582207,0.372684282866717,-0.000710192726873137),
(0.,0.,1.),(0.,0.,1.),(-0.864845945510335,0.50203723854779,-0.000318819139292414),
(0.689283384048326,-0.724491831015049,5.71607287580606E-5),(0.,0.,1.),(0.,
0.,1.),(-0.826988192528367,-0.562219271103109,0.000143593010371529),(-0.820290665543712,
-0.571946805321742,0.000275507000483292),(0.,0.,1.),(0.,0.,-1.),(-0.812760884661621,
-0.582597411909854,0.),(0.686441144814445,-0.725027143364616,-0.0559838913472345),
(-0.554700495435408,0.832050094864314,0.),(0.,0.,-1.),(-0.927293264875359,
0.373186110001804,-0.0293143005804186),(-0.554700495435408,0.832050094864314,
0.),(-0.924573198707672,0.381004462219886,0.),(0.,0.,-1.),(0.700071250723882,
-0.714072996205499,0.),(-0.823830607720135,-0.564317578526992,-0.0533741543155912),
(0.,0.,-1.),(0.,0.,-1.),(-0.840696550231801,-0.496775674238298,-0.215506937042486),
(-0.542217710680286,-0.835092258978565,0.0928486576031506),(0.,0.,-1.),
(-0.474374017409931,-0.87960514301803,-0.0355539587471555),(-0.108840064474671,
-0.966161702490966,0.23384910734255),(-0.929671751808767,0.339489427346377,
-0.143029236902276),(-0.999964955007118,0.00147694606752974,0.00824059390620809),
(0.,0.,-1.),(0.690348296393491,-0.723477179440023,2.22735990035161E-5),
(0.,0.,1.),(0.,0.,1.),(-0.725231628388318,0.688504703951123,0.000598182585903357),
(-0.797151122382658,0.603779828993801,-7.86402288982642E-5),(0.,0.,1.),
(0.,0.,1.),(-0.733465466897827,0.679725696221848,0.00117760947577779),(0.68608504228232,
-0.727521267036576,0.000347513972418862),(0.,0.,1.),(0.,0.,1.),(-0.719089881298431,
0.694916840968396,0.000571622876428388),(0.,0.,1.),(-0.301683903034211,
0.953407913091651,-0.000417018306723613),(0.,0.,1.),(-0.301793756603539,
0.953373172887872,-0.000348845002619719),(-0.748531837351717,-0.663098704065449,
-0.000444001783735477),(0.,0.,1.),(0.,0.,1.),(-0.0444685980811278,0.999010782616834,
0.),(0.637786555527385,0.770213158540228,0.),(0.,0.,1.),(0.,0.,1.),(-0.611779041912562,
-0.791015819145922,-0.00451417073810241),(0.676329431674331,-0.736598829464723,
0.000815035138018175),(0.,0.,1.),(0.,0.,1.),(-0.637708407679443,0.770277863253949,
-1.24851861367234E-5),(-0.999999571835965,0.000809571909692034,0.000448242355562299),
(0.,1.,0.),(0.,0.,-1.),(0.,1.,0.),(0.,0.,-1.),(1.,0.,0.),(0.,0.,-1.),(0.996181290579425,
0.0788342285355767,0.0375233355488486),(0.,1.,0.),(0.,0.,-1.),(1.,0.,0.),
(0.627596272838191,-0.778538947028157,-0.000162110758734998),(0.,0.,1.),
(0.,0.,1.),(0.579821608482953,-0.814742722795266,-0.00109452656313744),
(-0.835415527016073,-0.533045534283563,-0.133952811097071),(0.,0.,-1.),
(-0.520264542016255,-0.852606199825964,0.048861788126765),(0.,0.,-1.),(0.933760956192975,
0.344604517910299,0.0966343775547431),(0.487820568790669,0.872943922978302,
0.),(0.567385002478131,-0.82345242664048,-0.000600018997700207),(0.,0.,
1.),(0.,0.,1.),(0.483238563184708,0.875485501876839,0.00237214136127722),
(-0.608367198753138,-0.793641696804634,-0.00471259740715649),(0.,0.,1.),
(-0.450176676528266,-0.88963350695804,-0.0767670711145368),(0.,0.,-1.),
(-0.102334164668624,-0.962874218410356,0.249801837988077),(-0.631440285596468,
0.775424506786993,0.),(0.,0.,1.),(0.,0.,1.),(-0.435379711518595,0.900246914338363,
-4.71593289945173E-6),(0.,0.,1.),(-0.435378503867264,0.900247498397137,
0.),(0.998206707279001,0.0598612524360761,0.),(0.,0.,-1.),(0.,0.,-1.),(0.953576962338974,
0.255831963527132,0.158874111592251),(0.,0.,-1.),(-0.995033486930469,0.0995407448585411,
0.),(0.,0.,-1.),(-0.752811392327794,0.658236285524802,0.),(-0.189702883085998,
0.981841543299559,0.),(0.,0.,-1.),(-0.98098756788576,0.194070584204769,
0.),(-0.752811392327794,0.658236285524802,0.),(0.,0.,-1.),(0.,1.,0.),(-0.999991587656277,
0.0041017821345364,0.),(-0.115549933660581,-0.969256301503367,0.217233595070028),
(0.,0.,-1.),(0.237577134893514,-0.965155441828809,-0.109690829534768),(0.237577134893514,
-0.965155441828809,-0.109690829534768),(-0.117976958804001,-0.970300689221125,
0.211182408567494),(0.361103195233765,-0.893379992090059,0.267351214931092),
(0.,0.,-1.),(0.,0.,-1.),(0.912510290122738,0.409053750037959,0.),(0.487820568790669,
0.872943922978302,0.),(0.410627971557904,0.911790230243373,0.00482130760046519),
(0.,0.,1.),(0.,0.,1.),(-0.55834274333475,-0.829578758910994,-0.0072431850121388),
(0.,0.,1.),(-0.488960075994291,-0.872301772407787,-0.00276802057261014),
(0.581861845907037,-0.813287643028051,-4.4446957255124E-5),(0.,0.,1.),(0.,
0.,1.),(0.52086731667421,-0.853637650540678,0.),(0.,0.,1.),(0.344347540962773,
-0.938842250345015,0.),(0.487820568790669,0.872943922978302,0.),(0.,0.,
-1.),(-0.189702883085998,0.981841543299559,0.),(0.,0.,-1.),(-0.189702883085998,
0.981841543299559,0.),(0.487820568790669,0.872943922978302,0.),(-0.555908078995362,
-0.831214252451387,-0.00700530009118627),(0.,0.,1.),(0.,0.,1.),(0.384988699252329,
0.922918472035068,0.00227934737510218),(0.,0.,1.),(-0.301797754726112,-0.95337160371651,
-0.000836940432378763),(0.,0.,1.),(0.236132842676394,0.971720783254925,
0.),(0.,0.,-1.),(-1.,0.,0.),(0.,-1.,0.),(0.,0.,-1.),(0.674166214549495,
-0.733022519118531,-0.0904317512001625),(0.361103195233765,-0.893379992090059,
0.267351214931092),(0.237577134893514,-0.965155441828809,-0.109690829534768),
(-0.189702883085998,0.981841543299559,0.),(-0.752811392327794,0.658236285524802,
0.),(0.,0.,-1.),(-0.489341216084522,-0.872088016499062,-0.00276870360529181),
(0.,0.,1.),(0.,0.,1.),(-0.294334559708265,-0.955701971825054,-0.000952896136144625),
(0.361103195233765,-0.893379992090059,0.267351214931092),(0.679954726926284,
-0.729411654781199,-0.0749680411905961),(0.,0.,-1.),(0.,0.,-1.),(-1.,0.,
0.),(0.,-1.,0.),(-1.,0.,0.),(0.,-1.,0.),(0.,0.,-1.),(0.,-1.,0.),(0.,0.,
-1.),(1.,0.,0.),(-1.,0.,0.),(-0.802179269417842,0.597083260288091,0.),(0.,
0.,-1.),(0.,0.,-1.),(0.813819910315151,-0.5811171599382,0.),(0.,1.,0.),
(0.,0.,-1.),(1.,0.,0.),(0.,-1.,0.),(0.,0.,-1.),(1.,0.,0.),(0.,1.,0.),(0.,
0.,-1.),(-0.386008851929912,0.922495076535236,0.),(-0.753367161036263,0.657600122165562,
0.),(-0.605151308168915,0.665314937457674,-0.437204675429188),(0.,0.,-1.),
(0.0488652179779204,0.998805381679519,0.),(-0.386008851929912,0.922495076535236,
0.),(0.,0.,-1.),(-0.852953681849097,0.521964369709467,-0.00481802593066344),
(-0.312152244559777,0.950032092004135,-1.94560874123323E-5),(0.,0.,1.),
(0.,0.,1.),(0.261231554196494,-0.965276163503059,-5.7139301224286E-5),(0.277403105588255,
-0.960753052756604,-0.00104337378625088),(0.,0.,1.),(0.,0.,1.),(-0.311803202855248,
0.950146705501092,2.67325504429205E-5),(0.,0.,1.),(-0.201394732578102,0.979510164158491,
0.),(0.,0.,-1.),(-1.,0.,0.),(0.697777074556359,-0.715930043302538,-0.0234803603123158),
(-0.752811392327794,0.658236285524802,0.),(-0.98098756788576,0.194070584204769,
0.),(0.,0.,-1.),(0.,0.,-1.),(0.705167573368566,-0.709040685341461,0.),(-1.,
0.,0.),(-0.167935707513552,-0.985797025848219,-0.00134980395952899),(0.,
0.,1.),(0.,0.,1.),(-0.172139389720849,-0.985071942537015,-0.00113953187149556),
(-0.995033486930469,0.0995407448585411,0.),(0.,0.,-1.),(-0.0794065677716758,
-0.996842313003253,-1.02338957370819E-6),(0.,0.,1.),(0.,0.,1.),(-0.07940669061127,
-0.996842303218601,0.),(-0.999991587656277,0.0041017821345364,0.),(0.,1.,
0.),(0.,0.,-1.),(0.,1.,0.),(0.,0.,-1.),(1.,0.,0.),(0.,0.,-1.),(1.,0.,0.),
(0.,-1.,0.),(0.879598896523133,-0.470970597071519,0.0670259496716249),(0.,
0.,-1.),(0.,0.,-1.),(0.812655289985297,-0.58259575575889,-0.013174408170371),
(0.,1.,0.),(0.,1.,0.),(1.,0.,0.),(0.,0.,-1.),(0.,0.,-1.),(0.817367743123431,
-0.566037028415332,-0.107294244785313),(0.,0.,-1.),(1.,0.,0.),(0.,1.,0.),
(-0.883598157368275,0.451555519032358,-0.12390282291702),(-0.947305694074146,
0.298122519867347,0.117195926220345),(0.,0.,-1.),(0.,0.,-1.),(-1.,0.,0.),
(0.,-1.,0.),(0.,-1.,0.),(1.,0.,0.),(0.,0.,-1.),(0.0533684231422368,0.998574890236737,
0.),(0.,0.,1.),(0.,0.,1.),(0.286957991639721,-0.957941141745497,-0.0019697678624603),
(0.142940540854103,-0.989731254787269,0.000212314755340655),(0.,0.,1.),
(0.,0.,1.),(0.0430946555513712,-0.999069578532381,0.00168164028222905),
(0.0960592739595224,-0.995375471900778,0.000534625732115051),(0.,0.,1.),
(0.,0.,1.),(-0.0444685980811278,0.999010782616834,0.),(0.,0.,-1.),(0.932847529423355,
-0.36007714226526,0.0118295590292817),(-0.954726787102717,0.290668879967511,
-0.0633116435338343),(0.,0.,-1.),(0.,0.,-1.),(-0.987104986163871,0.114389953968396,
-0.111976268564068),(0.,0.,-1.),(-0.995017967090845,-0.0578036599540425,
-0.0812279635490073),(0.,0.,-1.),(-0.9607930309306,-0.274804574208775,0.0368672986415368),
(0.,0.,-1.),(-0.929438325763021,-0.359718826798924,0.0821386891132189),
(-0.728154621300786,-0.673994886568789,-0.124586276762063),(0.,0.,-1.),
(-0.980307350629497,0.193103296794492,-0.0413353972870118),(0.,0.,-1.),
(-0.894819157604989,0.446354581008961,0.00814022084547485),(0.,0.,-1.),
(-0.605151308168915,0.665314937457674,-0.437204675429188),(-0.834149519395315,
0.55153837517671,0.),(0.880367701172705,-0.449025565056219,-0.152737528649083),
(0.,0.,-1.),(-0.990137977273465,0.139561879311891,0.0122175203598774),(0.,
1.,0.),(0.,0.,-1.),(0.,0.,-1.),(0.891392715753948,-0.112580656946411,0.439026903483506),
(0.94836981848809,-0.30002043976685,-0.102870905036229),(0.,1.,0.),(0.983289049332276,
-0.182051216593654,0.),(0.891392715753948,-0.112580656946411,0.439026903483506),
(0.,0.,-1.),(0.,0.,-1.),(0.,1.,0.),(0.983289049332276,-0.182051216593654,
0.),(0.94851695682082,-0.30408653537993,-0.0885830775261366),(0.891392715753948,
-0.112580656946411,0.439026903483506),(0.983289049332276,-0.182051216593654,
0.),(0.,0.,-1.),(0.,0.,-1.),(-0.999581117571629,-0.0156653636403912,0.0243348675005231),
(-0.886468215854917,-0.462789479438546,0.),(0.111342176046854,-0.993782128487043,
-3.05436422236471E-5),(0.,0.,1.),(0.,0.,1.),(0.058497950203527,-0.9982875286319,
0.),(0.,1.,0.),(1.,0.,0.),(0.,0.,1.),(1.,0.,0.),(0.,0.,1.),(0.,-1.,0.),
(0.,0.,1.),(1.,0.,0.),(0.,1.,0.),(0.,-1.,0.),(1.,0.,0.),(0.,0.,1.),(0.,
0.,1.),(0.,1.,0.),(1.,0.,0.),(0.,0.,1.),(0.,1.,0.),(1.,0.,0.),(0.,0.,1.),
(0.,-1.,0.),(-0.999581293336208,0.0274209884420653,-0.00923728343045354),
(0.,0.,-1.),(0.,0.,-1.),(-0.979573937841002,-0.191047384200599,0.062735933027112),
(-0.962303886635436,0.27165301591632,0.01326155005655),(0.,0.,-1.),(0.,
0.,-1.),(0.983892861308176,0.178759160511593,0.),(0.,0.,-1.),(0.991854490469695,
-0.12711340147656,-0.00817636228166177),(0.,0.,-1.),(-1.,0.,0.),(0.,-1.,
0.),(-0.931258984262862,-0.357434242417894,0.0706927618419918),(0.,0.,-1.),
(-0.724959325148955,-0.680687893829698,-0.105346893989625),(-0.902586224234312,
0.430509126294028,0.),(-0.605151308168915,0.665314937457674,-0.437204675429188),
(-0.753367161036263,0.657600122165562,0.),(0.,0.,-1.),(0.,0.,-1.),(0.672616922327495,
-0.717952642946124,0.17924976509152),(0.956406717360097,-0.258230236103762,
-0.136394047341809),(-0.753367161036263,0.657600122165562,0.),(-0.386008851929912,
0.922495076535236,0.),(0.,0.,-1.),(0.,0.,-1.),(0.,1.,0.),(-1.,0.,0.),(-0.734375546631053,
-0.657361582731723,-0.169021614176373),(0.,0.,-1.),(-0.47737275156559,-0.876776150206857,
0.0581277772767995),(0.,0.,-1.),(0.946681978671979,0.322169569105628,0.),
(0.696146111486218,0.717900126384317,0.),(-0.738984082377989,-0.638867486405848,
-0.213894508591118),(-0.492890178198872,-0.864940220833604,0.0945393390044646),
(0.,0.,-1.),(-0.430002828213354,-0.901778927108389,-0.0435009695496558),
(-0.1348817822964,-0.981219636639926,0.137894631790937),(0.,0.,-1.),(0.,
0.,-1.),(0.983892861308176,0.178759160511593,0.),(0.991695088025272,-0.128611245179216,
0.),(0.,0.,-1.),(0.958227516150068,-0.263812336312086,-0.110467545018567),
(0.639279326510122,-0.723298678644243,0.261076548483882),(0.,0.,-1.),(0.,
0.,-1.),(-0.99875058579901,0.007034705424177,-0.049475047101837),(0.,0.,
-1.),(0.712553281612996,-0.699496740024952,0.0545172592581022),(0.22000624690929,
-0.975498463002832,0.),(0.22000624690929,-0.975498463002832,0.),(0.,0.,
-1.),(-0.292504252920983,-0.956264221867125,0.),(0.,0.,-1.),(-0.292504252920983,
-0.956264221867125,0.),(-0.700468325773334,-0.713683490483213,0.),(-0.700468325773334,
-0.713683490483213,0.),(0.,0.,-1.),(-0.946183497847711,-0.323630635757295,
0.),(0.,0.,-1.),(-0.977029478569125,-0.212699211320567,-0.0131317748439803),
(0.946681978671979,0.322169569105628,0.),(0.,0.,-1.),(0.696146111486218,
0.717900126384317,0.),(0.,0.,-1.),(-0.978181554534546,0.202341403913082,
-0.0471041678714532),(0.,0.,-1.),(0.696146111486218,0.717900126384317,0.),
(0.291459262681951,0.956583241645437,0.),(-0.411787123575488,-0.907804783828924,
-0.0795099950619213),(0.,0.,-1.),(-0.101220767360023,-0.968195542162517,
0.228805044506623),(0.,0.,-1.),(0.22000624690929,-0.975498463002832,0.),
(0.726030513789661,-0.687662484832727,0.),(0.,0.,-1.),(-0.386008851929912,
0.922495076535236,0.),(0.0488652179779204,0.998805381679519,0.),(0.696146111486218,
0.717900126384317,0.),(0.,0.,-1.),(0.291459262681951,0.956583241645437,
0.),(0.,0.,-1.),(-0.99805521485189,-0.0511292437458897,-0.0356593401638577),
(-0.828415766235172,-0.470688837902958,0.303610500685592),(-0.893277335822101,
-0.306268949128916,-0.32902117273215),(0.,0.,-1.),(0.557666386934363,0.830065178695971,
0.),(0.0488652179779204,0.998805381679519,0.),(0.,0.,-1.),(0.887707970592113,
0.46040694928208,0.),(0.557666386934363,0.830065178695971,0.),(0.,0.,-1.),
(-0.813093764848838,0.581693601281663,-0.0226071624029313),(0.,0.,-1.),
(-0.893277335822101,-0.306268949128916,-0.32902117273215),(-0.659796878202859,
-0.739064464749007,0.135837389768152),(-0.659796878202859,-0.739064464749007,
0.135837389768152),(0.,0.,-1.),(-0.262228086932494,-0.693894972948085,-0.670631192937743),
(0.,0.,-1.),(-0.41339586454039,0.910551403920121,0.),(-0.483600672271678,
0.786479279782058,-0.384162377454998),(-0.714947077299208,0.699178572799053,
0.),(0.,0.,-1.),(0.0487699668410331,0.998810037161384,0.),(-0.41339586454039,
0.910551403920121,0.),(0.,0.,-1.),(-0.898979612658778,-0.423078124579679,
0.113316179453842),(-0.594992201842304,-0.80303932767092,-0.0333484326570928),
(0.,0.,-1.),(-0.893988574806223,0.398856575596044,-0.204200539224891),(-0.997429263850206,
0.0158348168695974,0.0698864950469147),(0.,0.,-1.),(-0.618638471493327,
0.775791822336997,0.124231598168266),(-0.874781361149037,0.412481163769387,
-0.254198465222926),(-0.166193939794536,-0.984886747048097,0.0487613562628052),
(0.,0.,-1.),(0.187947740896221,-0.982179029857595,0.),(-0.182634084908029,
-0.983180955384006,0.),(0.16842717235803,-0.984006266824532,-0.0579996074256146),
(0.,0.,-1.),(0.,0.0305302222493361,-0.999533844114048),(0.291459262681951,
0.956583241645437,0.),(-0.190159234931503,0.981753260942008,0.),(0.,0.,
-1.),(0.,0.,-1.),(0.291459262681951,0.956583241645437,0.),(-0.190159234931503,
0.981753260942008,0.),(0.22000624690929,-0.975498463002832,0.),(0.,0.,-1.),
(-0.292504252920983,-0.956264221867125,0.),(0.0488652179779204,0.998805381679519,
0.),(0.557666386934363,0.830065178695971,0.),(0.,0.,-1.),(-0.190159234931503,
0.981753260942008,0.),(-0.656420194667185,0.752086495689721,0.0589782250856262),
(0.,0.,-1.),(0.,0.,-1.),(-0.190159234931503,0.981753260942008,0.),(-0.637402585573082,
0.770530949349051,0.),(0.133282684293402,-0.978483452378788,-0.157498760275863),
(0.,0.,-1.),(0.400460254854915,-0.916070779482783,0.021116610981456),(0.0908538432548915,
-0.958510970610037,-0.270189375042802),(0.38678023626286,-0.921061622012478,
0.0452386703185326),(0.,0.,-1.),(0.,0.,-1.),(-0.292504252920983,-0.956264221867125,
0.),(-0.700468325773334,-0.713683490483213,0.),(0.430413493116362,-0.901996734661177,
-0.0338543291758355),(0.693990546912627,-0.715585464965473,0.0794642254480715),
(0.,0.,-1.),(0.,0.,-1.),(-0.685642784494592,0.706960658005492,0.173495245188289),
(-0.941683087863665,0.322631675475733,-0.0956125724540165),(0.,0.,-1.),
(0.706266275769658,-0.695805076621521,0.130549772340576),(0.444767673214234,
-0.893541018761195,-0.0613690854975232),(-0.69361836017375,0.687561357308114,
0.214832377370131),(-0.941648660516381,0.32146891225041,-0.0997774453683942),
(0.,0.,-1.),(0.,0.,-1.),(-1.,0.,0.),(0.,-1.,0.),(0.,-1.,0.),(0.,0.,-1.),
(1.,0.,0.),(-1.,0.,0.),(0.,1.,0.),(0.,0.,-1.),(0.,1.,0.),(0.,0.,-1.),(1.,
0.,0.),(1.,0.,0.),(0.,-1.,0.),(0.,0.,-1.),(0.,0.,-1.),(0.,1.,0.),(1.,0.,
0.),(0.,0.,-1.),(0.557666386934363,0.830065178695971,0.),(0.890584117552995,
0.454379333260018,-0.0199837701281343),(-0.700468325773334,-0.713683490483213,
0.),(0.,0.,-1.),(-0.946183497847711,-0.323630635757295,0.),(-0.965413327576532,
0.254884388664599,-0.0548730840456459),(0.,0.,-1.),(0.,0.,-1.),(-0.976328735424787,
-0.216291933238012,0.),(0.,0.,-1.),(0.95262677800766,0.303737600512226,
0.0156745608493456),(0.,0.,-1.),(0.762407774162088,-0.646862157911301,0.0174279820847022),
(0.,0.,-1.),(0.898505839888943,-0.178896634050654,-0.400853152676652),(0.86799350244506,
-0.38827005502434,0.309570095591536),(0.832753003959428,-0.553644682442222,
0.),(0.743046497625922,-0.669239794368095,0.),(0.86799350244506,-0.38827005502434,
0.309570095591536),(0.,0.,-1.),(0.,0.,-1.),(-0.992440956583201,0.0752222039719156,
-0.0969668382790096),(0.,0.,-1.),(0.9986420278693,-0.051852252411153,-0.0050442138120437),
(0.898505839888943,-0.178896634050654,-0.400853152676652),(-0.991362039630071,
-0.0595736784627017,-0.11684298530476),(0.,0.,-1.),(0.,0.,-1.),(0.991114012986714,
0.133015086593109,0.),(0.,0.,-1.),(-0.783850531047892,0.61628825040569,
0.0759416709575903),(-0.922594025267074,0.342245644273706,-0.178011751064848),
(0.,0.,-1.),(-0.916825373421939,0.347955780468812,-0.195852009149923),(-0.992692937783013,
0.0157927712868806,0.119629927906069),(0.,0.,-1.),(-0.4846144010287,0.874727890441133,
0.),(-0.770858302208789,0.636708596466894,0.0194843809483885),(0.,0.,-1.),
(-0.143650006173439,0.665695476545991,-0.732266487170194),(-0.4846144010287,
0.874727890441133,0.),(0.86799350244506,-0.38827005502434,0.309570095591536),
(0.898505839888943,-0.178896634050654,-0.400853152676652),(0.994599031495735,
-0.102138738600688,0.0184511415583379),(0.,0.,-1.),(0.,0.,-1.),(-0.938525694485745,
-0.345198949823422,0.00268436786913078),(0.,0.,-1.),(-0.802195299896684,
-0.59207925206975,-0.0769731127874864),(0.920710047190075,0.38786549915664,
-0.0430507092533943),(0.,0.,-1.),(0.,0.,-1.),(-0.829307568662697,0.484018292812201,
-0.279240485571002),(-0.966660725748129,0.109676997315519,0.231382794425066),
(-0.935237994559121,0.163780119439457,-0.313856601028925),(0.990797936564092,
0.135330989166158,0.00222985910910188),(0.,0.,-1.),(0.,0.,-1.),(0.999485068481076,
-0.0111529937812046,-0.0300866849801422),(0.,0.,-1.),(-0.988355411484848,
-0.119068123520863,-0.0947436675975667),(0.,0.,-1.),(-0.935237994559121,
0.163780119439457,-0.313856601028925),(-0.997988074656909,-0.0336408165525499,
0.0537410299889507),(-0.994596814433464,0.0103825266811301,0.103292690247282),
(-0.920054407347352,0.344819136510057,-0.186009813228149),(0.,0.,-1.),(0.,
0.,-1.),(-0.999720056453972,-0.0236602773370767,0.),(-0.89176325772124,
-0.451117326054311,0.0353758436225701),(0.,0.,-1.),(0.999809514172774,-0.0195175656679336,
0.),(-0.923753805804127,0.341036762399506,-0.174278033482289),(-0.780999955356341,
0.621405143652157,0.0624076692084824),(0.,0.,-1.),(0.,0.,-1.),(0.816325899195638,
-0.577591573953804,0.),(0.983803689794442,-0.179249267632647,0.),(-0.900318094185861,
-0.405516567456738,0.158062148535452),(0.,0.,-1.),(-0.596362012999643,-0.801748404019199,
-0.039393477933292),(0.,0.,-1.),(0.990049844421069,0.14071711183014,0.),
(0.850355013298521,0.52620941777782,0.),(-0.442932345816088,-0.896546924865719,
-0.00381425532442296),(0.,0.,-1.),(0.,0.,-1.),(0.850355013298521,0.52620941777782,
0.),(0.570397195904003,0.821369002887771,0.),(-0.765704145516412,0.643192942699919,
0.),(-0.4846144010287,0.874727890441133,0.),(-0.143650006173439,0.665695476545991,
-0.732266487170194),(-0.356168471416417,0.910689435923961,-0.209257667160347),
(0.,0.,-1.),(-0.99858050939644,-0.0489816776916275,0.0209227508721814),
(-0.935237994559121,0.163780119439457,-0.313856601028925),(-0.966660725748129,
0.109676997315519,0.231382794425066),(0.,0.,-1.),(0.,0.,-1.),(-0.967777432651577,
-0.247543411548297,0.0461421743023967),(0.,0.,-1.),(0.994634393342084,0.0604136494256307,
-0.0839798460590466),(-0.966660725748129,0.109676997315519,0.231382794425066),
(-0.861671259898086,0.473451450406107,-0.182664621571879),(0.,0.,-1.),(0.,
0.,-1.),(0.95092102101797,-0.284775905434924,0.121045014229673),(0.978959676393056,
-0.0218935718856452,-0.202875882022705),(-0.999410915172365,-0.00727635594919988,
0.0335391901875469),(-0.885516647009296,0.405258023939952,-0.227214000232598),
(0.,0.,-1.),(0.,0.,-1.),(-0.994873991730906,-0.072882797449162,-0.0700987761191174),
(-0.828415766235172,-0.470688837902958,0.303610500685592),(0.,0.,-1.),(0.98156095186684,
-0.191149412163006,0.),(0.976416732847992,0.215894334836405,0.),(-0.870613012324238,
0.415058737704397,-0.264119721011038),(-0.614382746083408,0.78197549300407,
0.105110273789252),(0.,0.,-1.),(0.,0.,-1.),(0.763706945025669,-0.645563089186146,
0.),(0.98156095186684,-0.191149412163006,0.),(-0.828415766235172,-0.470688837902958,
0.303610500685592),(0.,0.,-1.),(-0.32056796956662,-0.74843550051678,-0.580586322999544),
(-0.659796878202859,-0.739064464749007,0.135837389768152),(-0.893277335822101,
-0.306268949128916,-0.32902117273215),(0.,0.,-1.),(-0.441895130577055,-0.897066716344045,
0.),(0.,0.,-1.),(0.976416732847992,0.215894334836405,0.),(0.810351009457058,
0.585944742677948,0.),(-0.853344280515692,-0.520289376423535,-0.0332039710270519),
(0.,0.,-1.),(0.,0.,-1.),(0.967509961456872,0.24817478296921,-0.0483089182233298),
(-0.834745006884515,0.550636698269712,0.),(-0.483600672271678,0.786479279782058,
-0.384162377454998),(0.,0.,-1.),(0.,0.,-1.),(0.639279326510188,-0.723298678644216,
-0.261076548483794),(0.951056208167849,-0.285582937941935,0.118044374969106),
(-0.594781771646813,0.803390885187969,0.0282441093605509),(0.,0.,-1.),(-0.284089338625264,
-0.958797813764435,0.),(0.,0.,-1.),(0.518305241477663,-0.854608325739825,
0.0316904754296183),(0.810176869614128,-0.585702143970457,-0.0237999682911987),
(0.,0.,-1.),(0.,-1.,0.),(0.509315428941697,-0.860533925817464,0.00889698595691898),
(-0.143650006173439,0.665695476545991,-0.732266487170194),(0.,0.,-1.),(0.0579412362821426,
0.994650214970836,0.0855205413720447),(-0.356168471416417,0.910689435923961,
-0.209257667160347),(-0.356168471416417,0.910689435923961,-0.209257667160347),
(0.,0.,-1.),(0.0621659089254365,0.995392410256563,0.073002392913548),(-0.586585412354089,
0.809887371190206,0.),(-0.284089338625264,-0.958797813764435,0.),(0.,0.,
-1.),(0.,0.,-1.),(0.365877232227682,-0.929593659256153,0.0446035829072738),
(0.763706945025669,-0.645563089186146,0.),(0.,0.,-1.),(0.810351009457058,
0.585944742677948,0.),(0.494644775284533,0.869095245806646,0.),(-0.344901117253649,
-0.769111288656632,-0.538062305851394),(0.0778133084400969,-0.881879008985322,
0.465010217673411),(-0.0251857923422529,-0.999682787620199,0.),(0.,0.,-1.),
(0.,0.,-1.),(0.494644775284533,0.869095245806646,0.),(0.0226358371290596,
0.999743776613521,0.),(-0.354517657991805,-0.776897448417648,-0.520334108832156),
(0.,0.,-1.),(0.0778133084400969,-0.881879008985322,0.465010217673411),(-0.733789357415912,
-0.655755969150419,-0.177587409088417),(0.,0.,-1.),(-0.475066576896085,
-0.878076340188692,0.0573906640235868),(0.,0.,-1.),(0.95183882591741,0.306352891280561,
-0.0122782523270597),(0.693974416467304,0.719999659228298,0.),(0.999809514172774,
-0.0195175656679336,0.),(0.,0.,-1.),(0.,0.,-1.),(0.990049844421069,0.14071711183014,
0.),(0.850355013298521,0.52620941777782,0.),(0.,0.,-1.),(0.0314144318551377,
0.999506444937309,0.),(0.983803689794442,-0.179249267632647,0.),(0.814321721931861,
-0.580358716353704,-0.00799334361898432),(0.,0.,-1.),(0.,0.,-1.),(-0.889170805430299,
-0.405003036393001,0.212950274202413),(0.,0.,-1.),(0.991739649763641,-0.128267170728488,
0.),(-0.138927519718297,0.990302551882465,0.),(0.,0.,-1.),(-0.963312015057292,
-0.26838398172443,0.),(0.126350309975137,-0.991985684961828,0.),(-0.737919002879487,
-0.637942162260562,-0.220239285323173),(-0.490235852139412,-0.866610498429444,
0.0930325388722455),(0.,0.,-1.),(0.,0.,-1.),(0.850355013298521,0.52620941777782,
0.),(0.570397195904003,0.821369002887771,0.),(0.,0.,-1.),(0.200842189153472,
0.979623608870285,0.),(0.570397195904003,0.821369002887771,0.),(0.808189366159775,
-0.588102528877569,-0.0310703066297975),(0.515150247955415,-0.856774981803782,
0.0235977241827282),(0.,0.,-1.),(-0.483600672271678,0.786479279782058,-0.384162377454998),
(-0.41339586454039,0.910551403920121,0.),(0.0487699668410331,0.998810037161384,
0.),(0.,0.,-1.),(0.,0.,-1.),(0.220005397299679,-0.975498654616709,0.),(0.712553281613029,
-0.69949674002492,-0.0545172592580845),(0.980471935640035,0.193380650752816,
-0.0357590175578166),(0.,0.,-1.),(0.,0.,-1.),(0.995076496040068,-0.0460363273281753,
0.0877691494475908),(0.990398706507252,-0.0325017805646543,-0.134365309544123),
(0.95093899909029,-0.284880296551243,0.120657517983889),(0.,0.,-1.),(0.,
0.,-1.),(-0.988354885222858,0.152128569862754,-0.00339397814147756),(0.,
0.,-1.),(-0.984783294910968,-0.173774365800262,0.00208131088847196),(0.98156095186684,
-0.191149412163006,0.),(0.,0.,-1.),(0.976416732847992,0.215894334836405,
0.),(0.98156095186684,-0.191149412163006,0.),(0.763706945025669,-0.645563089186146,
0.),(0.,0.,-1.),(0.,0.,-1.),(0.976416732847992,0.215894334836405,0.),(0.810351009457058,
0.585944742677948,0.),(0.,0.,-1.),(-0.487500297604544,0.810885568175867,
0.323740722121241),(-0.0219688336287641,0.994103798411855,-0.106183842142362),
(-0.428440295352803,-0.902548964736145,-0.0429450762220353),(-0.0626317159437403,
-0.977988656753079,0.199036316837532),(0.,0.,-1.),(0.,0.,-1.),(0.570397195904003,
0.821369002887771,0.),(0.200842189153472,0.979623608870285,0.),(0.763706945025669,
-0.645563089186146,0.),(0.38406442972225,-0.923306294694303,0.),(0.,0.,
-1.),(0.,0.,-1.),(0.952838012533286,0.303479359877434,0.),(0.693974416467304,
0.719999659228298,0.),(0.951098767903857,-0.285848443635915,0.117054692185704),
(0.672616922327548,-0.717952642946091,-0.179249765091451),(0.,0.,-1.),(0.,
0.,-1.),(-0.94942294770716,-0.27567114311298,0.150337910128584),(0.810351009457058,
0.585944742677948,0.),(0.,0.,-1.),(0.494644775284533,0.869095245806646,
0.),(0.505719239683061,-0.862698122528609,0.),(0.,-1.,0.),(0.,0.,-1.),(0.,
0.,-1.),(0.693974416467304,0.719999659228298,0.),(0.292504048524436,0.956264284388377,
0.),(-0.410658165866779,-0.908425280017305,-0.0782520378802588),(0.,0.,
-1.),(-0.0383246476464527,-0.958114785422967,0.283808525835072),(0.494644775284533,
0.869095245806646,0.),(0.,0.,-1.),(0.0113384334811938,0.999572153119138,
-0.0269620220859586),(0.726030513789661,-0.687662484832727,0.),(0.220005397299679,
-0.975498654616709,0.),(0.,0.,-1.),(0.220005397299679,-0.975498654616709,
0.),(0.,0.,-1.),(-0.293557209855189,-0.955941506862233,0.),(0.,0.,-1.),
(-0.293557209855189,-0.955941506862233,0.),(-0.6982686907875,-0.715835760119534,
0.),(-0.6982686907875,-0.715835760119534,0.),(0.,0.,-1.),(-0.917189585584612,
-0.398451081182029,0.),(0.693974416467304,0.719999659228298,0.),(0.,0.,
-1.),(0.292504048524436,0.956264284388377,0.),(0.256676395544141,-0.962187135346717,
0.0911764473082113),(0.,0.,-1.),(0.,0.,-1.),(0.0314144318551377,0.999506444937309,
0.),(0.134822447967584,-0.990470858536781,0.028113802898938),(0.,0.,-1.),
(0.,0.,-1.),(-0.0251857923422529,-0.999682787620199,0.),(0.391587023572054,
-0.919736709957752,-0.0272761310685462),(0.0778133084400969,-0.881879008985322,
0.465010217673411),(0.,0.,-1.),(0.40003607588073,-0.916499393340741,0.),
(-0.0251857923422529,-0.999682787620199,0.),(0.,-1.,0.),(0.,0.,-1.),(-0.536306388544445,
-0.844023375035558,0.),(-0.536306388544445,-0.844023375035558,0.),(0.,-1.,
0.),(0.,0.,-1.),(0.,0.,-1.),(-0.536306388544445,-0.844023375035558,0.),
(-0.843032663257323,-0.537862369646051,0.),(-0.103738564409468,-0.993469335925621,
0.0475077765188887),(0.,0.,-1.),(0.27395121480423,-0.961743589480734,0.),
(0.27395121480423,-0.961743589480734,0.),(-0.116033357294788,-0.993245317127093,
0.),(0.,0.,-1.),(-0.0142419073439585,0.996032700017437,-0.08784092765437),
(-0.487500297604544,0.810885568175867,0.323740722121241),(-0.39809461192394,
0.917344362797923,0.),(0.,0.,-1.),(0.,0.,-1.),(0.223677569709114,0.974623205544257,
0.00882904432327918),(0.,-0.0304233704273417,-0.999537102128701),(1.,0.,
0.),(0.292504048524436,0.956264284388377,0.),(0.,0.,-1.),(-0.189337588640227,
0.981912051829442,0.),(0.,0.,-1.),(-0.189337588640227,0.981912051829442,
0.),(0.292504048524436,0.956264284388377,0.),(0.,0.,-1.),(-0.293557209855189,
-0.955941506862233,0.),(0.220005397299679,-0.975498654616709,0.),(0.0487699668410331,
0.998810037161384,0.),(0.558660544040236,0.829396404943178,0.),(0.,0.,-1.),
(0.558660544040236,0.829396404943178,0.),(0.,0.,-1.),(0.0487699668410331,
0.998810037161384,0.),(0.,0.,-1.),(0.226502106923028,0.974010675280014,
0.),(0.0561259181590725,-0.9983123301854,-0.0149121665292831),(0.991739649763641,
-0.128267170728488,0.),(0.,0.,-1.),(0.,0.,-1.),(-0.895406089835959,0.445250417500848,
0.),(0.,0.,-1.),(-0.812647721408034,0.582755249560508,0.),(-0.39809461192394,
0.917344362797923,0.),(-0.487500297604544,0.810885568175867,0.323740722121241),
(0.,0.,-1.),(-0.138927519718297,0.990302551882465,0.),(0.991739649763641,
-0.128267170728488,0.),(0.0454073803034129,-0.998968552965498,0.),(0.,0.,
-1.),(0.991739649763641,-0.128267170728488,0.),(0.,0.,-1.),(-0.39809461192394,
0.917344362797923,0.),(-0.812647721408034,0.582755249560508,0.),(-0.189337588640227,
0.981912051829442,0.),(0.,0.,-1.),(-0.637402585573082,0.770530949349051,
0.),(0.,0.,-1.),(-0.637402585573082,0.770530949349051,0.),(-0.189337588640227,
0.981912051829442,0.),(-0.293557209855189,-0.955941506862233,0.),(0.,0.,
-1.),(-0.6982686907875,-0.715835760119534,0.),(0.,0.,-1.),(0.171341497998129,
0.985211698602771,0.),(-0.955101907686085,0.29627748131507,0.),(-0.536306388544445,
-0.844023375035558,0.),(0.,0.,-1.),(-0.857885623200662,-0.507763553770134,
0.0787935972546981),(0.,0.,-1.),(0.49221815987243,0.870251643819325,0.0195795689830751),
(0.27395121480423,-0.961743589480734,0.),(0.641419959422713,-0.767189960605693,
0.),(0.,0.,-1.),(0.641419959422713,-0.767189960605693,0.),(0.,0.,-1.),(0.27395121480423,
-0.961743589480734,0.),(0.,0.,-1.),(0.870066621997386,-0.291912368761389,
-0.397204282769172),(0.913151093323962,-0.407621246699989,0.),(0.171341497998129,
0.985211698602771,0.),(0.370617377805796,-0.924334293838718,-0.0908233037388236),
(0.,0.,-1.),(0.702556277792094,-0.689825006383919,0.174803138136433),(0.,
0.,-1.),(0.887709143488529,0.46040468782025,0.),(0.558660544040236,0.829396404943178,
0.),(0.355803640961024,-0.925090538040399,-0.132707443299177),(0.712372883660887,
-0.686929839566122,0.143708977236407),(0.,0.,-1.),(0.,0.,-1.),(-0.386008296478062,
0.922495308958319,0.),(-0.753367161036263,0.657600122165562,0.),(-0.605153411434323,
0.665315562344808,-0.437200813278307),(-0.605153411434323,0.665315562344808,
-0.437200813278307),(0.,0.,-1.),(-0.834148519435504,0.55153988751817,0.),
(0.500237772023411,0.865888082514741,0.),(0.,0.,-1.),(-0.637402585573082,
0.770530949349051,0.),(-0.954537670120498,0.298090315711416,0.),(0.,0.,
-1.),(0.,0.,-1.),(-0.637402585573082,0.770530949349051,0.),(-0.954537670120498,
0.298090315711416,0.),(-0.895406089835959,0.445250417500848,0.),(0.,0.,
-1.),(0.,0.,-1.),(0.913151093323962,-0.407621246699989,0.),(0.870066621997386,
-0.291912368761389,-0.397204282769172),(0.623067226267667,-0.690885070894999,
0.366694764573381),(0.,0.,-1.),(0.558660544040236,0.829396404943178,0.),
(0.895098099842194,0.441899495288887,-0.0593652063276131),(-0.6982686907875,
-0.715835760119534,0.),(0.,0.,-1.),(-0.94026566516766,-0.333974820755923,
0.0660401242266066),(0.,0.,-1.),(0.641028870353811,0.763432299505079,0.0790766175636307),
(-0.943831244738814,-0.316102668346161,0.0962376460602496),(0.,0.,-1.),
(0.126350309975137,-0.991985684961828,0.),(0.,0.,-1.),(0.849294297073111,
0.525823524238243,-0.0469980671598815),(-0.955101907686085,0.29627748131507,
0.),(0.171341497998129,0.985211698602771,0.),(0.,0.,-1.),(0.171341497998129,
0.985211698602771,0.),(0.,0.,-1.),(0.913151093323962,-0.407621246699989,
0.),(0.670366618396567,-0.694017486215132,0.262580132087673),(0.870066621997386,
-0.291912368761389,-0.397204282769172),(0.,0.,-1.),(0.,0.,-1.),(0.0488651724884735,
0.998805383905029,0.),(-0.386008296478062,0.922495308958319,0.),(-0.988291315307948,
0.152578753720451,0.),(0.,0.,-1.),(0.,0.,-1.),(0.763060426895637,-0.646327150060903,
0.),(0.,0.,-1.),(0.901271714140088,-0.125600758432286,-0.414648944014358),
(0.916883588082033,-0.399154714247267,0.),(0.73490203500211,0.678167093231685,
0.00289699973152708),(0.,0.,-1.),(0.,0.,-1.),(0.,1.,0.),(-1.,0.,0.),(-0.993541985046038,
-0.108573766338349,-0.0329554428567393),(0.,0.,-1.),(0.,0.,-1.),(0.963700974596477,
0.243106522340619,-0.110361453221907),(0.763060426895637,-0.646327150060903,
0.),(0.,0.,-1.),(0.,0.,-1.),(-0.738984961433722,-0.638865972977635,-0.213895991888906),
(-0.492889493572375,-0.864940535737049,0.094540027315817),(0.126350309975137,
-0.991985684961828,0.),(0.987603193650231,0.156971118018136,0.),(0.,0.,
-1.),(0.,0.,-1.),(0.969757607428359,0.224510163962941,-0.0957359342784),
(0.126350309975137,-0.991985684961828,0.),(0.,0.,-1.),(0.995221108236841,
0.079015700682422,0.0573712886860631),(0.901271714140088,-0.125600758432286,
-0.414648944014358),(0.902949763956939,0.412215519831845,-0.121491106587561),
(0.,0.,-1.),(0.,0.,-1.),(0.921835342228068,-0.387581735662634,0.),(0.,0.,
-1.),(-0.801735999847699,-0.593508086936382,-0.0704807582913699),(0.90453878185581,
0.362636163650835,-0.224286880872272),(0.,0.,-1.),(0.,0.,-1.),(-0.894114589066064,
0.447759666474593,0.00838943965856586),(0.939935567481454,0.289674500362639,
-0.180581872908033),(0.,0.,-1.),(0.,0.,-1.),(-1.,0.,0.),(0.,-1.,0.),(0.,
0.,-1.),(-1.,0.,0.),(0.,-1.,0.),(0.965108270549577,-0.261851152597817,0.),
(0.901271714140088,-0.125600758432286,-0.414648944014358),(0.997062094994463,
-0.0689891690704961,-0.0332817258599073),(0.,0.,-1.),(0.,0.,-1.),(-0.967647129161064,
-0.177074015008161,0.179732653224841),(-0.922709579254097,-0.348385607911321,
-0.165028787043312),(0.973288705472924,0.129813955789855,-0.189360589038556),
(0.,0.,-1.),(0.,0.,-1.),(-0.982060030347998,0.181398092898795,-0.0515056180000704),
(0.999898965298465,-0.0054527550770924,-0.0131273248275501),(0.,0.,-1.),
(0.,0.,-1.),(-0.753851025606564,-0.0186521143198421,-0.656780579663658),
(-0.994611182149252,-0.067179906101037,0.0789649071418632),(0.,0.,-1.),
(-0.986971768665041,0.128456080472974,-0.0968801488836645),(-0.753851025606564,
-0.0186521143198421,-0.656780579663658),(0.,-1.,0.),(0.,0.,1.),(0.,-1.,
0.),(0.,0.,1.),(-0.753851025606564,-0.0186521143198421,-0.656780579663658),
(-0.959912544131189,0.279338589768608,0.0231918064340317),(0.,0.,-1.),(-0.984880470707783,
0.0835160109024044,0.151774616920505),(-0.972582832674842,-0.169756805149474,
0.15895049761364),(0.,0.,-1.),(-0.92177682896206,-0.333682722219853,-0.197441936985531),
(-0.993641416694581,0.0192212852572771,0.11093816846444),(0.,0.,-1.),(0.,
0.,-1.),(0.983682675797822,0.179912182286904,0.),(0.,0.,-1.),(0.991854490469695,
-0.12711340147656,-0.00817636228166177),(-0.856067384416712,-0.514910487496571,
-0.0448979198178758),(0.,0.,-1.),(-0.901740080434304,0.432278645480361,
0.),(-0.605153411434323,0.665315562344808,-0.437200813278307),(-0.753367161036263,
0.657600122165562,0.),(0.,0.,-1.),(0.,0.,-1.),(0.670706534820606,-0.719428144276521,
0.180487920293235),(0.956406717360097,-0.258230236103762,-0.136394047341809),
(-0.753367161036263,0.657600122165562,0.),(-0.386008296478062,0.922495308958319,
0.),(0.,0.,-1.),(0.,0.,-1.),(-0.734647824190507,-0.656474352599061,-0.171271710424687),
(-0.476926309617519,-0.877086037706063,0.0571084727137075),(0.,0.,-1.),
(0.945924198442342,0.324387747612658,0.),(0.69832396910527,0.715781834201639,
0.),(-0.428031601003539,-0.902516291376601,-0.0474688565501001),(-0.106869806390827,
-0.970996318828259,0.213880792274477),(0.,0.,-1.),(0.,0.,-1.),(0.991695088025272,
-0.128611245179216,0.),(0.958227516150068,-0.263812336312086,-0.110467545018567),
(0.637204507279635,-0.724592074044738,0.262558073831415),(0.,0.,-1.),(0.,
0.,-1.),(0.983682675797822,0.179912182286904,0.),(0.,0.,-1.),(-0.999540616307256,
0.0266178749198456,-0.0144929323072046),(0.,0.,-1.),(0.711019909191429,
-0.701037526294422,0.0547455519691753),(0.220005822103684,-0.975498558810049,
0.),(0.220005822103684,-0.975498558810049,0.),(0.,0.,-1.),(-0.293556706248428,
-0.955941661513177,0.),(0.,0.,-1.),(-0.293556706248428,-0.955941661513177,
0.),(-0.696078383325759,-0.717965796028333,0.),(-0.696078383325759,-0.717965796028333,
0.),(0.,0.,-1.),(-0.947688754578883,-0.319195902925972,0.),(0.,0.,-1.),
(-0.977042437900005,-0.212569819522834,-0.0142178187653486),(0.945924198442342,
0.324387747612658,0.),(0.,0.,-1.),(0.69832396910527,0.715781834201639,0.),
(0.,0.,-1.),(-0.953247313391168,0.301345921741643,-0.0225874957044825),
(0.,0.,-1.),(0.69832396910527,0.715781834201639,0.),(0.290420584280162,
0.956899098247234,0.),(-0.409289211605303,-0.908498918801327,-0.0843330054031589),
(0.,0.,-1.),(-0.102202273397782,-0.968699440229152,0.226221329259759),(0.,
0.,-1.),(0.220005822103684,-0.975498558810049,0.),(0.724558448715716,-0.689213359123773,
0.),(0.,0.,-1.),(-0.386008296478062,0.922495308958319,0.),(0.0488651724884735,
0.998805383905029,0.),(0.69832396910527,0.715781834201639,0.),(0.,0.,-1.),
(0.290420584280162,0.956899098247234,0.),(-0.111889501255363,-0.973281468801366,
0.200509156889857),(0.,0.,-1.),(0.229485852666067,-0.96428171044779,-0.132276325629389),
(-0.113517517032051,-0.973980999817488,0.196149905229151),(0.241756131866056,
-0.965504434906443,-0.0967220702898328),(0.,0.,-1.),(0.290420584280162,
0.956899098247234,0.),(-0.190159234931503,0.981753260942008,0.),(0.,0.,
-1.),(0.,0.,-1.),(0.290420584280162,0.956899098247234,0.),(-0.190159234931503,
0.981753260942008,0.),(0.,0.,-1.),(-0.917856744787708,0.396911824021045,
0.),(-0.639388788686635,0.768883591255423,0.),(0.,0.,-1.),(-0.293556706248428,
-0.955941661513177,0.),(0.220005822103684,-0.975498558810049,0.),(0.0488651724884735,
0.998805383905029,0.),(0.557666860367003,0.830064860627415,0.),(0.,0.,-1.),
(0.,0.,-1.),(0.0488651724884735,0.998805383905029,0.),(0.557666860367003,
0.830064860627415,0.),(-1.,0.,0.),(0.,0.,-1.),(0.,-1.,0.),(0.,0.,-1.),(0.,
-1.,0.),(-1.,0.,0.),(-1.,0.,0.),(0.,1.,0.),(0.,0.,-1.),(0.,0.,-1.),(0.,
-1.,0.),(-1.,0.,0.),(0.,1.,0.),(0.,0.,-1.),(1.,0.,0.),(0.,0.,-1.),(1.,0.,
0.),(0.,1.,0.),(-0.190159234931503,0.981753260942008,0.),(0.,0.,-1.),(-0.639388788686635,
0.768883591255423,0.),(0.,0.,-1.),(-0.639388788686635,0.768883591255423,
0.),(-0.190159234931503,0.981753260942008,0.),(0.300975008228068,-0.949003640164733,
0.093841011163568),(0.,0.,-1.),(0.639231749762029,-0.764571191349574,-0.0825449177991441),
(-0.293556706248428,-0.955941661513177,0.),(0.,0.,-1.),(-0.696078383325759,
-0.717965796028333,0.),(0.311931480516789,-0.940668597893401,0.133571480488415),
(0.645458605992316,-0.760909302470194,-0.0663341643859302),(0.,0.,-1.),
(-0.639388788686635,0.768883591255423,0.),(-0.917856744787708,0.396911824021045,
0.),(0.,0.,-1.),(0.,0.,-1.),(0.557666860367003,0.830064860627415,0.),(0.899224938072147,
0.437144890480691,0.017287436934601),(-0.696078383325759,-0.717965796028333,
0.),(0.,0.,-1.),(-0.947688754578883,-0.319195902925972,0.),(0.557666860367003,
0.830064860627415,0.),(0.,0.,-1.),(0.901304556502303,0.433185983646962,
0.),(0.,0.,-1.),(0.77157527084186,-0.636043029379081,-0.0109939166629238),
(-0.951685448098258,0.307074596601571,0.),(0.,0.,-1.),(0.,0.,-1.),(0.924400063208532,
-0.380780867309089,-0.0221462012860046),(-0.976291254263008,-0.216461051576403,
0.),(0.,0.,-1.),(0.,0.,-1.),(0.912300518589238,0.4055758173958,0.0567099649579855),
(0.774625250042325,-0.63242052622987,0.),(0.,0.,-1.),(0.,0.,-1.),(-1.,0.,
0.),(0.,-1.,0.),(-0.969142578613089,0.132822327771237,-0.207655704387339),
(0.,0.,-1.),(0.,0.,-1.),(-0.991175181632234,-0.0576139948611442,-0.119383361120582),
(0.,0.,-1.),(0.985033416736787,0.167143807548823,-0.0420965023479783),(0.,
0.,-1.),(0.997615812266493,-0.0684346638447442,0.00890998879472415),(0.922301328347138,
-0.386471550995807,0.),(0.,0.,-1.),(0.,0.,-1.),(0.949966393118648,0.310895029195776,
-0.0301352412717011),(0.,0.,-1.),(0.,1.,0.),(-1.,0.,0.),(0.963529361304495,
-0.182985888356525,-0.195262220018432),(0.,0.,-1.),(0.,0.,-1.),(0.991963727586747,
0.112032506618132,-0.058793542273484),(0.998998724916873,0.0125654231121744,
-0.0429378359547174),(0.,0.,-1.),(0.,0.,-1.),(-1.,0.,0.),(0.,-1.,0.),(0.,
-1.,0.),(0.,0.,-1.),(1.,0.,0.),(1.,0.,0.),(0.,-1.,0.),(0.,0.,-1.),(0.,0.,
-1.),(0.,1.,0.),(-1.,0.,0.),(-1.,0.,0.),(0.,0.,-1.),(0.,-1.,0.),(-1.,0.,
0.),(0.,0.,-1.),(0.,-1.,0.),(-1.,0.,0.),(0.,1.,0.),(0.,0.,-1.),(0.,0.,-1.),
(0.,-1.,0.),(0.804374615361273,-0.589381678151937,0.0749047102738617),(0.,
0.,-1.),(1.,0.,0.),(-0.573462132310344,0.819232068956088,0.),(0.,-1.,0.),
(0.825402365603459,-0.564544891798884,0.),(0.,0.,-1.),(0.,0.,-1.),(0.,1.,
0.),(1.,0.,0.),(0.,0.,-1.),(0.,1.,0.),(1.,0.,0.),(0.73918986473351,-0.630105497064813,
0.237834830174136),(0.664620537002435,-0.744721275880341,-0.0605785691953225),
(0.,0.,-1.),(0.,0.,-1.),(0.627764313125278,-0.778315568324578,-0.0116980028183123),
(0.71934211730344,-0.637037612540096,0.277001802309332),(0.,0.,-1.),(-0.801735798362846,
-0.593508377505282,-0.0704806033922605),(0.,0.,-1.),(-0.738985134497273,
-0.638864701724699,-0.213899190934092),(-0.491456617650631,-0.865597284733561,
0.0959777767469518),(0.,0.,-1.),(-0.428743765194859,-0.902433890597066,
-0.0423303308323782),(-0.106349294569948,-0.970748355467575,0.215261371131641),
(0.,0.0305327003471112,-0.999533768418813),(1.,0.,0.),(1.,0.,0.),(0.,0.,
-1.),(-0.576367021105621,0.817079207619451,-0.0135138986899723),(-0.495056502062853,
0.868615911137252,-0.0206266498611126),(0.,0.,-1.),(0.,0.,-1.),(-0.538761933697803,
0.840903116918579,-0.0511617704426144),(0.,0.,-1.),(0.,-1.,0.),(1.,0.,0.),
(1.,0.,0.),(0.,0.,-1.),(-0.441040024899382,0.897487312820987,0.000468787922646948),
(0.,0.,-1.),(-0.825007328713601,0.545496797345561,-0.147635197885138),(-0.959072465237577,
0.259081570789661,0.114266119651793),(0.,0.,-1.),(-0.991707435255423,0.126643473318575,
-0.0218584886238293),(0.532622664530665,-0.836534465540289,0.128542542340962),
(0.,0.,-1.),(0.,0.,-1.),(-1.,0.,0.),(0.,-1.,0.),(0.,-1.,0.),(0.,0.,-1.),
(1.,0.,0.),(-1.,0.,0.),(0.,1.,0.),(0.,0.,-1.),(0.,1.,0.),(0.,0.,-1.),(1.,
0.,0.),(0.,1.,0.),(0.,0.,-1.),(1.,0.,0.),(0.,0.,-1.),(1.,0.,0.),(0.527319070384299,
-0.849667345500013,0.),(0.523438005639453,-0.851762917310151,0.0226403831127625),
(1.,0.,0.),(0.,0.,-1.),(0.,0.,-1.),(-0.440935541352894,0.897538772628698,
0.),(1.,0.,0.),(0.,0.,-1.),(0.,1.,0.),(-0.92208268113418,-0.3869929316569,
0.),(-0.92208268113418,-0.3869929316569,0.),(0.,0.,-1.),(0.,-1.,0.),(0.,
0.,-1.),(-0.412380970113867,0.911011490316091,0.),(-0.482788719742498,0.78515835413613,
-0.387867775175566),(-0.717580405011671,0.696475672470537,0.),(0.,0.,-1.),
(-0.791987825345536,0.610317797607157,-0.0163545231785547),(0.,0.,-1.),
(-0.978107751291319,-0.173921417327065,0.114265337958559),(-0.920508903381809,
-0.3236671093211,-0.218867451071516),(0.,0.,-1.),(-0.989789758838451,-0.0735193326236816,
-0.12211118306318),(0.,1.,0.),(0.,0.,-1.),(0.929695049071238,0.368330172172235,
0.),(0.,1.,0.),(0.,0.,-1.),(-0.92208268113418,-0.3869929316569,0.),(0.,
0.,-1.),(-0.92208268113418,-0.3869929316569,0.),(0.,-1.,0.),(0.,1.,0.),
(0.929695049071238,0.368330172172235,0.),(0.,0.,-1.),(0.929695049071238,
0.368330172172235,0.),(0.,0.,-1.),(0.,1.,0.),(0.,0.,-1.),(0.,-1.,0.),(0.937351706132422,
0.348384527513261,0.),(0.929695049071238,0.368330172172235,0.),(0.,0.,-1.),
(0.,1.,0.),(0.,0.,-1.),(0.,1.,0.),(-0.937061903482704,0.349163269891567,
0.),(0.,1.,0.),(-0.937061903482704,0.349163269891567,0.),(0.,0.,-1.),(0.,
0.,-1.),(0.,1.,0.),(-0.937061903482704,0.349163269891567,0.),(0.937351706132422,
0.348384527513261,0.),(0.,-1.,0.),(0.,0.,-1.),(0.937351706132422,0.348384527513261,
0.),(-0.962518328801749,0.265865879775234,-0.0536078417027712),(0.,0.,-1.),
(0.,0.,-1.),(0.,-1.,0.),(-0.94470217921539,0.327929554303502,0.),(0.937351706132422,
0.348384527513261,0.),(0.,0.,-1.),(-0.970142500145334,0.242535625036325,
0.),(0.,0.,-1.),(-0.912554155586496,0.325105488923336,-0.248095413487906),
(0.,0.,-1.),(0.,-1.,0.),(-0.944286620982544,0.328843420634752,-0.0135934594053343),
(0.,-1.,0.),(0.,0.,-1.),(0.930424722036176,-0.366483064579941,0.),(0.930424722036176,
-0.366483064579941,0.),(0.,-1.,0.),(0.,0.,-1.),(0.930424722036176,-0.366483064579941,
0.),(0.,1.,0.),(0.,0.,-1.),(0.,1.,0.),(0.,0.,-1.),(0.930424722036176,-0.366483064579941,
0.),(0.,0.,-1.),(0.0488651870593026,0.998805383192171,0.),(-0.412380970113867,
0.911011490316091,0.),(0.,0.,-1.),(0.55766647200426,0.830065121543076,0.),
(0.0488651870593026,0.998805383192171,0.),(0.,0.,-1.),(-1.,0.,0.),(0.00156275740683877,
-0.999998778893898,0.),(0.,0.,-1.),(-0.887570742205954,-0.431588300705098,
-0.161089156290727),(-0.603501480198115,-0.796432787365959,0.0384808862576349),
(0.,0.,-1.),(-0.257663128502875,0.966234812149775,0.),(-0.886930346022208,
-0.461495200884729,-0.0194098136335792),(-0.998417213434353,0.0221984878649482,
0.0516748977211578),(0.,0.,-1.),(0.,0.,-1.),(-0.983472864773157,-0.162760305731091,
0.0793108260781698),(-0.916752144844826,-0.304449967623999,-0.258603407046691),
(-0.973564270358039,0.221835679705462,0.0544200578080725),(0.,0.,-1.),(0.,
0.,-1.),(0.950920695629324,-0.284776602095187,0.121045931459764),(0.980351212892922,
-0.0285341285372342,-0.195185303975473),(0.,0.,-1.),(0.999823706535377,
0.0149782784497267,-0.0113228540811427),(-0.958761758580126,0.257651673873779,
0.119964599921739),(-0.841964327600158,0.531886438387024,-0.0905145718035498),
(0.,0.,-1.),(0.,0.,-1.),(-0.857382811281653,-0.511935677479923,-0.0530714333887979),
(0.,0.,-1.),(0.980930493433347,0.189282756130108,-0.044129415183071),(-0.810154801797345,
0.586215998693916,0.),(-0.482788719742498,0.78515835413613,-0.387867775175566),
(0.,0.,-1.),(0.,0.,-1.),(0.639279317172944,-0.723298885817031,-0.261075997385313),
(0.951055902121285,-0.285583741843569,0.118044895844315),(-0.734647920183226,
-0.656473827931172,-0.171273309689089),(0.,0.,-1.),(-0.47605629003656,-0.877388519395342,
0.0596640155359735),(0.,0.,-1.),(0.946244562075302,0.323450399423868,0.00103337092086014),
(0.69614598188033,0.717900252062828,0.),(-0.482788719742498,0.78515835413613,
-0.387867775175566),(-0.412380970113867,0.911011490316091,0.),(0.0488651870593026,
0.998805383192171,0.),(0.,0.,-1.),(0.,0.,-1.),(0.220005928304934,-0.975498534858297,
0.),(0.712553056371912,-0.699496980540501,-0.0545171172180625),(0.999882877965631,
0.0141929793254733,-0.00572622816811673),(0.,0.,-1.),(0.988597129585092,
-0.0379999473496061,-0.145711081862512),(0.950938676332741,-0.284881007082553,
0.12065838411882),(0.,0.,-1.),(0.,0.,-1.),(-0.999528417200105,0.00798186001777734,
-0.029651865373187),(0.969598848110699,0.243006577661646,-0.0287380750152223),
(0.,0.,-1.),(0.,0.,-1.),(-0.984708743438156,0.0931481163405871,-0.147214533992565),
(-0.937626206054687,0.298173046567879,0.178745439158381),(-0.937061903482704,
0.349163269891567,0.),(0.,1.,0.),(0.,0.,-1.),(0.951098467705397,-0.28584928275497,
0.117055082234459),(0.672616812355068,-0.717952846329938,-0.179249363134288),
(0.,0.,-1.),(0.,0.,-1.),(-0.983177310046618,-0.182653707899666,0.),(0.946141470247993,
0.323753483806686,0.),(0.,0.,-1.),(0.69614598188033,0.717900252062828,0.),
(0.,0.,-1.),(-0.190159339501769,0.98175324068742,0.),(0.291458796961973,
0.956583383544519,0.),(0.,0.,-1.),(-0.637402570810892,0.770530961560706,
0.),(-0.190159339501769,0.98175324068742,0.),(0.,0.,-1.),(-0.93766431266846,
0.347542280518479,0.),(-0.637402570810892,0.770530961560706,0.),(0.,0.,
-1.),(0.69614598188033,0.717900252062828,0.),(0.291458796961973,0.956583383544519,
0.),(-0.410657928866134,-0.908425312041644,-0.078252909859117),(0.,0.,-1.),
(-0.101220434593435,-0.968195375791696,0.228805895720135),(0.726030250307488,
-0.687662763015743,0.),(0.220005928304934,-0.975498534858297,0.),(0.,0.,
-1.),(0.220005928304934,-0.975498534858297,0.),(0.,0.,-1.),(-0.292504376009745,
-0.956264184216448,0.),(0.,0.,-1.),(-0.292504376009745,-0.956264184216448,
0.),(-0.700467673525546,-0.713684130652846,0.),(-0.700467673525546,-0.713684130652846,
0.),(0.,0.,-1.),(-0.953042681688751,-0.302836006577017,0.),(0.69614598188033,
0.717900252062828,0.),(0.,0.,-1.),(0.291458796961973,0.956583383544519,
0.),(-0.111983322305196,-0.973322343617041,0.200258210671428),(0.,0.,-1.),
(0.230031759280868,-0.964364147156916,-0.130717945977069),(-0.11379648933134,
-0.974098816875399,0.19540177577957),(0.24224059284668,-0.965524964768188,
-0.0952944782591214),(0.,0.,-1.),(0.,0.,-1.),(0.291458796961973,0.956583383544519,
0.),(-0.190159339501769,0.98175324068742,0.),(0.220005928304934,-0.975498534858297,
0.),(0.,0.,-1.),(-0.292504376009745,-0.956264184216448,0.),(0.0488651870593026,
0.998805383192171,0.),(0.55766647200426,0.830065121543076,0.),(0.,0.,-1.),
(0.,0.,-1.),(-0.190159339501769,0.98175324068742,0.),(-0.637402570810892,
0.770530961560706,0.),(0.301042299366535,-0.948958612671685,0.0940802074208009),
(0.,0.,-1.),(0.640714298673371,-0.763203813467142,-0.0836966342495466),
(-0.292504376009745,-0.956264184216448,0.),(0.,0.,-1.),(-0.700467673525546,
-0.713684130652846,0.),(0.31193155680936,-0.940668464827194,0.13357223942923),
(0.647064944565573,-0.759466208376171,-0.0672163361771138),(0.,0.,-1.),
(0.,0.,-1.),(-0.538035921567662,0.84292191044179,0.),(-1.,0.,0.),(0.,0.,
-1.),(-0.434958138624585,0.900404652089099,0.00910385306034596),(-0.637402570810892,
0.770530961560706,0.),(-0.940062450565529,0.339446226575893,0.0325399492949789),
(0.,0.,-1.),(0.,0.,-1.),(-0.700467673525546,-0.713684130652846,0.),(-0.953042681688751,
-0.302836006577017,0.),(0.,0.,-1.),(0.55766647200426,0.830065121543076,
0.),(0.89501086597715,0.442197553131616,-0.0584540314028389),(0.55766647200426,
0.830065121543076,0.),(0.,0.,-1.),(0.887708960223629,0.460405041174273,
0.),(0.,0.,-1.),(-0.639413067565099,-0.742725356514307,-0.198771159421295),
(-0.288263188115576,-0.952363155326261,0.0995427282851486),(0.,0.,-1.),
(0.771476104724099,-0.636160188719932,-0.0111729193835829),(-0.935685337901962,
0.29220206124544,0.19776476895344),(-0.987777504187541,0.0872799835201016,
-0.129142582821327),(0.,0.,-1.),(0.,0.,-1.),(0.959026173882487,-0.257722898751499,
0.117676273171113),(0.838903747283208,-0.535663016067053,-0.096465724545763),
(-0.983088790479445,-0.183110799530997,-0.00262013907666532),(0.,0.,-1.),
(0.,0.,-1.),(0.961934757393701,0.273258067063084,-0.00339872076950039),
(0.951353070382843,0.0527064913656127,-0.303561132625809),(0.987453325803829,
0.134652691440008,0.0824898905740516),(0.770549777809664,-0.637138885902295,
-0.0175236979162327),(0.,0.,-1.),(0.,0.,-1.),(-1.,0.,0.),(0.,-1.,0.),(-0.999260248721101,
-0.0256646787269974,-0.0286405235930236),(0.,0.,-1.),(0.,0.,-1.),(0.996338769122855,
0.0749032185610013,0.0412136505536422),(0.,0.,-1.),(0.975267844442431,-0.215150340095638,
0.0506257123737182),(0.820270706930863,-0.549851574105988,-0.157541149558805),
(0.959254312565523,-0.258796123998958,0.113383111738751),(0.,0.,-1.),(0.,
0.,-1.),(0.908286508520085,0.361337880599267,-0.210833001412072),(0.,0.,
-1.),(-0.627093239099564,0.621286551038373,-0.469847944525099),(-0.875053565895419,
0.483158306573484,0.0289708060425495),(0.,0.,-1.),(-0.500532831933635,0.865717554492512,
0.),(-0.811936729230143,0.583745447714205,0.),(-0.627093239099564,0.621286551038373,
-0.469847944525099),(0.992211751516084,-0.111201964106763,-0.0561245341377848),
(0.,0.,-1.),(0.,0.,-1.),(0.,1.,0.),(-1.,0.,0.),(0.965604559639458,0.256679679235713,
0.0415135721293663),(0.,0.,-1.),(0.951353070382843,0.0527064913656127,-0.303561132625809),
(0.,0.,-1.),(-0.992518763804052,0.121808215041281,-0.00832239420684979),
(0.,0.,-1.),(-0.93180638684256,0.345002420617854,-0.112739466058854),(0.951353070382843,
0.0527064913656127,-0.303561132625809),(0.,0.,-1.),(0.999987567099551,0.00425208693397845,
0.00260488061652675),(0.,0.,-1.),(-0.951549891012519,-0.278006318374547,
0.13139745757774),(-0.844858601284291,-0.398058401799256,-0.357440138474925),
(-0.731077181414004,-0.658744462192029,0.177712938040787),(0.,0.,-1.),(-0.561085786075159,
-0.82705938394691,0.0339928829283247),(0.,0.,-1.),(-0.996564393167124,0.0333578725884881,
-0.0758067451340061),(-0.951549891012519,-0.278006318374547,0.13139745757774),
(-0.998474177791413,0.0240799261765027,-0.0496937967868907),(0.,0.,-1.),
(-0.844858601284291,-0.398058401799256,-0.357440138474925),(-0.951549891012519,
-0.278006318374547,0.13139745757774),(-0.990371122665591,0.135051302016125,
-0.0304332912095501),(0.,0.,-1.),(0.,0.,-1.),(0.99728176465444,-0.0736823037623376,
0.),(0.870227827445916,0.492649498465959,0.),(-0.844858601284291,-0.398058401799256,
-0.357440138474925),(0.,0.,-1.),(-0.717839834562106,-0.682160395599143,
0.139151595721607),(-0.89432993405939,0.446727101877658,-0.0246751999650744),
(-0.627093239099564,0.621286551038373,-0.469847944525099),(-0.811936729230143,
0.583745447714205,0.),(0.,0.,-1.),(0.,0.,-1.),(0.825749763587653,-0.564036637050231,
0.),(0.980580643577078,-0.196116295707325,0.),(0.70556741571245,0.0821136580567479,
0.703869284061604),(0.99728176465444,-0.0736823037623376,0.),(-1.,0.,0.),
(0.,0.,-1.),(0.00156275740683877,-0.999998778893898,0.),(-1.,0.,0.),(-0.538035921567662,
0.84292191044179,0.),(0.,0.,-1.),(0.00156275740683877,-0.999998778893898,
0.),(1.,0.,0.),(0.,0.,-1.),(1.,0.,0.),(0.,0.,-1.),(0.,1.,0.),(0.,0.,-1.),
(1.,0.,0.),(0.00156275740683877,-0.999998778893898,0.),(0.,0.,-1.),(0.902436121401815,
0.430823684108996,0.),(-0.257663128502875,0.966234812149775,0.),(-0.436531157198602,
0.899689140089425,0.),(0.,0.,-1.),(0.,0.,-1.),(0.480173661315491,-0.87708176375757,
0.0126820606679505),(1.,0.,0.),(-0.888925415926276,-0.438242347640883,-0.133248826090532),
(0.,0.,-1.),(-0.584348150340881,-0.803478222970788,0.113841927271532),(-0.885397894484195,
-0.464833914901822,0.),(-0.257663128502875,0.966234812149775,0.),(0.,0.,
-1.),(0.,0.,-1.),(0.902436121401815,0.430823684108996,0.),(0.606951615862874,
0.794738784759777,0.),(-0.257663128502875,0.966234812149775,0.),(0.902436121401815,
0.430823684108996,0.),(0.,0.,-1.),(-0.811936729230143,0.583745447714205,
0.),(-0.500532831933635,0.865717554492512,0.),(-0.143789145744708,0.664168056191437,
-0.733624886914897),(-0.364377289957275,0.909449983324239,-0.200324532683679),
(0.,0.,-1.),(0.,0.,-1.),(-1.,0.,0.),(0.,-1.,0.),(0.,-1.,0.),(0.981760323731581,
-0.1901227675647,0.),(0.,0.,-1.),(-1.,0.,0.),(0.,1.,0.),(0.,0.,-1.),(0.,
1.,0.),(0.,0.,-1.),(-0.979665178361457,0.200639323927328,0.),(0.,0.,-1.),
(0.981760323731581,-0.1901227675647,0.),(0.,-1.,0.),(0.,1.,0.),(0.,0.,-1.),
(-0.979665178361457,0.200639323927328,0.),(0.,0.,-1.),(-0.416750941723319,
-0.90902071075016,0.),(-0.292621937771071,-0.893001334001443,-0.34193715651673),
(-0.0848688251494889,-0.994176564851683,0.0664096409977765),(0.,0.,-1.),
(0.0715826766919274,-0.997349137872653,0.0130620665399859),(-0.555910383913066,
-0.831242230073537,0.),(0.,0.,-1.),(-0.292621937771071,-0.893001334001443,
-0.34193715651673),(0.,0.,-1.),(0.870227827445916,0.492649498465959,0.),
(0.57374129999825,0.81903658079253,0.),(-0.631303280822123,-0.766606790130486,
-0.117346482474158),(0.,0.,-1.),(-0.281855246119284,-0.957009281992922,
0.0684898124864528),(-0.500532831933635,0.865717554492512,0.),(0.,0.,-1.),
(-0.143789145744708,0.664168056191437,-0.733624886914897),(0.,0.,-1.),(0.548573984198352,
-0.836102017615522,0.),(0.825749763587653,-0.564036637050231,0.),(0.,0.,
-1.),(0.179675708569495,-0.983725896655186,0.),(0.548573984198352,-0.836102017615522,
0.),(-0.143789145744708,0.664168056191437,-0.733624886914897),(0.,0.,-1.),
(-0.00630115560584709,0.998745745556283,0.0496712308208213),(-0.364377289957275,
0.909449983324239,-0.200324532683679),(-0.364377289957275,0.909449983324239,
-0.200324532683679),(0.,0.,-1.),(-0.00630115560584709,0.998745745556283,
0.0496712308208213),(0.202074431689743,0.890963967357178,-0.4066314460644),
(0.26092874300207,0.57984207779803,-0.77181562298921),(0.205288521826701,
0.978701498316115,0.),(0.,0.,-1.),(0.57374129999825,0.81903658079253,0.),
(0.205445733754192,0.978668508986675,0.),(-0.292621937771071,-0.893001334001443,
-0.34193715651673),(0.,0.,-1.),(0.0332138338710753,-0.999159182710995,0.0240368226660876),
(0.70556741571245,0.0821136580567479,0.703869284061604),(0.,0.,-1.),(0.870227827445916,
0.492649498465959,0.),(0.99728176465444,-0.0736823037623376,0.),(0.70556741571245,
0.0821136580567479,0.703869284061604),(0.980580643577078,-0.196116295707325,
0.),(0.,0.,-1.),(0.,0.,-1.),(0.205445733754192,0.978668508986675,0.),(0.57374129999825,
0.81903658079253,0.),(0.980580643577078,-0.196116295707325,0.),(0.825749763587653,
-0.564036637050231,0.),(0.,0.,-1.),(0.,0.,-1.),(-0.238296265065975,0.967307469846881,
0.0867821919176503),(0.,0.,-1.),(0.0373800064177853,-0.999301123345814,
0.),(-0.0894088677260605,-0.586988693628211,0.804642981653721),(0.168109094557273,
-0.982113102285704,-0.0848126561657208),(0.46371242813731,-0.882482484473078,
0.0787111719466973),(-0.123119710288669,0.991164745886796,0.0493354178009767),
(0.,0.,-1.),(0.,0.,-1.),(0.870227827445916,0.492649498465959,0.),(0.57374129999825,
0.81903658079253,0.),(1.,0.,0.),(0.,0.,-1.),(0.,1.,0.),(0.,0.,-1.),(0.,
1.,0.),(1.,0.,0.),(0.,0.,-1.),(0.,1.,0.),(1.,0.,0.),(1.,0.,0.),(0.483077694225715,
-0.875577490198079,0.),(0.,0.,-1.),(0.466266219718331,-0.881946802416322,
0.0690336878429894),(0.168109094557273,-0.982113102285704,-0.0848126561657208),
(0.,0.,-1.),(0.,0.,-1.),(0.902436121401815,0.430823684108996,0.),(0.606951615862874,
0.794738784759777,0.),(0.825749763587653,-0.564036637050231,0.),(0.548573984198352,
-0.836102017615522,0.),(0.,0.,-1.),(-0.225606350954379,-0.960568880035124,
-0.162509080106672),(0.068451925022172,-0.977888973044646,0.197604378388855),
(0.,0.,-1.),(0.548573984198352,-0.836102017615522,0.),(0.179675708569495,
-0.983725896655186,0.),(0.,0.,-1.),(0.,0.,-1.),(0.606951615862874,0.794738784759777,
0.),(0.228158468620725,0.973624010178799,0.),(0.,0.,-1.),(0.606951615862874,
0.794738784759777,0.),(0.228158468620725,0.973624010178799,0.),(0.,0.,-1.),
(0.073461307346726,-0.981840182426518,0.174909383669295),(-0.218100294831677,
-0.957398598688909,-0.189262211291237),(0.205445733754192,0.978668508986675,
0.),(-0.23046641979913,0.97308027898266,0.),(0.,0.,-1.),(0.,0.,-1.),(0.179675708569495,
-0.983725896655186,0.),(-0.343528463534234,-0.939142265443212,0.),(0.205445733754192,
0.978668508986675,0.),(0.,0.,-1.),(-0.23046641979913,0.97308027898266,0.),
(0.,0.,-1.),(-0.964068280965634,-0.265654568257289,0.),(0.0819853045243937,
-0.996633538389132,0.),(0.,0.,-1.),(-0.343528463534234,-0.939142265443212,
0.),(-0.814019714475427,-0.580837244368286,0.),(-0.814019714475427,-0.580837244368286,
0.),(0.,0.,-1.),(-0.964068280965634,-0.265654568257289,0.),(0.168109094557273,
-0.982113102285704,-0.0848126561657208),(-0.0894088677260605,-0.586988693628211,
0.804642981653721),(0.,0.,-1.),(0.,0.,-1.),(-0.343528463534234,-0.939142265443212,
0.),(0.179675708569495,-0.983725896655186,0.),(0.0575286298446836,0.998292886788519,
-0.0100880590619827),(0.,0.,-1.),(0.,0.,-1.),(0.0606732507219627,0.998157681254234,
0.),(0.,0.,-1.),(0.0369466313784503,0.982100949766446,0.184696158318545),
(0.,0.,-1.),(-0.368047735631738,-0.929806896240477,0.),(0.0373800064177853,
-0.999301123345814,0.),(0.0373800064177853,-0.999301123345814,0.),(-0.0894088677260605,
-0.586988693628211,0.804642981653721),(-0.391087591986656,-0.918424403261156,
-0.0595576266188321),(0.,0.,-1.),(0.,0.,-1.),(-0.00630115560584709,0.998745745556283,
0.0496712308208213),(0.202074431689743,0.890963967357178,-0.4066314460644),
(0.324089896193522,-0.946022662896661,-0.00261925011838475),(0.,0.,-1.),
(0.,0.,-1.),(0.324896370881173,-0.945749622356913,0.),(0.,0.,-1.),(0.205288521826701,
0.978701498316115,0.),(0.558945145091478,0.829204633838154,0.),(0.691597565763023,
0.655197705900713,-0.303988113604963),(0.202074431689743,0.890963967357178,
-0.4066314460644),(0.,0.,-1.),(0.26092874300207,0.57984207779803,-0.77181562298921),
(0.,0.,-1.),(0.26092874300207,0.57984207779803,-0.77181562298921),(0.558945145091478,
0.829204633838154,0.),(0.205288521826701,0.978701498316115,0.),(-0.23046641979913,
0.97308027898266,0.),(0.,0.,-1.),(-0.670052700320417,0.742313531328453,
0.),(0.,0.,-1.),(-0.670052700320417,0.742313531328453,0.),(-0.23046641979913,
0.97308027898266,0.),(-0.343528463534234,-0.939142265443212,0.),(0.,0.,
-1.),(-0.814019714475427,-0.580837244368286,0.),(0.248932402485162,0.96822856744109,
0.0237928599361298),(0.,0.,-1.),(0.291892808090236,0.851150216423875,-0.436281901603524),
(0.,0.,-1.),(0.201796828626529,-0.979171992357549,-0.022366254465697),(0.,
0.,-1.),(-0.135934643888768,0.986769664573207,-0.088359502425682),(-0.428693192559502,
0.886249892795527,0.17545162915476),(0.,0.,-1.),(0.308796599668706,-0.951120686776932,
-0.00375489254474971),(0.,0.,-1.),(-0.44403567998302,0.853379521693778,
0.273085530293562),(-0.13981941548411,0.984997526306057,-0.101145460721831),
(0.464447932081617,-0.885600428175771,0.),(0.,0.,-1.),(-0.979665178361457,
0.200639323927328,0.),(0.,0.,-1.),(-0.979665178361457,0.200639323927328,
0.),(0.464447932081617,-0.885600428175771,0.),(0.,0.,-1.),(-0.974914825376095,
-0.0143115320922089,0.222117678970117),(-0.965329573970405,0.188357047090564,
-0.18072198656898),(0.,0.,-1.),(-0.533383493663801,0.845514665120521,0.02463736497947),
(0.,0.,-1.),(-0.782998135107138,0.564383899643098,0.261504749942319),(-0.652417897102017,
0.757859411461639,0.),(0.,0.,-1.),(-0.920490335761837,0.389989353865135,
-0.0246139318459219),(0.,0.,-1.),(-0.446626349872158,-0.866122131883588,
-0.224404447953469),(-0.661309114649486,-0.682780163207712,0.310614718922917),
(-0.810872740806884,-0.582895116618457,-0.0521409746618445),(-0.810872740806884,
-0.582895116618457,-0.0521409746618445),(0.,0.,-1.),(-0.896882955338098,
-0.317359107182801,0.308032727988659),(0.,0.,-1.),(-0.912641215564993,-0.377189332562392,
0.157525296550074),(-0.99269808207204,-0.0988399978113119,-0.0691460243481322),
(0.,0.,-1.),(0.264306176198091,0.964438823992245,0.),(-0.670052700320417,
0.742313531328453,0.),(0.125084331261321,0.992146113268055,0.),(0.,0.,-1.),
(0.,0.,-1.),(-0.670052700320417,0.742313531328453,0.),(0.125084331261321,
0.992146113268055,0.),(-0.814019714475427,-0.580837244368286,0.),(0.,0.,
-1.),(-0.964068280965634,-0.265654568257289,0.),(0.,0.,-1.),(0.779081551991069,
0.623639220914964,-0.0640785259175375),(0.965443937347497,0.260610828322544,
0.),(0.,0.,-1.),(0.125084331261321,0.992146113268055,0.),(0.981760323731581,
-0.1901227675647,0.),(-0.964068280965634,-0.265654568257289,0.),(0.,0.,
-1.),(0.0819853045243937,-0.996633538389132,0.),(0.558945145091478,0.829204633838154,
0.),(0.,0.,-1.),(0.708627147799456,0.653081090581253,-0.267081737538921),
(0.,0.,-1.),(0.981760323731581,-0.1901227675647,0.),(0.125084331261321,
0.992146113268055,0.),(0.0819853045243937,-0.996633538389132,0.),(0.965443937347497,
0.260610828322544,0.),(0.,0.,-1.),(0.965443937347497,0.260610828322544,
0.),(0.,0.,-1.),(0.0819853045243937,-0.996633538389132,0.),(0.,0.,-1.),
(-0.494107063617613,0.869401063769294,0.),(-0.7702326190646,0.566708490199297,
0.292546064176089),(0.,0.,-1.),(-1.,0.,0.),(0.,-1.,0.),(-0.436235270618435,
-0.879425286556365,-0.19055170960586),(0.,0.,-1.),(-0.661309114649486,-0.682780163207712,
0.310614718922917),(0.405388969568685,0.914144290225586,0.),(0.291892808090236,
0.851150216423875,-0.436281901603524),(0.536036738101996,0.842343175776592,
0.0558801362523127),(0.739872186077309,0.614705090889987,-0.273362030104982),
(0.669637649117475,0.709816189055666,0.218509488670199),(0.,0.,-1.),(0.,
0.,-1.),(0.291892808090236,0.851150216423875,-0.436281901603524),(0.536036738101996,
0.842343175776592,0.0558801362523127),(0.,0.,-1.),(0.,1.,0.),(-1.,0.,0.),
(0.79360638103046,0.608431517911208,0.),(0.,0.,-1.),(0.965443937347497,
0.260610828322544,0.),(0.438471367666825,-0.893226534883958,-0.0994445429150439),
(0.636084341293108,-0.673946418493562,0.375756484656504),(0.610565667027848,
-0.79196563451127,0.),(0.,0.,-1.),(0.,0.,-1.),(0.636084341293108,-0.673946418493562,
0.375756484656504),(0.449299176487727,-0.883692755650196,-0.13121495196361),
(-0.661309114649486,-0.682780163207712,0.310614718922917),(0.,0.,-1.),(-0.90839820438942,
-0.350876622211246,0.227372597838228),(-0.810872740806884,-0.582895116618457,
-0.0521409746618445),(0.,0.,-1.),(0.,1.,0.),(-1.,0.,0.),(-1.,0.,0.),(0.,
0.,-1.),(0.,-1.,0.),(-0.913237893757772,0.406547247788976,0.026756022127332),
(0.,0.,-1.),(0.,0.,-1.),(0.838672745654197,-0.385915594124469,-0.384313908034055),
(0.722872723919369,-0.690981204529755,0.),(0.636084341293108,-0.673946418493562,
0.375756484656504),(0.536036738101996,0.842343175776592,0.0558801362523127),
(0.,0.,-1.),(0.739872186077309,0.614705090889987,-0.273362030104982),(0.72865956150198,
-0.68487607888708,0.),(0.,0.,-1.),(0.,0.,-1.),(-0.815287807134513,0.579055948538478,
0.),(0.,-1.,0.),(0.,0.,-1.),(0.669637649117475,0.709816189055666,0.218509488670199),
(0.859557527420161,0.509907257998834,-0.0339918416013208),(-0.912917008145482,
-0.386591953248892,0.130878561735331),(0.,0.,-1.),(-0.995860608150466,-0.0869335898167396,
-0.026536768751285),(0.,0.,-1.),(0.859557527420161,0.509907257998834,-0.0339918416013208),
(0.910830313281128,0.313097453638377,0.268994655956892),(0.739872186077309,
0.614705090889987,-0.273362030104982),(0.,0.,-1.),(0.780490661345272,0.181240324435886,
0.598319540338767),(0.910830313281128,0.313097453638377,0.268994655956892),
(0.859557527420161,0.509907257998834,-0.0339918416013208),(0.669637649117475,
0.709816189055666,0.218509488670199),(-0.967407565590504,0.201474129043104,
-0.153397449015873),(-0.967143750460288,-0.00454061317684167,0.25418959218974),
(0.,0.,-1.),(0.,0.,-1.),(0.960603207932819,-0.250195830403393,-0.121010426649664),
(0.,0.,-1.),(0.,1.,0.),(-1.,0.,0.),(-1.,0.,0.),(0.,0.,-1.),(0.,-1.,0.),
(0.,0.,-1.),(0.,-1.,0.),(-1.,0.,0.),(-1.,0.,0.),(0.,1.,0.),(0.,0.,-1.),
(0.,1.,0.),(0.,0.,-1.),(-1.,0.,0.),(0.,0.,-1.),(-1.,0.,0.),(0.,-1.,0.),
(0.,1.,0.),(0.,0.,-1.),(-1.,0.,0.),(0.,0.,-1.),(0.955990079134795,0.126316680638313,
0.264815152112501),(0.976090646511675,-0.11231140822734,-0.186099966078485),
(0.,0.,-1.),(0.910830313281128,0.313097453638377,0.268994655956892),(0.780490661345272,
0.181240324435886,0.598319540338767),(0.955990079134795,0.126316680638313,
0.264815152112501),(1.,0.,0.),(0.,0.991703230424052,0.1285484452123),(1.,
0.,0.),(0.,0.966380300830075,0.257116927034323),(1.,0.,0.),(0.,0.999999970920235,
-0.000241162870711705),(0.,0.991703230424052,0.1285484452123),(1.,0.,0.),
(1.,0.,0.),(0.,0.991768510030962,-0.128043830429138),(1.,0.,0.),(0.,0.128035709447466,
0.991769558469246),(0.,0.991768510030962,-0.128043830429138),(1.,0.,0.),
(1.,0.,0.),(0.,0.924731308627878,0.380620554940708),(1.,0.,0.),(0.,0.865563656229514,
0.500798918743437),(1.,0.,0.),(0.,0.792481431902711,0.609896040394941),
(1.,0.,0.),(0.,0.707110713595441,0.707102848755785),(1.,0.,0.),(0.,0.607333733911843,
0.794446811091025),(1.,0.,0.),(0.,0.499478877640345,0.866326064938104),
(1.,0.,0.),(0.,0.385604594882662,0.922664129792298),(1.,0.,0.),(0.,0.259944097477624,
0.965623666956513),(0.,0.999999970920235,-0.000241162870711705),(1.,0.,
0.),(1.,0.,0.),(0.,0.966380300830075,0.257116927034323),(1.,0.,0.),(0.,
0.966572862250914,-0.256392086383484),(1.,0.,0.),(0.,0.924076386784188,
-0.382207837946685),(0.,0.966572862250914,-0.256392086383484),(1.,0.,0.),
(1.,0.,0.),(0.,0.924731308627878,0.380620554940708),(1.,0.,0.),(0.,0.865780050097856,
-0.500424724461685),(0.,0.865780050097856,-0.500424724461685),(1.,0.,0.),
(1.,0.,0.),(0.,0.924076386784188,-0.382207837946685),(0.,0.792481431902711,
0.609896040394941),(1.,0.,0.),(1.,0.,0.),(0.,0.865563656229514,0.500798918743437),
(1.,0.,0.),(0.,0.792225694990802,-0.610228193544301),(0.,0.792225694990802,
-0.610228193544301),(1.,0.,0.),(1.,0.,0.),(0.,0.707110713595441,0.707102848755785),
(1.,0.,0.),(0.,0.705292157697626,-0.708916759775241),(1.,0.,0.),(0.,0.609895585735125,
-0.792481781810036),(1.,0.,0.),(0.,0.609895585735125,-0.792481781810036),
(0.,0.705292157697626,-0.708916759775241),(1.,0.,0.),(1.,0.,0.),(0.,0.607333733911843,
0.794446811091025),(1.,0.,0.),(0.,0.502279123618584,-0.864705546401171),
(0.,0.502279123618584,-0.864705546401171),(1.,0.,0.),(1.,0.,0.),(0.,0.385604594882662,
0.922664129792298),(0.,0.499478877640345,0.866326064938104),(1.,0.,0.),
(1.,0.,0.),(0.,0.382214328440095,-0.924073702220276),(1.,0.,0.),(0.,0.260044565685218,
-0.965596615496133),(0.,0.260044565685218,-0.965596615496133),(1.,0.,0.),
(1.,0.,0.),(0.,0.382214328440095,-0.924073702220276),(0.,0.128035709447466,
0.991769558469246),(1.,0.,0.),(1.,0.,0.),(0.,0.259944097477624,0.965623666956513),
(1.,0.,0.),(0.,0.000242083367400318,0.999999970697821),(1.,0.,0.),(0.,0.131785981196096,
-0.991278192618088),(1.,0.,0.),(0.,0.000242083367398865,-0.999999970697821),
(0.,0.000242083367398865,-0.999999970697821),(1.,0.,0.),(1.,0.,0.),(0.,
0.131785981196096,-0.991278192618088),(1.,0.,0.),(0.,-0.132319683416965,
-0.991207093084202),(1.,0.,0.),(0.,-0.12854220351999,0.99170403947661),
(1.,0.,0.),(0.,-0.500419431657919,-0.86578310934042),(0.,-0.12854220351999,
0.99170403947661),(1.,0.,0.),(1.,0.,0.),(0.,-0.260798135226703,-0.965393356441961),
(1.,0.,0.),(0.,-0.382214328440087,-0.924073702220279),(0.,0.000242083367400318,
0.999999970697821),(1.,0.,0.),(1.,0.,0.),(0.,-0.132319683416965,-0.991207093084202),
(1.,0.,0.),(0.,-0.260670942898796,0.965427708079819),(1.,0.,0.),(0.,-0.385604594882626,
0.922664129792312),(1.,0.,0.),(0.,-0.991200032329815,0.132372564791102),
(0.,-0.385604594882626,0.922664129792312),(1.,0.,0.),(1.,0.,0.),(0.,-0.61022776196391,
-0.792226027424319),(1.,0.,0.),(0.,-0.70711071873887,-0.707102843612298),
(1.,0.,0.),(0.,-0.7922256949908,-0.610228193544303),(1.,0.,0.),(0.,-0.865780050097784,
-0.50042472446181),(1.,0.,0.),(0.,-0.924076386784183,-0.382207837946697),
(1.,0.,0.),(0.,-0.96657286225096,-0.256392086383312),(1.,0.,0.),(0.,-0.991263320658292,
-0.131897798000935),(1.,0.,0.),(0.,-0.999999963275142,-0.000271016079807603),
(0.,-0.260670942898796,0.965427708079819),(1.,0.,0.),(1.,0.,0.),(0.,-0.260798135226703,
-0.965393356441961),(1.,0.,0.),(0.,-0.49762575740563,0.86739184084615),
(0.,-0.382214328440087,-0.924073702220279),(1.,0.,0.),(1.,0.,0.),(0.,-0.607675934384095,
0.794185091002354),(1.,0.,0.),(0.,-0.708924609517982,0.705284267526064),
(0.,-0.49762575740563,0.86739184084615),(1.,0.,0.),(1.,0.,0.),(0.,-0.792481431902709,
0.609896040394944),(1.,0.,0.),(0.,-0.865563656229442,0.500798918743562),
(1.,0.,0.),(0.,-0.924731308627873,0.38062055494072),(1.,0.,0.),(0.,-0.966380300830074,
0.257116927034328),(0.,-0.61022776196391,-0.792226027424319),(1.,0.,0.),
(1.,0.,0.),(0.,-0.500419431657919,-0.86578310934042),(0.,-0.607675934384095,
0.794185091002354),(1.,0.,0.),(1.,0.,0.),(0.,-0.70711071873887,-0.707102843612298),
(0.,-0.792481431902709,0.609896040394944),(1.,0.,0.),(1.,0.,0.),(0.,-0.708924609517982,
0.705284267526064),(0.,-0.865563656229442,0.500798918743562),(1.,0.,0.),
(1.,0.,0.),(0.,-0.865780050097784,-0.50042472446181),(0.,-0.7922256949908,
-0.610228193544303),(1.,0.,0.),(1.,0.,0.),(0.,-0.924731308627873,0.38062055494072),
(0.,-0.96657286225096,-0.256392086383312),(1.,0.,0.),(1.,0.,0.),(0.,-0.924076386784183,
-0.382207837946697),(0.,-0.991200032329815,0.132372564791102),(1.,0.,0.),
(1.,0.,0.),(0.,-0.966380300830074,0.257116927034328),(0.,-0.991263320658292,
-0.131897798000935),(1.,0.,0.),(1.,0.,0.),(0.,-0.999999963275142,-0.000271016079807603),
(0.828235053526808,-0.560380849163714,0.),(0.85085679792151,-0.383561516463165,
-0.359058870548036),(0.,0.,-1.),(0.,0.,-1.),(0.780490661345272,0.181240324435886,
0.598319540338767),(0.978058988066528,-0.118928504063831,-0.171045686246153),
(0.955990079134795,0.126316680638313,0.264815152112501),(0.,0.,-1.),(-1.,
0.,0.),(-0.815287807134513,0.579055948538478,0.),(0.964709743792268,-0.249983996750784,
-0.082723101977383),(0.,0.,-1.),(0.,0.,-1.),(-1.,0.,0.),(0.,-1.,0.),(0.,
-1.,0.),(0.,0.,-1.),(0.810477526820249,-0.585769731651723,0.),(0.,0.,-1.),
(1.,0.,0.),(-0.814478688448416,0.580193472958243,0.),(0.,-1.,0.),(0.810477526820249,
-0.585769731651723,0.),(0.,0.,-1.),(0.,0.,-1.),(0.,-1.,0.),(1.,0.,0.),(-1.,
0.,0.),(0.,1.,0.),(0.,0.,-1.),(0.,0.,-1.),(1.,0.,0.),(0.,1.,0.),(0.,1.,
0.),(0.,0.,-1.),(1.,0.,0.),(0.,0.,-1.),(1.,0.,0.),(0.,1.,0.),(1.,0.,0.),
(0.,0.131897458959903,-0.991263365771136),(1.,0.,0.),(0.,0.999999970690888,
-0.000242112005211951),(1.,0.,0.),(0.,0.991703566151159,0.12854585517656),
(0.,0.999999970690888,-0.000242112005211951),(1.,0.,0.),(1.,0.,0.),(0.,
0.991769265540646,-0.128037978463298),(1.,0.,0.),(0.,0.965428902651505,
0.260666518611638),(0.,0.965428902651505,0.260666518611638),(1.,0.,0.),
(1.,0.,0.),(0.,0.991703566151159,0.12854585517656),(1.,0.,0.),(0.,0.965625228089541,
-0.259938298211369),(0.,0.991769265540646,-0.128037978463298),(1.,0.,0.),
(1.,0.,0.),(0.,0.923326610736756,0.384015585498004),(1.,0.,0.),(0.,0.923326610736756,
0.384015585498004),(1.,0.,0.),(0.,0.922665885724099,-0.385600393310178),
(0.,0.922665885724099,-0.385600393310178),(1.,0.,0.),(1.,0.,0.),(0.,0.965625228089541,
-0.259938298211369),(1.,0.,0.),(0.,0.867178804939424,0.497996907885815),
(0.,0.867178804939424,0.497996907885815),(1.,0.,0.),(1.,0.,0.),(0.,0.866322454035612,
-0.499485140553466),(1.,0.,0.),(0.,0.866322454035612,-0.499485140553466),
(1.,0.,0.),(0.,0.794444126860524,0.60733724510919),(1.,0.,0.),(0.,0.794444126860587,
-0.607337245109107),(1.,0.,0.),(0.,0.707112679705604,0.707100882618287),
(0.,0.794444126860524,0.60733724510919),(1.,0.,0.),(1.,0.,0.),(0.,0.707104814964258,
-0.707108747403369),(0.,0.794444126860587,-0.607337245109107),(1.,0.,0.),
(1.,0.,0.),(0.,0.609901628602828,0.792477131170117),(1.,0.,0.),(0.,0.609901628602828,
0.792477131170117),(0.,0.707112679705604,0.707100882618287),(1.,0.,0.),
(1.,0.,0.),(0.,0.609902537955197,-0.792476431318818),(1.,0.,0.),(0.,0.609902537955197,
-0.792476431318818),(0.,0.707104814964258,-0.707108747403369),(1.,0.,0.),
(1.,0.,0.),(0.,0.502273725205692,0.864708682139827),(1.,0.,0.),(0.,0.2563842126062,
-0.96657495080635),(1.,0.,0.),(0.,0.50228433508825,-0.864702519208169),
(1.,0.,0.),(0.,0.382206652010247,0.924076877299242),(0.,0.382206652010247,
0.924076877299242),(1.,0.,0.),(1.,0.,0.),(0.,0.502273725205692,0.864708682139827),
(1.,0.,0.),(0.,0.382206652010247,-0.924076877299242),(0.,0.382206652010247,
-0.924076877299242),(1.,0.,0.),(1.,0.,0.),(0.,0.50228433508825,-0.864702519208169),
(1.,0.,0.),(0.,0.2563981875784,0.966571243833848),(1.,0.,0.),(0.,0.131897092643464,
0.991263414513116),(1.,0.,0.),(0.,0.131897092643464,0.991263414513116),
(0.,0.2563981875784,0.966571243833848),(1.,0.,0.),(1.,0.,0.),(0.,0.131897458959903,
-0.991263365771136),(0.,0.2563842126062,-0.96657495080635),(1.,0.,0.),(1.,
0.,0.),(0.,0.000271016079789704,0.999999963275142),(1.,0.,0.),(0.,-0.132373280901135,
0.991199936694646),(1.,0.,0.),(0.,0.000271129843689816,-0.999999963244303),
(0.,-0.132373280901135,0.991199936694646),(1.,0.,0.),(1.,0.,0.),(0.,0.000271016079789704,
0.999999963275142),(1.,0.,0.),(0.,-0.132373429332906,-0.991199916871791),
(0.,-0.132373429332906,-0.991199916871791),(1.,0.,0.),(1.,0.,0.),(0.,0.000271129843689816,
-0.999999963244303),(1.,0.,0.),(0.,-0.257049384618074,0.966398268762607),
(1.,0.,0.),(0.,-0.257110338191565,-0.966382053845693),(0.,-0.318555588936605,
0.947904181210977),(1.,0.,0.),(0.000834071809431158,0.888908279659871,-0.458084462382588),
(0.,-0.257121966570854,0.966378959987611),(1.,0.,0.),(1.,0.,0.),(0.,-0.380619421568963,
-0.924731775124283),(1.,0.,0.),(0.,-0.380619421568963,-0.924731775124283),
(0.,-0.257110338191565,-0.966382053845693),(1.,0.,0.),(1.,0.,0.),(0.,-0.500798875150822,
-0.865563681451383),(1.,0.,0.),(0.,-0.609902537955237,-0.792476431318787),
(0.,-0.609902537955237,-0.792476431318787),(1.,0.,0.),(1.,0.,0.),(0.,-0.500798875150822,
-0.865563681451383),(1.,0.,0.),(0.,-0.70917292674212,-0.705034580695171),
(1.,0.,0.),(0.,-0.794262104265844,-0.607575270832507),(1.,0.,0.),(0.,-0.794262104265844,
-0.607575270832507),(0.,-0.70917292674212,-0.705034580695171),(1.,0.,0.),
(1.,0.,0.),(0.,-0.864705261398869,-0.502279614267903),(1.,0.,0.),(0.,-0.924075333438191,
-0.382210384645808),(1.,0.,0.),(0.,-0.999999970697821,-0.000242083367408755),
(1.,0.,0.),(0.,-0.965595448244512,-0.260048899881309),(1.,0.,0.),(0.,-0.991277912158674,
-0.131788090760658),(0.,-0.924075333438191,-0.382210384645808),(1.,0.,0.),
(1.,0.,0.),(0.,-0.864705261398869,-0.502279614267903),(1.,0.,0.),(0.000343764972107024,
0.619247781645431,-0.785195559560073),(1.86410928192135E-6,-0.979362730906513,
0.202110468080856),(1.,0.,0.),(0.,-0.99120548038248,0.132331763605334),
(0.,-0.965595448244512,-0.260048899881309),(1.,0.,0.),(0.,-0.979374536452666,
0.202053253742977),(0.000343466823745402,0.619253648636041,-0.785190932628168),
(1.,0.,0.),(1.,0.,0.),(5.51898952256295E-5,0.51101917651971,-0.859569309702943),
(0.,-0.991209346663285,0.13230280075397),(1.,0.,0.),(1.,0.,0.),(0.,-0.999999970697821,
-0.000242083367408755),(0.,-0.991277912158674,-0.131788090760658),(1.,0.,
0.),(0.,-1.,0.),(-0.815287807134513,0.579055948538478,0.),(0.,0.,-1.),(0.,
0.,-1.),(0.,-1.,0.),(0.834543003068366,-0.55094280649595,0.),(0.,0.,-1.),
(-0.815287807134513,0.579055948538478,0.),(-1.,0.,0.),(0.,0.,-1.),(0.,-1.,
0.),(0.834543003068366,-0.55094280649595,0.),(0.810477526820249,-0.585769731651723,
0.),(0.,0.,-1.),(1.,0.,0.),(1.,0.,0.),(0.810477526820249,-0.585769731651723,
0.),(0.,0.,-1.),(0.,0.,-1.),(-0.999786851034006,-0.0206458833549489,0.),
(-0.886468970412533,-0.462788034088765,0.),(0.,0.,-1.),(-0.898415703272164,
-0.426756498491756,0.103576614682262),(-0.595892622466312,-0.801893903756117,
-0.0433376234811842),(0.,0.,-1.),(-0.950237660326004,0.286709699222901,
0.121843905344816),(-0.97388808467893,-0.180004757757284,-0.138348421404611),
(0.,0.,-1.),(-0.619858153823167,0.774822517343103,0.124201190642574),(-0.869129590155941,
0.416881881434674,-0.26612638434934),(-0.950237660326004,0.286709699222901,
0.121843905344816),(0.,0.,-1.),(-0.954229203193216,-0.274434667108796,0.118879103555355),
(-0.735023722535067,-0.629937361847464,-0.250836694802315),(0.,0.,-1.),
(-0.734892531761964,-0.631280988653996,-0.247825099867879),(1.,0.,0.),(1.,
0.,0.),(0.,0.,-1.),(-0.814478688448416,0.580193472958243,0.),(1.,0.,0.),
(0.,-1.,0.),(0.,0.,-1.),(-0.814478688448416,0.580193472958243,0.),(0.,-1.,
0.),(0.,0.,-1.),(0.,-1.,0.),(0.,0.,-1.),(-0.814478688448416,0.580193472958243,
0.),(1.,0.,0.),(0.,0.,-1.),(0.,1.,0.),(0.,0.,-1.),(0.,1.,0.),(1.,0.,0.),
(0.,0.,-1.),(0.,1.,0.),(1.,0.,0.),(0.,0.,-1.),(-0.630081390433829,0.776503382506249,
-0.00631968237544572),(-0.865669340769237,0.498915951948487,-0.0412245720837591),
(0.,0.,-1.),(-0.828655660589107,0.535864540449306,-0.161799228869251),(-0.957958070021255,
0.278808930515515,0.0676898540842451),(0.834543003068366,-0.55094280649595,
0.),(0.,0.,-1.),(-0.837863896486311,-0.545879190814943,0.),(-0.837863896486311,
-0.545879190814943,0.),(0.834543003068366,-0.55094280649595,0.),(0.,0.,
-1.),(0.,0.,-1.),(-0.837863896486311,-0.545879190814943,0.),(1.,0.,0.),
(1.,0.,0.),(0.,0.,-1.),(-0.636111994132254,0.770997933630125,-0.0303927172060006),
(0.,-1.,0.),(1.,0.,0.),(0.,0.,1.),(1.,0.,0.),(0.,0.,1.),(0.,-1.,0.),(-1.,
0.,0.),(0.,1.,0.),(0.,0.,-1.),(0.,1.,0.),(0.,0.,-1.),(1.,0.,0.),(0.,0.,
-1.),(1.,0.,0.),(0.824805666565268,0.565416317771095,0.),(0.,1.,0.),(0.,
0.,-1.),(1.,0.,0.),(-0.837863896486311,-0.545879190814943,0.),(0.,0.,-1.),
(1.,0.,0.),(0.,0.,-1.),(1.,0.,0.),(0.824805666565268,0.565416317771095,
0.),(0.,0.,-1.),(-0.974078005410073,0.224217450642079,-0.0299762273126567),
(-0.988813789809078,-0.0644613016798016,0.134506615707759),(1.,0.,0.),(0.,
0.,-1.),(0.824805666565268,0.565416317771095,0.),(0.,0.,-1.),(0.824805666565268,
0.565416317771095,0.),(1.,0.,0.),(-0.998405597508777,-0.0350938130878916,
0.0442118439571847),(0.,0.,-1.),(-0.891357637459095,-0.452146290732014,
0.0323310055615676),(-0.972567138851378,-0.0902817819069732,0.214388339893162),
(-0.976460205620753,0.207539880826822,-0.058759379723284),(0.,0.,-1.),(-0.964175693638889,
0.262530959769316,0.0379832457613743),(-0.852035324009148,0.515396499581641,
-0.0916638143414139),(0.,0.,-1.),(0.,0.,-1.),(1.,0.,0.),(-0.597641411144139,
-0.800134302045337,-0.0510866164084493),(-0.90013754038049,-0.410849869390585,
0.14475770521634),(0.,0.,-1.),(-0.597621033892124,-0.800145190005669,-0.0511544207327249),
(-0.874864533776114,0.484367678051192,0.),(-0.628430936455566,0.777865385594179,
0.),(0.,0.,-1.),(-0.59293590906899,-0.804683827333763,-0.0301818780730591),
(1.,0.,0.),(-0.96357924904016,-0.257990080134169,0.0703999245139255),(0.,
0.,-1.),(-0.735030081551771,-0.629714634555129,-0.251376725734697),(-0.968962104616254,
-0.159281285790392,-0.189055314166513),(-0.950237660326004,0.286709699222901,
0.121843905344816),(-0.8691273025757,0.416887023850225,-0.266125799694036),
(0.,0.,-1.),(0.,0.,-1.),(-0.869129473633264,0.416882143376185,-0.266126354568735),
(1.,0.,0.),(1.,0.,0.),(0.,0.,-1.),(-0.619858153823167,0.774822517343103,
0.124201190642574),(0.,0.,-1.),(-0.585670623539424,-0.81054914762952,0.),
(1.,0.,0.),(1.,0.,0.),(-0.631587870065639,0.775208562163185,-0.0121839047450914),
(0.,0.,-1.),(-0.628430936455566,0.777865385594179,0.),(1.,0.,0.),(-0.735035795498644,
-0.629707632393957,-0.251377558744756),(0.,0.,-1.),(1.,0.,0.),(-0.869134648436529,
0.416870510293768,-0.266127677129841),(-0.619858153823167,0.774822517343103,
0.124201190642574),(1.,0.,0.),(1.,0.,0.),(-0.734979943012431,-0.630450015465153,
-0.249674310591685),(1.,0.,0.),(0.000108054208985421,0.561832168911994,
0.827251232879064),(1.,0.,0.),(0.000179444897012088,0.46638440297101,0.884582136641309),
(1.,0.,0.),(-1.19006102646129E-5,0.35445460621152,0.935073222797986),(1.,
0.,0.),(-5.24768268781434E-5,0.245923166414936,0.969289323920693),(1.,0.,
0.),(4.64930887522811E-5,0.166432368324133,0.986052871103985),(1.,0.,0.),
(0.000144381361266476,0.0794996205507168,0.99683488576911),(1.,0.,0.),(-0.000597393557852123,
0.374361730816462,-0.927282555438761),(1.,0.,0.),(-0.000758272119990658,
0.420906556341213,-0.907103685282103),(1.,0.,0.),(1.32023719870052E-5,0.209285348698858,
-0.977854612222949),(1.,0.,0.),(-0.000383701458415576,0.143704745341464,
-0.989620532800091),(1.,0.,0.),(-0.000357428944303722,0.115543769784457,
-0.993302325331289),(0.0501612719256852,0.357768448737154,0.932462108552947),
(0.0758868000112213,0.387534628986582,-0.918726349312073),(0.0461307624862685,
0.231349381552316,-0.971776423056145),(0.0631144913813626,0.190275979355941,
0.979699756383459),(0.0612347312228981,0.114676004404621,-0.991513853511816),
(1.,0.,0.),(0.000145574165004451,-0.0793980874586772,0.996842977863649),
(1.,0.,0.),(5.03852213908105E-5,-0.166433619923958,0.986052659658873),(1.,
0.,0.),(-4.94839995883807E-5,-0.245637580419302,0.969361736730455),(1.,
0.,0.),(-1.24108814106673E-5,-0.354920420847838,0.934896515509157),(1.,
0.,0.),(-0.000478403218269143,-0.13347530257838,-0.991052024230802),(1.,
0.,0.),(-0.000851508974250744,-0.212400098023409,-0.977182415566363),(0.0673317061028834,
-0.135291505561781,-0.98851537665132),(0.0318784555219515,-0.18816557684182,
0.981619824456149),(0.05030776826037,-0.359169275451634,0.931915532666029),
(1.,0.,0.),(-0.00036051001364806,-0.294073115492594,-0.955782858591328),
(0.0295294056761175,-0.292095398197137,-0.955933205068467),(1.,0.,0.),(0.000192884275031408,
-0.468957540085317,0.883220690650296),(1.,0.,0.),(-0.000192576965755154,
-0.474259755041809,-0.880384942886801),(0.0385772902562566,-0.472550368910113,
-0.880458938008696),(1.,0.,0.),(0.00106231719897486,-0.520980440075482,
-0.853567954260776),(1.,0.,0.),(0.000221414420877641,-0.53904466873205,
0.842277149213493),(0.0284162441151177,-0.598575196868492,0.800562459002566),
(1.,0.,0.),(0.00129004827521362,-0.549121765197602,-0.835741361164875),
(0.0473338772808004,-0.714333139531845,-0.698203172313149),(1.,0.,0.),(7.40554362479629E-5,
-0.642297152327915,0.766455714720195),(1.,0.,0.),(3.13914563622196E-5,-0.732041588477377,
-0.681259944334095),(1.,0.,0.),(0.000151701769204907,-0.698290220094886,
0.715814742448358),(1.,0.,0.),(-0.000106245557629193,-0.7676150070669,0.64091121821791),
(0.0331743675961727,-0.763061109648628,0.645474402495094),(1.,0.,0.),(0.00123772528235906,
-0.787252166642972,-0.616629949120274),(1.,0.,0.),(-0.000195034860903019,
-0.821632684274482,0.570017275258665),(1.,0.,0.),(0.00140850027004006,-0.795718965521484,
-0.60566438234092),(0.0416954007785878,-0.886826990905067,-0.460216668272866),
(1.,0.,0.),(-3.70964624711483E-6,-0.876425405327617,0.481537650534785),
(0.0282314863471234,-0.883688293757069,0.467223696590136),(1.,0.,0.),(-1.33218749968076E-5,
-0.880703940041095,-0.473667150875611),(1.,0.,0.),(0.000211719524759214,
-0.922019805741632,0.387142651996659),(1.,0.,0.),(-0.00016915815824871,
-0.928337657988726,-0.371738031610332),(1.,0.,0.),(7.10046807283013E-6,
-0.953982568955654,0.299862065087189),(0.0579294673569737,-0.953508248882062,
0.295746844658739),(1.,0.,0.),(-9.45812489558435E-6,-0.965838879741166,
-0.25914331612232),(0.0422130645825592,-0.963878836146195,-0.262974611717568),
(1.,0.,0.),(0.000186069525181764,-0.983015328280184,-0.183523376560953),
(1.,0.,0.),(-0.000352163140741314,-0.979666105492929,0.200634487886406),
(1.,0.,0.),(-4.68429715551165E-5,-0.993631477109687,0.112678682556004),
(0.0248927800511023,-0.9911084905492,0.130706960268433),(1.,0.,0.),(0.000219953147669939,
-0.994920382171254,-0.100664714576754),(0.0141441234812124,-0.996233294494606,
-0.0855521286197576),(1.,0.,0.),(0.000121498839548582,-0.999921499816277,
0.0125291437536151),(0.928557167223813,-0.345082110528935,0.136747666123354),
(0.941194402560814,-0.214800982888353,-0.260794237548282),(0.997694590683312,
-0.0585761872194032,-0.0342685571930847),(0.976813003881399,-0.186282137613286,
0.105524028801138),(0.960957469745662,-0.0813700967581915,-0.264461053264139),
(0.900631513098543,-0.434539029384247,-0.00622170038057978),(0.893375103069268,
-0.344226666061523,0.288771410614249),(0.867211444030621,-0.216184140965529,
-0.448562959390676),(0.809516943619448,-0.313795415949836,-0.496200317333531),
(0.824456394058104,-0.519224335959633,-0.225117176696908),(0.75349755001341,
-0.398139691471691,-0.523188520706079),(0.9480705819308,0.221815885969235,
-0.227947108797364),(0.79540209616033,0.165873279725388,-0.582942158791845),
(0.918729526198034,0.0578807804803418,-0.390622417358403),(0.843400826684696,
0.0461887458105362,-0.535295848394158),(0.414502270348646,0.153965373242958,
-0.896929502089197),(0.597731325688415,0.0449800192788921,-0.800433670054203),
(0.191090699870564,0.267772537009758,-0.944342211725356),(0.30019210172783,
0.157804775833705,-0.940735007738259),(0.844080703256201,0.448450866912575,
-0.293972084313931),(0.900518978495736,0.399181857217956,-0.172393196608855),
(0.859191989028899,0.498825520529847,-0.113851772303691),(0.714759061789092,
0.662264502758339,-0.2247781394545),(0.773613979186001,0.612571335254561,
-0.162104196220967),(0.723329252771422,0.0383504246363407,-0.689437478684869),
(0.708043168923429,0.0419806087350757,0.70492020784703),(0.744763130186574,
0.346907390725427,0.570072927067031),(0.743282928119044,0.276495375124855,
0.609164014286256),(0.812381724871581,0.395470808330535,0.428530947369111),
(0.543345528866931,-0.0635707067804444,0.837098800321533),(0.685323165428564,
-0.0663231043629972,0.725212661744559),(0.696731872765261,0.716007010935903,
0.0435735902083588),(0.564974678685981,0.80717322152764,0.171099394774979),
(0.575751341460244,0.723218514593426,0.381399230408255),(0.694642589088694,
0.513692644492698,0.503578733087741),(0.741681281056435,0.577004542544423,
0.342015548204445),(0.216561230240217,0.0469980911423796,0.97513712522179),
(0.339063936493418,-0.037405049921912,0.940019419591918),(0.679586288475689,
-0.609189597006092,-0.408718131987551),(0.421199239970535,-0.774108049857554,
-0.472597003158059),(0.622465574972927,-0.714656591639727,-0.319065140683704),
(0.595760840472146,-0.390487264975032,-0.701846647674719),(0.753669320354364,
-0.523310138916154,-0.397654440518582),(0.396603884040756,-0.231575385211403,
-0.888300737435232),(0.294768754102237,-0.733303226790108,-0.612680797140102),
(0.149670917956212,-0.694877222869242,-0.703380595023544),(0.172790151770355,
-0.297928075054434,-0.938819698102643),(0.130900046858176,-0.818029143644142,
-0.560083474029862),(0.241840474931568,-0.0724008547682641,-0.967611131040615),
(0.231865817558345,0.0426431181476232,-0.971812639927393),(0.121033520313582,
0.0743161784535933,0.989862612982507),(0.131281874809943,-0.181346887322403,
0.97461704058818),(0.301106028978036,-0.115456461141394,0.946575387855497),
(0.120263212059089,-0.424089162427314,0.897599655824872),(0.155654392174745,
-0.636951438568628,0.755026208221983),(0.21908649708868,-0.75578596339264,
0.617080776180939),(0.20557330065673,-0.897537632208451,-0.39008437142078),
(0.0737573123056499,-0.861911328609233,0.50166594512336),(0.147425685205384,
-0.979566458230855,0.136803586395903),(0.214093028839243,-0.856855180950778,
0.469002530782349),(0.220874283405866,-0.950162154693618,0.220014614782578),
(0.131347358033713,-0.987975512517384,-0.0815613769107417),(0.220279570177761,
-0.955927696083344,-0.194111181602429),(0.0448440094210944,-0.997983003813449,
0.0449326041814404),(0.990747941722702,-0.0334050450132053,0.131539419718555),
(0.998033119203185,0.0609787005770069,0.0145427318444824),(0.987029443078184,
0.0669763504651078,0.145900812112697),(0.944692081891748,-0.142680458201908,
0.295295034259516),(0.942672080700923,0.0374280346668874,0.331614973256585),
(0.940967776386125,-0.0589813134813202,0.333317939005643),(0.973913119802374,
0.0753215647090778,-0.214055826752234),(0.982206648569966,-0.0475783313599189,
-0.181676641013534),(0.944810938226461,0.240884439661752,0.222051745628082),
(0.972136192349572,0.234402129415438,-0.00262016212945313),(0.971291176150671,
0.147093129619636,0.186968078426632),(0.88615126257481,-0.0949639760091256,
0.453561223097398),(0.884765662838705,0.179549306554291,0.430060191574925),
(0.867287777775343,0.0296297851411594,0.496924527824895),(0.838348459064807,
-0.234741617365091,0.492004303091431),(0.80624728420274,-0.135556966726777,
0.575838193842282),(0.919981492702101,-0.0328654448309103,-0.390581509574737),
(0.89688690216482,0.415309427244526,0.15202619631832),(0.880995499508935,
0.334376365616702,0.334722834539215),(0.816868708188773,-0.0233004610109188,
-0.576352845138015),(0.88423675330549,-0.0934567308789111,-0.457592835998547),
(0.802039216722452,0.595644901745423,0.0440482220290657),(0.812382179917749,
0.554266176944038,0.181174498337725),(0.806945478001062,0.0750249496738349,
0.585841490900121),(0.776183354971542,-0.397586189202742,0.489351225215961),
(0.863545582803801,-0.504139526929815,0.0115049470675167),(0.783123064223951,
-0.518576436345129,0.343215305527123),(0.786164437024349,-0.586490192819682,
0.194871064256653),(0.768937042957835,-0.132240420960634,-0.625498437273359),
(0.716955388461934,-0.251582479552077,-0.650139390390881),(0.78559828196848,
-0.0267548470215658,0.618158165463359),(0.634379847579975,-0.264163002793989,
0.726484767176347),(0.695938770245798,-0.0419183099545119,-0.716876616552196),
(0.66868091287323,0.707749451151316,0.227939797214166),(0.697689632754363,
-0.454727952474526,0.553580766993768),(0.756795088616154,-0.653353418750443,
0.0197611754097781),(0.723046540070867,-0.676845131300365,0.138146187520826),
(0.751399888189338,-0.643147898568472,-0.147509283084183),(0.597735084627926,
-0.767366458926886,0.232080775418513),(0.576609557258564,-0.604323175010693,
0.549831718458546),(0.621517122347211,-0.666225201272994,0.412141295938663),
(0.606189523224336,-0.123594410919269,-0.785658121273223),(0.540250266001967,
-0.229002832664112,-0.809745239391141),(0.561465854319975,-0.453413064434053,
0.692223004120248),(0.474671826378786,-0.248441241200574,0.844371723184135),
(0.542171580375109,-0.0483723892696018,-0.838874298920826),(0.684656412389992,
-0.728722884402785,0.0144414237854327),(0.661018842269578,-0.734652800106105,
-0.152772227387197),(0.500559055544891,-0.803604489715569,0.321963438950741),
(0.510716435023095,-0.856562888329582,0.0739509386944166),(0.28307781668942,
-0.919523261029192,0.272660818829167),(0.410016972772672,-0.749714652412753,
0.519436254025418),(0.380829336328691,-0.600851174261394,0.702813547806353),
(0.44701373521449,0.0354594958753313,-0.893824000954247),(0.500537106632074,
-0.853047723745237,-0.14755401010295),(0.37856889054199,-0.876639518916653,
-0.296965905429202),(0.390817705145267,-0.465486172533608,0.794093284523297),
(0.296147519233542,-0.293413396907074,0.908958318828356),(0.414152168850515,
-0.0611153867524331,-0.908153561099947),(0.362770876607335,-0.857316027018433,
0.365248574128463),(0.379165279605362,-0.925316090772044,-0.00488087083723311),
(0.225161727094801,-0.971762409630351,-0.0705692275790222),(0.235848920878007,
-0.749661525283942,0.618371153943676),(0.253844872590014,-0.461473271457884,
0.850061880329731),(0.221207862173346,-0.975067201945804,0.0176361390978254)),
$,(4,4,4,1,1,1,2,2,2,143,143,143,3,3,3,1438,1438,300,300,300,1328,1328,
1328,1408,1408,144,144,144,301,301,301,1355,1355,1355,1354,1354,1354,1350,
1350,1508,1508,1508,15,24,23,23,33,84,84,84,83,83,36,101,141,141,142,142,
142,97,146,46,80,70,86,153,153,113,113,115,106,119,119,120,120,125,125,
126,126,127,127,130,130,131,131,132,132,135,135,138,138,140,140,140,156,
156,163,163,165,165,184,184,193,193,203,203,212,212,121,121,122,122,123,
123,124,124,128,128,129,129,133,133,134,134,136,136,137,137,139,139,168,
168,178,178,192,192,208,208,214,214,116,102,89,90,118,117,114,98,104,174,
167,167,158,201,173,103,166,166,94,152,150,188,180,179,194,213,215,317,
317,317,319,319,319,238,238,238,240,240,239,239,239,249,249,249,246,246,
246,248,248,248,241,241,211,223,242,242,242,251,251,251,251,243,243,243,
245,245,245,244,244,244,244,256,256,256,256,256,253,253,253,254,254,254,
247,247,250,250,250,250,267,267,259,259,259,261,261,261,264,264,264,273,
273,273,252,252,252,255,255,255,257,257,257,269,269,269,258,258,258,262,
262,262,263,263,263,260,260,260,270,270,270,265,265,265,271,271,271,266,
266,274,274,274,272,272,272,276,276,276,268,268,268,275,275,275,277,277,
277,279,279,279,287,287,287,321,321,321,281,281,281,278,278,278,286,286,
286,280,280,280,282,282,282,284,284,284,283,283,283,323,323,323,299,299,
299,298,298,298,288,288,288,285,285,285,297,297,297,296,296,296,289,289,
289,295,295,295,294,294,294,290,290,290,293,293,293,291,291,291,1335,1335,
1335,335,335,341,341,343,343,370,370,374,374,375,375,388,388,396,396,397,
397,409,409,437,437,456,456,475,475,487,487,488,488,537,537,567,567,292,
292,292,221,1421,1421,1421,1419,1419,1437,1437,1437,338,338,342,342,346,
346,348,348,349,349,351,351,366,366,367,367,372,372,406,406,407,407,416,
416,428,428,434,434,446,446,447,447,449,449,453,453,476,476,477,477,480,
480,507,507,509,509,540,540,541,541,543,543,545,545,562,562,563,563,573,
573,830,830,1341,1341,1341,1439,1439,222,327,327,327,326,326,326,329,329,
329,329,334,334,334,360,360,360,322,322,322,303,303,302,302,305,305,306,
306,309,309,310,310,311,311,315,315,316,316,304,304,307,307,308,308,312,
312,313,313,314,314,318,318,1376,1376,1377,1377,1330,1330,1380,1380,1382,
1382,1331,1331,1381,1381,1332,1332,1385,1385,1388,1388,1394,1394,1392,1392,
1264,1264,1263,1263,1263,1279,1279,1396,1396,1399,1399,1271,1271,1280,1280,
320,320,320,325,325,325,353,353,353,324,324,324,361,361,354,354,354,331,
331,331,358,358,358,460,460,460,362,362,328,328,330,330,330,332,332,332,
356,356,363,363,363,333,333,333,333,355,355,355,359,359,359,378,378,378,
336,336,339,339,337,337,385,385,386,386,340,340,344,344,345,345,369,369,
400,400,347,347,391,391,350,350,352,352,365,365,399,399,389,389,389,380,
380,380,390,390,390,357,357,443,443,443,364,364,364,445,445,445,382,382,
382,381,381,381,379,379,379,377,377,377,368,368,414,414,411,411,371,371,
373,373,417,417,404,404,405,405,429,429,376,376,387,387,420,420,394,394,
394,393,393,393,490,490,490,461,461,461,421,421,421,424,424,424,383,383,
384,384,546,546,392,392,402,402,395,395,439,439,491,491,491,503,503,503,
531,531,554,554,554,557,557,559,559,559,401,401,423,423,423,422,422,422,
398,398,410,410,403,403,412,412,418,418,408,408,438,438,432,432,415,415,
440,440,457,457,413,413,430,430,427,427,419,419,436,436,452,452,452,426,
426,426,425,425,425,451,451,451,459,459,459,471,471,471,442,442,442,433,
433,463,463,431,431,435,435,441,441,464,464,515,515,516,516,458,458,571,
571,455,455,483,483,448,448,465,465,444,444,444,469,469,469,467,467,470,
470,470,450,450,454,454,462,462,462,481,481,481,474,474,473,473,484,484,
485,485,485,466,466,505,505,504,504,468,468,472,472,524,524,511,511,511,
521,521,521,526,526,526,494,494,494,499,499,499,499,482,482,482,486,486,
495,495,498,498,478,478,479,479,506,506,493,493,493,492,492,492,496,496,
489,489,518,518,536,536,501,501,501,512,512,512,512,510,510,510,497,497,
519,519,513,513,513,533,533,533,500,500,500,604,604,604,502,502,502,528,
528,528,603,603,603,550,550,550,597,597,597,597,614,614,614,530,530,514,
514,508,508,538,538,517,517,547,547,534,534,534,520,520,520,535,535,535,
522,522,523,523,525,525,569,569,568,568,527,527,527,552,552,552,551,551,
551,555,555,529,529,529,605,605,605,553,553,606,606,606,548,548,548,532,
532,532,549,549,549,566,566,539,539,542,542,544,544,561,561,570,570,565,
565,556,556,576,576,574,574,580,580,588,588,588,579,579,584,584,589,589,
589,560,560,558,558,558,582,582,582,585,585,585,585,586,586,586,577,577,
577,577,668,668,668,564,564,572,572,1338,1338,1338,662,662,662,1429,1429,
1429,663,663,663,665,665,665,664,664,664,829,829,575,575,578,578,581,581,
593,593,591,591,625,625,625,587,587,587,583,583,583,583,599,599,599,596,
596,596,627,627,627,595,595,595,600,600,600,590,590,590,607,607,607,594,
594,592,592,602,602,602,643,643,611,611,611,620,620,620,629,629,629,635,
635,635,642,642,601,601,601,640,640,608,608,608,612,612,612,610,610,610,
613,613,613,609,609,609,676,676,676,676,631,631,631,653,653,653,700,700,
684,684,684,720,720,720,721,721,721,721,749,749,749,678,678,678,679,679,
679,683,683,683,617,617,617,618,618,618,598,615,615,615,616,616,616,619,
619,619,630,630,630,622,622,622,623,623,623,632,632,632,621,621,621,628,
628,628,637,637,637,633,633,633,638,638,638,636,636,636,624,624,624,646,
646,646,626,626,626,648,648,648,647,647,647,649,649,649,652,652,652,634,
634,634,639,639,641,641,656,656,650,650,654,654,654,654,651,651,651,645,
645,660,660,660,644,644,658,658,670,670,670,669,669,669,688,688,688,727,
727,727,657,657,657,657,685,685,694,694,655,655,686,686,686,686,659,659,
661,661,677,677,673,673,673,666,666,666,667,667,667,692,692,672,672,672,
697,697,697,671,671,671,695,695,695,701,701,710,710,710,687,687,687,687,
687,674,674,674,674,681,681,704,704,682,682,682,708,708,708,675,675,675,
680,680,680,705,705,705,689,689,689,713,713,713,690,690,690,690,690,702,
702,718,718,718,691,691,717,717,699,699,699,731,731,731,712,712,712,722,
722,722,737,737,737,742,742,742,742,750,750,750,711,711,711,732,732,732,
725,725,725,736,736,736,736,740,740,740,754,754,754,724,724,724,729,729,
729,693,693,696,696,696,753,753,698,698,698,791,791,769,769,769,800,800,
800,707,707,707,709,709,709,735,735,735,723,723,723,748,748,748,748,745,
745,745,715,715,703,703,716,716,716,805,805,803,803,706,706,706,714,714,
714,719,719,719,765,765,765,739,739,739,734,734,734,733,733,733,730,730,
730,728,728,728,801,801,726,726,726,738,738,738,743,743,743,747,747,747,
741,741,741,746,746,746,760,760,760,779,779,779,793,793,793,744,744,744,
751,751,752,752,755,755,771,771,771,770,770,770,770,763,763,763,764,764,
764,781,781,781,766,766,766,767,767,767,756,756,756,756,773,773,1440,1440,
758,758,758,757,757,757,759,759,759,782,782,782,783,783,783,772,772,762,
762,762,785,785,777,777,777,777,768,768,768,761,761,761,776,776,776,775,
775,775,774,774,774,778,778,778,797,797,797,780,780,780,789,789,795,795,
795,794,794,794,817,817,817,817,798,798,798,812,812,812,786,786,786,850,
850,850,850,842,842,842,790,790,788,788,788,787,787,787,784,784,808,808,
808,808,811,811,811,792,792,792,802,802,799,799,799,813,813,796,796,796,
816,816,816,814,814,814,862,862,862,804,804,809,809,819,819,819,807,807,
866,866,866,806,806,824,824,810,810,843,843,843,823,823,823,822,822,822,
828,828,828,815,815,820,820,841,841,821,821,839,839,818,818,906,906,906,
863,863,863,825,825,825,825,837,837,837,826,826,835,835,827,827,833,833,
833,831,831,831,1296,1296,1295,1295,836,836,836,836,834,834,834,832,832,
846,846,844,844,840,840,838,838,838,838,851,851,851,849,849,849,848,848,
848,852,852,852,855,855,855,845,845,854,854,854,847,847,890,890,859,859,
859,871,871,871,876,876,876,882,882,882,888,888,853,853,853,885,885,856,
856,856,860,860,860,858,858,858,861,861,861,857,857,857,869,869,869,872,
872,872,867,867,867,868,868,868,880,880,880,870,870,870,877,877,877,878,
878,878,864,864,864,907,907,907,865,865,865,908,908,908,912,912,912,911,
911,911,874,874,874,873,873,873,883,883,883,875,875,875,884,884,884,879,
879,879,894,894,894,881,881,881,895,895,895,892,892,886,886,896,896,887,
887,898,898,893,893,914,914,914,889,889,891,891,901,901,903,903,897,897,
899,899,916,916,916,900,900,902,902,904,904,905,905,905,909,909,909,910,
910,910,925,925,925,924,924,924,913,913,913,915,915,915,917,917,917,919,
919,919,918,918,918,922,922,922,921,921,921,923,923,923,928,928,928,964,
964,971,971,971,984,984,984,1420,1420,920,920,920,930,930,929,929,933,933,
933,939,939,939,962,962,962,957,957,931,931,926,926,926,932,932,932,927,
927,927,934,934,934,935,935,935,936,936,936,937,937,937,938,938,938,941,
941,941,949,949,949,977,977,977,977,967,967,960,960,960,956,956,943,943,
943,940,940,940,948,948,948,942,942,942,944,944,944,946,946,946,945,945,
945,988,988,988,974,974,974,973,973,973,947,947,947,950,950,950,965,965,
965,951,951,951,952,952,966,966,966,953,953,953,954,954,954,1001,1001,1001,
1000,1000,1000,993,993,993,1007,1007,1007,1038,1038,1038,1052,1052,1052,
1043,1043,1043,955,955,959,959,959,958,958,972,972,972,969,969,961,961,
961,963,963,976,976,968,968,968,983,983,983,979,979,979,981,981,981,992,
992,992,992,989,989,989,970,970,975,975,975,1018,1018,978,978,1014,1014,
1014,987,987,987,980,980,980,1015,1015,982,982,982,995,995,995,1003,1003,
1003,1008,1008,1008,985,985,985,991,991,991,990,990,990,998,998,998,1005,
1005,1005,1011,1011,1011,986,986,986,996,996,996,999,999,999,994,994,994,
997,997,997,1006,1006,1006,1002,1002,1002,1012,1012,1012,1004,1004,1004,
1013,1013,1013,1040,1040,1040,1060,1060,1009,1009,1009,1010,1010,1010,1022,
1022,1022,1023,1023,1023,1073,1073,1073,1020,1020,1017,1017,1017,1025,1025,
1025,1016,1016,1027,1027,1027,1027,1021,1021,1047,1047,1047,1019,1019,1032,
1032,1028,1028,1024,1024,1024,1026,1026,1050,1050,1050,1054,1054,1054,1054,
1029,1029,1049,1049,1049,1030,1030,1030,1036,1036,1041,1041,1031,1031,1031,
1045,1045,1045,1045,1057,1057,1033,1033,1033,1034,1034,1034,1034,1035,1035,
1064,1064,1064,1051,1051,1051,1044,1044,1044,1044,1069,1069,1069,1069,1069,
1037,1037,1037,1039,1039,1039,1107,1107,1107,1065,1065,1065,1106,1106,1106,
1068,1068,1068,1059,1059,1066,1066,1066,1055,1055,1055,1042,1042,1042,1076,
1076,1076,1067,1067,1067,1053,1053,1053,1053,1053,1046,1046,1046,1131,1131,
1131,1048,1048,1048,1111,1111,1111,1130,1130,1130,1112,1112,1112,1080,1080,
1080,1080,1091,1091,1056,1056,1056,1071,1071,1071,1078,1078,1078,1079,1079,
1079,1074,1074,1074,1084,1084,1084,1089,1089,1089,1089,1092,1092,1092,1092,
1092,1092,1082,1082,1082,1090,1090,1090,1061,1061,1061,1061,1058,1058,1058,
1081,1081,1081,1070,1070,1070,1093,1093,1088,1088,1088,1088,1088,1098,1098,
1072,1072,1072,1062,1062,1062,1109,1109,1109,1108,1108,1108,1063,1063,1063,
1083,1083,1083,1077,1077,1077,1075,1075,1075,1099,1099,1099,1085,1085,1085,
1087,1087,1087,1086,1086,1086,1101,1101,1101,1094,1094,1094,1097,1097,1097,
1095,1095,1095,1128,1128,1128,1118,1118,1118,1122,1122,1122,1113,1113,1113,
1096,1096,1096,1103,1103,1102,1102,1110,1110,1132,1132,1132,1133,1133,1133,
1133,1100,1100,1100,1104,1104,1105,1105,1123,1123,1123,1123,1116,1116,1116,
1124,1124,1124,1124,1115,1115,1115,1114,1114,1114,1117,1117,1117,1135,1135,
1135,1138,1138,1129,1129,1129,1139,1139,1137,1137,1137,1119,1119,1119,1120,
1120,1120,1215,1215,1215,1146,1146,1152,1152,1152,1158,1158,1150,1150,1150,
1150,1156,1156,1156,1160,1160,1160,1134,1134,1125,1125,1125,1126,1126,1126,
1121,1121,1121,1141,1141,1141,1143,1143,1143,1127,1127,1127,1136,1136,1136,
1144,1144,1144,1148,1148,1148,1147,1147,1147,1145,1145,1145,1226,1226,1226,
1140,1140,1140,1154,1154,1154,1154,1154,1154,1149,1149,1149,1232,1232,1232,
1142,1142,1142,1151,1151,1151,1151,1155,1155,1155,1153,1153,1153,1153,1164,
1164,1164,1162,1162,1162,1157,1157,1217,1217,1217,1217,1159,1159,1159,1216,
1216,1282,1282,1282,1218,1218,1218,1165,1165,1165,1221,1221,1221,1219,1219,
1219,1219,1219,1219,1166,1166,1166,1222,1222,1302,1302,1302,1161,1161,1161,
1227,1227,1227,1163,1163,1163,1229,1229,1229,1228,1228,1228,1230,1230,1230,
1234,1234,1234,1224,1224,1224,1224,1168,1168,1170,1170,1167,1167,1344,1344,
1169,1169,1188,1188,1345,1345,1172,1172,1174,1174,1176,1176,1178,1178,1180,
1180,1182,1182,1184,1184,1186,1186,1463,1463,1466,1466,1171,1171,1173,1173,
1467,1467,1469,1469,1175,1175,1475,1475,1470,1470,1476,1476,1474,1474,1177,
1177,1346,1346,1477,1477,1179,1179,1181,1181,1480,1480,1478,1478,1479,1479,
1183,1183,1347,1347,1348,1348,1481,1481,1185,1185,1187,1187,1349,1349,1482,
1482,1484,1484,1483,1483,1190,1190,1189,1189,1191,1191,1351,1351,1485,1485,
1193,1193,1192,1192,1199,1199,1352,1352,1194,1194,1197,1197,1486,1486,1353,
1353,1195,1195,1196,1196,1212,1212,1489,1489,1201,1201,1203,1203,1205,1205,
1207,1207,1209,1209,1211,1211,1213,1213,1214,1214,1487,1487,1488,1488,1198,
1198,1490,1490,1200,1200,1202,1202,1491,1491,1204,1204,1206,1206,1208,1208,
1210,1210,1494,1494,1492,1492,1493,1493,1496,1496,1497,1497,1495,1495,1499,
1499,1500,1500,1498,1498,1501,1501,1504,1504,1502,1502,1505,1505,1503,1503,
1506,1506,1507,1507,1220,1220,1220,1233,1233,1233,1233,1300,1300,1300,1223,
1223,1225,1225,1225,1283,1283,1283,1285,1285,1285,1284,1284,1284,1287,1287,
1287,1231,1231,1231,1289,1289,1289,1292,1292,1292,1291,1291,1291,1278,1278,
1235,1235,1236,1236,1356,1356,1237,1237,1238,1238,1359,1359,1357,1357,1239,
1239,1358,1358,1240,1240,1361,1361,1241,1241,1362,1362,1360,1360,1242,1242,
1363,1363,1243,1243,1364,1364,1244,1244,1245,1245,1246,1246,1365,1365,1247,
1247,1366,1366,1248,1248,1329,1329,1367,1367,1249,1249,1369,1369,1368,1368,
1250,1250,1255,1255,1251,1251,1252,1252,1372,1372,1370,1370,1253,1253,1373,
1373,1371,1371,1254,1254,1256,1256,1378,1378,1374,1374,1379,1379,1375,1375,
1257,1257,1259,1259,1258,1258,1386,1386,1383,1383,1260,1260,1387,1387,1384,
1384,1261,1261,1262,1262,1391,1391,1391,1389,1389,1265,1265,1393,1393,1390,
1390,1266,1266,1267,1267,1397,1397,1395,1395,1268,1268,1269,1269,1400,1400,
1398,1398,1270,1270,1272,1272,1277,1277,1273,1273,1276,1276,1402,1402,1401,
1401,1274,1274,1274,1275,1275,1403,1403,1404,1404,1404,1410,1410,1405,1405,
1407,1407,1406,1406,1281,1281,1281,1293,1293,1293,1299,1299,1299,1294,1294,
1294,1305,1305,1305,1306,1306,1306,1316,1316,1316,1322,1322,1322,1320,1320,
1320,1326,1326,1326,1326,1327,1327,1327,1422,1422,1422,1286,1286,1286,1288,
1288,1288,1297,1297,1297,1298,1298,1298,1290,1290,1290,1308,1308,1308,1307,
1307,1307,1324,1324,1324,1318,1318,1318,1303,1303,1303,1304,1304,1304,1433,
1433,1433,1431,1431,1431,1436,1436,1436,1435,1435,1435,1301,1301,1301,1311,
1311,1311,1309,1309,1309,1312,1312,1312,1432,1432,1432,1434,1434,1434,1314,
1314,1314,1310,1310,1310,1340,1340,1340,1315,1315,1315,1313,1313,1313,1317,
1317,1317,1337,1337,1337,1319,1319,1319,1323,1323,1323,1427,1427,1325,1325,
1325,1321,1321,1321,1321,1425,1425,1425,1336,1336,1336,1428,1428,1428,1339,
1339,1430,1430,1430,1424,1424,1424,1426,1426,1426,1423,1423,1409,1409,1411,
1411,1412,1412,1413,1413,1415,1415,1417,1417,1334,1334,1333,1333,1414,1414,
1416,1416,1418,1418,217,216,218,219,220,1442,1442,1443,1443,1444,1444,1446,
1446,1441,1441,1445,1445,224,225,227,1447,1447,226,1449,1449,1448,1448,
228,1450,1450,1451,1451,229,1452,1452,230,1453,1453,1454,1454,1342,1342,
1455,1455,231,1456,1456,1457,1457,1458,1458,233,1459,1459,232,1460,1460,
1343,1343,1461,1461,1464,1464,235,1462,1462,234,1468,1468,1465,1465,1471,
1471,236,1473,1473,237,1472,1472,18,20,6,11,16,28,30,39,47,41,61,17,58,
27,43,154,100,195,171,49,26,40,68,56,66,76,67,60,48,109,77,72,92,95,73,
63,189,164,78,148,85,93,64,151,169,197,205,196,181,182,207,204,170,202,
199,200,191,209,198,185,186,206,190,210,7,5,8,14,21,19,12,9,22,10,13,37,
32,38,45,55,25,29,31,53,34,52,42,54,57,35,50,51,62,69,59,88,75,82,74,44,
71,65,87,99,91,96,107,105,145,111,79,81,112,108,172,155,160,147,110,159,
161,176,149,162,157,177,175,183,187),((1,4,8),(7,6,11),(1,13,4),(15,16,
5),(11,6,18),(21,18,6),(22,5,16),(2,9,25),(7,11,26),(26,30,7),(32,7,30),
(34,25,9),(14,3,36),(16,15,39),(40,39,15),(41,14,36),(35,2,25),(43,44,45),
(47,43,45),(44,47,46),(48,51,53),(54,52,50),(55,52,57),(52,55,60),(61,57,
52),(53,51,62),(61,52,54),(51,60,63),(51,63,62),(53,64,48),(64,54,49),(65,
66,68),(70,69,67),(68,71,65),(70,71,68),(27,12,72),(74,72,12),(76,74,12),
(78,76,12),(80,78,12),(80,12,82),(82,12,84),(84,12,86),(88,86,12),(90,88,
12),(92,90,12),(93,10,95),(95,10,97),(10,99,97),(10,101,99),(101,10,103),
(10,105,103),(105,10,107),(10,20,107),(109,27,72),(111,27,109),(111,113,
27),(113,115,27),(115,117,27),(117,119,27),(119,121,27),(123,27,121),(123,
125,27),(125,127,27),(129,27,127),(129,56,27),(59,27,56),(28,58,131),(28,
131,133),(135,28,133),(135,137,28),(137,139,28),(28,139,29),(73,75,141),
(110,73,141),(75,77,141),(112,110,142),(141,142,110),(114,112,143),(142,
143,112),(116,114,143),(118,116,144),(116,143,144),(77,79,145),(145,141,
77),(145,79,81),(81,83,146),(145,81,146),(144,120,118),(122,120,147),(144,
147,120),(83,85,146),(85,87,146),(89,148,87),(146,87,148),(147,124,122),
(126,124,63),(147,63,124),(89,91,148),(60,128,126),(60,126,63),(60,130,
128),(91,94,149),(149,148,91),(130,60,55),(94,96,66),(66,149,94),(57,61,
132),(66,96,150),(67,151,153),(152,66,154),(66,65,149),(67,153,70),(154,
66,150),(98,150,96),(100,155,98),(150,98,155),(100,102,155),(156,157,159),
(160,157,156),(161,159,157),(162,161,158),(163,157,160),(162,157,163),(164,
153,152),(164,152,154),(165,134,132),(61,165,132),(134,165,136),(104,154,
102),(155,102,154),(136,165,138),(106,154,104),(108,166,106),(106,166,154),
(167,140,138),(167,138,165),(168,107,20),(108,170,166),(171,29,139),(140,
167,172),(174,178,179),(181,183,175),(177,176,185),(188,185,176),(189,175,
183),(179,178,191),(192,193,180),(182,180,194),(194,180,193),(178,195,191),
(198,196,177),(185,198,177),(191,195,202),(192,204,193),(197,206,203),(196,
198,205),(203,206,209),(204,211,193),(207,213,208),(216,218,210),(211,219,
193),(198,220,205),(212,205,220),(223,186,190),(226,186,223),(199,187,228),
(223,190,184),(182,229,224),(225,224,231),(234,231,224),(237,234,224),(237,
224,229),(182,240,229),(182,194,240),(243,200,227),(244,225,231),(247,201,
245),(247,221,201),(246,244,231),(217,215,249),(251,252,219),(193,219,252),
(222,248,255),(257,212,220),(233,255,248),(214,259,250),(212,257,258),(262,
250,259),(251,263,252),(236,256,232),(236,264,256),(257,266,258),(239,265,
235),(267,258,266),(270,265,239),(267,266,272),(261,260,269),(273,252,263),
(261,269,274),(230,271,238),(230,276,271),(272,277,267),(242,276,230),(278,
267,277),(242,281,276),(283,285,277),(285,278,277),(275,287,253),(289,290,
254),(275,268,287),(288,267,278),(289,280,290),(252,292,193),(294,282,241),
(294,284,282),(293,240,194),(291,279,295),(279,286,295),(293,296,292),(296,
300,292),(292,300,193),(296,293,302),(194,302,293),(305,308,297),(312,298,
310),(305,314,308),(309,316,318),(318,320,309),(309,320,311),(306,296,302),
(298,312,299),(317,315,307),(317,307,323),(324,306,326),(326,306,302),(325,
329,319),(318,332,320),(333,319,329),(331,324,326),(335,322,338),(321,341,
339),(337,311,320),(321,344,341),(345,320,332),(347,335,338),(340,342,348),
(350,301,313),(311,337,354),(313,355,350),(352,193,300),(349,346,336),(354,
337,345),(343,346,349),(356,360,362),(365,357,364),(359,358,368),(370,368,
358),(372,370,358),(374,372,358),(374,358,376),(378,376,358),(380,378,358),
(382,380,358),(384,382,358),(386,384,358),(358,388,386),(390,388,358),(392,
390,358),(394,392,358),(396,394,358),(398,396,358),(398,358,400),(358,367,
400),(402,362,360),(405,363,404),(406,363,409),(405,409,363),(365,364,408),
(403,361,412),(414,359,368),(414,416,359),(418,359,416),(420,359,418),(422,
359,420),(424,359,422),(424,426,359),(426,428,359),(428,430,359),(430,432,
359),(432,434,359),(434,436,359),(438,359,436),(440,359,438),(442,359,440),
(444,359,442),(444,446,359),(446,448,359),(448,450,359),(452,359,450),(452,
454,359),(454,456,359),(359,456,458),(458,460,359),(460,462,359),(462,464,
359),(464,466,359),(468,359,466),(468,470,359),(472,359,470),(472,474,359),
(359,474,476),(477,412,361),(413,480,404),(481,404,480),(405,404,481),(353,
482,351),(354,345,486),(353,487,482),(484,488,352),(493,352,488),(493,495,
352),(352,495,193),(332,486,345),(328,334,330),(328,498,334),(500,486,332),
(31,501,19),(30,18,32),(503,19,501),(505,19,503),(505,507,19),(509,19,507),
(19,509,511),(513,19,511),(513,515,19),(515,517,19),(169,19,517),(21,32,
18),(519,501,31),(519,31,521),(31,523,521),(523,31,525),(527,525,31),(527,
31,529),(529,31,531),(173,531,31),(504,502,533),(506,504,536),(533,536,
504),(537,502,520),(537,533,502),(520,522,540),(540,537,520),(506,536,508),
(508,541,510),(541,508,536),(524,544,522),(545,540,522),(545,522,544),(526,
548,524),(544,524,548),(510,549,512),(549,510,541),(512,552,514),(552,512,
549),(516,514,553),(556,514,552),(556,553,514),(528,557,526),(560,526,557),
(548,526,560),(528,530,557),(562,530,532),(562,557,530),(518,516,565),(553,
565,516),(518,565,170),(566,170,565),(566,166,170),(172,569,532),(532,570,
562),(532,569,570),(167,569,172),(572,575,303),(573,304,578),(572,582,575),
(581,574,584),(580,584,574),(326,302,577),(586,578,304),(302,194,587),(483,
499,327),(483,485,499),(326,577,484),(583,585,576),(484,577,589),(589,577,
592),(577,595,592),(598,576,585),(577,599,595),(589,488,484),(601,489,602),
(606,489,601),(600,604,608),(605,600,610),(608,610,600),(591,602,489),(490,
607,613),(491,616,492),(594,603,590),(617,608,604),(594,618,603),(605,610,
614),(620,494,615),(621,614,623),(610,623,614),(620,496,494),(626,415,369),
(629,626,369),(629,369,371),(626,630,415),(627,632,631),(627,628,634),(632,
627,634),(630,636,415),(637,631,632),(417,415,636),(371,373,629),(639,629,
373),(628,638,634),(417,636,640),(637,632,641),(419,417,640),(373,375,639),
(643,639,375),(638,642,644),(644,634,638),(640,646,419),(647,641,648),(648,
641,632),(421,419,646),(646,650,421),(647,648,651),(423,421,650),(423,650,
425),(653,425,650),(651,648,652),(654,425,653),(425,654,427),(652,656,655),
(656,652,648),(579,588,658),(661,584,580),(580,660,661),(664,658,588),(587,
194,665),(667,609,619),(609,667,611),(667,619,593),(668,592,669),(672,611,
667),(668,669,673),(675,669,592),(675,592,595),(497,622,678),(681,621,623),
(683,678,622),(680,193,495),(585,684,598),(585,663,684),(686,595,599),(612,
674,688),(612,688,624),(673,669,687),(654,690,427),(655,692,691),(656,694,
655),(692,655,694),(429,427,690),(690,431,429),(696,431,690),(691,692,697),
(643,375,699),(642,698,700),(702,644,642),(700,702,642),(377,699,375),(696,
704,431),(697,706,705),(706,697,692),(433,431,704),(377,379,699),(708,699,
379),(698,709,700),(379,381,708),(711,708,381),(709,710,712),(712,700,709),
(714,625,689),(623,717,681),(714,719,625),(715,687,669),(685,662,596),(720,
661,660),(596,662,723),(724,661,720),(726,679,682),(681,717,727),(729,679,
726),(680,731,193),(732,633,735),(733,734,736),(732,738,633),(739,733,736),
(635,735,633),(735,635,741),(740,736,734),(649,633,738),(645,741,635),(381,
742,711),(710,743,744),(744,712,710),(383,742,381),(721,659,666),(746,721,
666),(665,749,747),(749,665,752),(754,752,665),(757,754,665),(759,757,665),
(665,194,759),(657,649,738),(762,657,738),(763,739,736),(764,718,716),(767,
727,717),(764,769,718),(715,669,765),(383,385,742),(770,742,385),(743,771,
744),(385,387,770),(773,770,387),(771,772,744),(657,762,695),(741,645,774),
(703,774,645),(740,775,736),(777,695,762),(776,763,736),(774,703,778),(775,
779,736),(778,703,701),(433,704,781),(705,782,780),(784,705,706),(782,705,
784),(433,781,435),(435,781,437),(786,437,781),(780,782,787),(387,389,773),
(789,773,389),(790,744,772),(772,788,790),(695,777,693),(792,693,777),(776,
736,793),(693,792,707),(795,707,792),(794,793,736),(786,796,437),(787,782,
797),(796,439,437),(701,799,778),(713,799,701),(779,798,736),(799,713,800),
(798,801,736),(745,800,713),(802,727,767),(804,730,728),(805,768,766),(805,
808,768),(767,810,802),(806,765,669),(730,804,811),(813,814,731),(817,731,
814),(817,193,731),(807,820,809),(810,822,802),(671,820,807),(823,439,796),
(797,825,824),(825,797,782),(439,823,441),(707,795,785),(785,795,827),(828,
794,736),(785,827,830),(829,828,736),(783,785,830),(823,831,441),(824,825,
832),(443,441,831),(826,783,830),(834,826,830),(833,829,835),(837,835,829),
(736,837,829),(745,839,800),(801,840,841),(841,736,801),(789,389,391),(791,
839,745),(789,391,843),(788,844,845),(845,790,788),(443,831,847),(848,832,
849),(849,832,825),(670,851,821),(822,853,855),(857,802,822),(855,857,822),
(851,670,677),(859,852,676),(852,859,854),(860,675,595),(445,443,847),(445,
847,447),(862,447,847),(848,849,863),(862,449,447),(449,862,865),(864,863,
849),(812,803,866),(869,867,802),(857,869,802),(866,815,812),(872,449,865),
(872,451,449),(873,864,849),(843,391,875),(874,845,844),(393,875,391),(791,
846,839),(876,839,846),(840,877,841),(868,818,816),(725,748,597),(725,722,
748),(595,747,860),(878,818,868),(867,869,879),(826,834,850),(881,850,834),
(882,833,835),(850,881,884),(849,885,873),(850,884,886),(882,835,883),(856,
887,858),(858,887,890),(870,858,890),(887,856,861),(860,891,888),(889,888,
893),(896,893,888),(891,896,888),(860,747,899),(899,891,860),(819,880,902),
(819,902,906),(908,193,817),(870,890,910),(909,889,893),(912,875,393),(845,
874,914),(913,916,874),(914,874,916),(872,918,451),(919,873,885),(912,393,
395),(453,451,918),(453,918,455),(921,455,918),(920,919,885),(455,921,457),
(922,920,885),(923,457,921),(924,871,911),(869,927,879),(924,929,871),(925,
909,893),(846,915,876),(930,876,915),(877,931,841),(903,879,927),(395,397,
912),(933,912,397),(932,916,913),(399,933,397),(916,932,934),(936,934,932),
(399,937,933),(938,747,749),(938,899,747),(928,926,895),(941,903,927),(928,
895,945),(947,941,927),(944,905,904),(915,917,930),(948,930,917),(931,949,
841),(948,917,951),(949,950,841),(935,951,917),(907,943,952),(954,955,908),
(955,193,908),(751,958,939),(940,959,961),(751,964,958),(960,966,967),(960,
967,970),(972,961,959),(973,899,938),(973,938,976),(980,976,938),(938,962,
980),(753,965,750),(966,983,967),(753,984,965),(886,884,985),(885,986,922),
(985,884,836),(457,923,988),(987,922,986),(457,988,459),(988,989,459),(986,
991,987),(991,993,987),(990,987,993),(989,461,459),(898,946,894),(941,947,
995),(898,998,946),(947,1000,995),(997,953,942),(1001,955,954),(953,997,
1002),(836,838,985),(992,985,838),(992,838,737),(994,992,737),(935,1004,
951),(935,1007,1004),(934,936,1006),(1005,841,950),(892,999,897),(892,1008,
999),(1000,1009,995),(1010,1004,1007),(1011,841,1005),(1012,1006,936),(1010,
1007,1013),(1008,892,1014),(1016,1018,1009),(995,1009,1020),(1018,1020,
1009),(901,1014,892),(975,1015,900),(975,1017,1015),(968,1023,1026),(1027,
1028,969),(1024,967,983),(1030,970,967),(1026,1023,1032),(1025,1031,1033),
(1035,1028,1027),(756,984,753),(984,756,1036),(983,1038,1024),(1003,1040,
956),(957,1041,1042),(1003,996,1040),(1039,995,1020),(1022,1042,1041),(955,
1044,193),(1045,937,399),(1012,936,1046),(1045,399,401),(989,1048,461),
(1047,990,993),(463,461,1048),(463,1048,1049),(1050,1047,993),(1049,465,
463),(1049,1052,465),(1051,1050,993),(467,465,1052),(1052,1053,467),(1054,
1051,993),(469,467,1053),(737,1056,994),(993,1055,1054),(737,842,1056),
(758,1037,755),(1024,1038,1057),(1037,758,1059),(1038,1060,1057),(1043,
1021,1019),(1043,1019,974),(973,1061,1044),(1063,1044,1061),(1065,1044,
1063),(1065,1067,1044),(193,1044,1067),(1061,973,1070),(1070,973,1072),
(1072,973,1074),(1074,973,976),(1023,1058,1032),(1032,1058,1077),(1031,
1078,1033),(1059,758,1079),(1060,1081,1082),(1082,1057,1060),(761,1079,
758),(760,1085,1080),(1088,1082,1081),(1090,1085,760),(759,194,1089),(1077,
1058,1092),(1078,1095,1096),(1096,1033,1078),(1053,1099,469),(1100,1054,
1055),(471,469,1099),(471,1099,473),(1100,1055,1101),(1102,473,1099),(1084,
1092,1058),(1045,401,1103),(1012,1046,1107),(1105,1107,1046),(1109,400,
367),(1111,1103,401),(1112,1010,1013),(1013,1108,1112),(1114,841,1011),
(1116,1056,842),(1118,1101,1055),(1119,1056,1116),(1115,841,1114),(473,
1102,475),(1101,1118,1121),(1122,475,1102),(1123,1064,1062),(1123,1126,
1064),(1064,1126,1066),(1123,1062,1127),(1125,1124,1129),(1124,1128,1131),
(1131,1129,1124),(1071,1127,1062),(1087,1093,1083),(1094,1086,1091),(1095,
1089,1133),(1133,1096,1095),(1136,1066,1126),(1125,1129,1137),(1073,1127,
1071),(1066,1136,1068),(1127,1073,1139),(1142,1143,1128),(1131,1128,1143),
(1076,1139,1073),(1140,1075,979),(978,1146,1141),(1142,1148,1143),(1133,
1089,1149),(1089,194,1149),(1069,1138,1152),(1155,1137,1129),(1137,1155,
1153),(1069,1152,1158),(1160,193,1067),(1154,1161,1159),(1163,193,1160),
(1165,1132,1166),(1168,1166,1132),(1132,1165,1130),(1168,1132,1145),(1164,
1167,1171),(1170,1173,1167),(1173,1177,1167),(1177,1179,1167),(1179,1183,
1167),(1183,1185,1167),(1185,1171,1167),(1130,1165,1156),(1187,1156,1165),
(1188,1164,1190),(1171,1190,1164),(1192,1153,1155),(1161,1154,1195),(1153,
1192,1196),(1147,977,982),(1198,1143,1148),(1201,1198,1148),(1147,982,1202),
(1169,1144,1174),(1144,1200,1174),(1189,1193,1157),(1204,1193,1189),(1205,
1188,1190),(963,971,1029),(963,1029,1034),(962,1033,1207),(1211,980,962),
(1211,962,1214),(1217,1214,962),(1207,1219,962),(1219,1223,962),(1225,1217,
962),(962,1223,1229),(1229,1225,962),(1232,1033,1096),(1235,1207,1033),
(1232,1238,1033),(1235,1033,1238),(1241,1162,1197),(1162,1241,1244),(1163,
1246,1247),(1247,193,1163),(1194,1206,1248),(1250,1196,1192),(1252,1248,
1206),(1251,1205,1190),(1254,1175,1199),(1198,1201,1255),(1176,1175,1254),
(1242,1196,1250),(1203,981,1257),(1201,1259,1255),(1213,1257,981),(1260,
1249,1253),(1262,1242,1250),(1264,1260,1253),(1263,1251,1190),(1266,1245,
1243),(1267,1242,1262),(1245,1266,1269),(1246,1271,1247),(1178,1256,1180),
(1273,1180,1256),(1255,1259,1272),(1270,1268,1275),(1277,1247,1271),(1279,
1261,1265),(1281,1267,1262),(1261,1279,1284),(1262,1286,1281),(1278,1263,
1190),(1151,1288,1134),(1135,1289,1290),(1151,1293,1288),(1287,1295,1297),
(1287,1297,1291),(1135,1290,1300),(1301,1096,1133),(1303,1294,1150),(1303,
1296,1294),(1149,194,1302),(1181,1274,1182),(1259,1305,1272),(1308,1182,
1274),(1309,1272,1305),(1216,1258,1212),(1216,1306,1258),(1283,1275,1268),
(1285,1280,1311),(1191,1311,1280),(1184,1310,1314),(1313,1309,1315),(1315,
1309,1305),(1184,1314,1186),(1317,1281,1286),(1312,1319,1286),(1319,1317,
1286),(1318,1276,1282),(1276,1318,1323),(1247,1277,1325),(1191,1327,1311),
(1312,1326,1328),(1328,1319,1312),(1172,1327,1191),(1331,1186,1314),(1313,
1333,1332),(1315,1333,1313),(1331,1172,1186),(1327,1172,1331),(1326,1332,
1328),(1333,1328,1332),(1292,1304,1299),(1292,1298,1304),(1302,1335,1301),
(1338,1096,1301),(1338,1301,1335),(1341,1335,1302),(1341,1302,1344),(1302,
194,1344),(1322,1323,1318),(1324,1321,1347),(1325,1350,1351),(1351,1353,
1325),(1247,1325,1353),(1355,1307,1215),(1307,1355,1316),(1214,1357,1356),
(1357,1214,1217),(1330,1348,1320),(1361,1316,1355),(1356,1357,1362),(1316,
1361,1334),(1349,1329,1364),(1363,1365,1350),(1351,1350,1365),(1329,1334,
1361),(1329,1361,1364),(1363,1362,1367),(1367,1362,1357),(1365,1363,1367),
(1117,1113,1106),(1120,1117,1106),(1118,1107,1121),(1105,1121,1107),(1097,
1370,1374),(1372,1376,1373),(1097,1340,1370),(1337,1371,1339),(1337,1378,
1371),(1372,1380,1381),(1376,1372,1381),(1098,1375,1233),(1233,1375,1384),
(1385,1373,1387),(1376,1387,1373),(1343,1379,1336),(1390,1234,1386),(1387,
1392,1385),(1385,1392,1391),(1379,1343,1395),(1399,1381,1380),(1369,1400,
1366),(1368,1360,1401),(1405,1366,1400),(1404,1403,1406),(1408,1402,1359),
(1403,1410,1411),(1411,1406,1403),(1237,1414,1208),(1208,1414,1418),(1240,
1415,1236),(1417,1416,1420),(1415,1240,1423),(1425,1426,1416),(1420,1416,
1426),(1429,1209,1419),(1210,1433,1220),(1366,1405,1352),(1434,1238,1232),
(1234,1390,1435),(1417,1436,1430),(1420,1436,1417),(1439,1352,1405),(1404,
1441,1440),(1406,1441,1404),(1409,1358,1218),(1443,1409,1218),(1410,1445,
1446),(1446,1411,1410),(1449,1424,1239),(1450,1238,1434),(1432,1222,1221),
(1354,1352,1439),(1346,1396,1342),(1399,1452,1381),(1399,1455,1452),(1458,
1397,1345),(1399,1463,1455),(1461,1462,1398),(1449,1465,1424),(1467,1468,
1425),(1426,1425,1468),(1471,1430,1436),(1224,1431,1474),(1471,1478,1430),
(1481,1474,1431),(1482,1430,1478),(1354,1439,1484),(1441,1487,1440),(1485,
1440,1487),(1377,1490,1388),(1490,1377,1383),(1493,1388,1490),(1492,1491,
1495),(1490,1383,1497),(1499,1500,1491),(1502,1495,1491),(1502,1491,1505),
(1505,1491,1500),(1354,1484,1508),(1353,1510,1247),(1512,1389,1494),(1512,
1393,1389),(1511,1492,1514),(1495,1514,1492),(1454,1498,1382),(1454,1517,
1498),(1499,1519,1500),(1228,1443,1218),(1444,1227,1520),(1524,1446,1445),
(1445,1523,1524),(1466,1435,1390),(1467,1391,1392),(1466,1451,1435),(1527,
1407,1530),(1407,1531,1530),(1534,1528,1529),(1529,1533,1536),(1534,1529,
1536),(1531,1407,1413),(1407,1527,1442),(1538,1421,1541),(1545,1422,1540),
(1428,1541,1421),(1545,1437,1422),(1539,1543,1547),(1544,1539,1547),(1509,
1486,1550),(1510,1552,1247),(1412,1448,1532),(1516,1394,1513),(1553,1467,
1392),(1516,1554,1394),(1467,1553,1468),(1542,1427,1470),(1542,1470,1556),
(1543,1558,1547),(1527,1488,1442),(1560,1488,1527),(1559,1528,1534),(1532,
1448,1562),(1533,1564,1565),(1565,1536,1533),(1567,1438,1546),(1567,1472,
1438),(1544,1547,1568),(1223,1477,1229),(1231,1521,1226),(1457,1518,1453),
(1518,1457,1570),(1519,1572,1500),(1573,1485,1487),(1576,1550,1486),(1485,
1573,1577),(1473,1569,1479),(1579,1479,1569),(1580,1568,1547),(1344,194,
1459),(1563,1447,1526),(1526,1582,1563),(1584,1586,1564),(1586,1588,1564),
(1588,1592,1564),(1592,1565,1564),(1574,1489,1561),(1594,1574,1561),(1595,
1559,1534),(1557,1469,1597),(1599,1468,1553),(1601,1597,1469),(1602,1468,
1599),(1558,1598,1547),(1496,1555,1515),(1496,1600,1555),(1477,1603,1229),
(1606,1475,1483),(1609,1604,1476),(1571,1456,1610),(1463,1611,1455),(1571,
1610,1614),(1615,1616,1572),(1616,1500,1572),(1619,1551,1578),(1551,1619,
1623),(1552,1624,1247),(1581,1625,1480),(1478,1628,1482),(1549,1625,1581),
(1630,1464,1460),(1629,1459,1631),(1631,1459,194),(1633,1575,1596),(1573,
1636,1577),(1633,1638,1575),(1634,1595,1534),(1583,1525,1585),(1524,1523,
1639),(1641,1585,1525),(1620,1577,1636),(1230,1642,1522),(1644,1639,1523),
(1646,1229,1603),(1230,1647,1642),(1648,1611,1463),(1464,1630,1649),(1601,
1650,1597),(1652,1653,1598),(1655,1547,1598),(1653,1655,1598),(1504,1600,
1496),(1599,1659,1602),(1504,1660,1600),(1607,1482,1628),(1662,1650,1601),
(1663,1602,1659),(1626,1548,1658),(1628,1665,1607),(1657,1666,1627),(1668,
1637,1635),(1671,1620,1636),(1668,1673,1637),(1669,1634,1534),(1674,1587,
1640),(1639,1644,1675),(1674,1589,1587),(1651,1664,1503),(1661,1503,1664),
(1652,1502,1677),(1653,1652,1677),(1613,1612,1680),(1648,1683,1611),(1681,
1611,1683),(1613,1680,1617),(1685,1622,1621),(1620,1671,1689),(1621,1690,
1685),(1687,1247,1624),(1677,1502,1691),(1505,1691,1502),(1695,1605,1608),
(1696,1607,1665),(1646,1603,1698),(1605,1695,1701),(1703,1704,1603),(1709,
1698,1603),(1709,1603,1704),(1649,1630,1684),(1711,1684,1630),(1629,1631,
1712),(1672,1670,1713),(1671,1715,1689),(1717,1713,1670),(1716,1669,1534),
(1654,1667,1656),(1667,1654,1719),(1665,1720,1721),(1721,1696,1665),(1590,
1676,1591),(1644,1725,1675),(1728,1591,1676),(1729,1675,1725),(1618,1682,
1501),(1683,1731,1681),(1733,1501,1682),(1734,1681,1736),(1731,1736,1681),
(1700,1643,1645),(1700,1726,1643),(1679,1719,1654),(1679,1738,1719),(1740,
1742,1720),(1721,1720,1742),(1744,1702,1697),(1746,1747,1703),(1704,1703,
1747),(1714,1718,1750),(1752,1689,1715),(1715,1751,1754),(1752,1715,1754),
(1535,1750,1718),(1757,1684,1711),(1757,1732,1684),(1712,1759,1758),(1759,
1712,1631),(1501,1733,1506),(1593,1730,1566),(1566,1730,1537),(1537,1730,
1762),(1763,1729,1764),(1764,1729,1725),(1688,1766,1686),(1688,1753,1766),
(1767,1768,1687),(1687,1768,1247),(1678,1694,1739),(1741,1739,1694),(1744,
1697,1724),(1735,1771,1507),(1774,1734,1736),(1776,1771,1735),(1773,1691,
1505),(1732,1757,1737),(1537,1762,1535),(1535,1762,1750),(1751,1763,1777),
(1777,1754,1751),(1764,1777,1763),(1780,1737,1757),(1758,1759,1781),(1723,
1692,1745),(1693,1722,1743),(1753,1783,1766),(1753,1756,1783),(1782,1784,
1767),(1768,1767,1784),(1786,1727,1699),(1727,1786,1765),(1698,1788,1787),
(1709,1788,1698),(1790,1737,1780),(1737,1790,1775),(1792,1746,1691),(1792,
1747,1746),(1791,1781,1795),(1795,1781,1759),(1691,1773,1792),(1772,1775,
1790),(1791,1795,1773),(1783,1756,1798),(1755,1779,1799),(1782,1801,1802),
(1784,1782,1802),(1805,1765,1786),(1787,1807,1806),(1807,1787,1788),(1795,
1792,1773),(1765,1805,1809),(1765,1809,1778),(1800,1778,1809),(1810,1811,
1801),(1802,1801,1811),(1806,1814,1810),(1814,1806,1807),(1814,1811,1810),
(475,1122,1817),(1819,1817,1122),(1820,1121,1105),(1818,476,474),(1821,
1812,1816),(1808,1822,1815),(1825,1813,1828),(1824,1828,1813),(1829,1830,
1826),(1823,1832,1829),(1830,1829,1832),(1813,1825,1803),(1827,1834,1804),
(1826,1830,1835),(1789,1822,1808),(1789,1836,1822),(1823,1839,1840),(1832,
1823,1840),(1804,1834,1785),(1710,1836,1789),(1707,1837,1708),(1706,1843,
1838),(1845,1840,1839),(1785,1834,1847),(1849,1835,1830),(1835,1849,1846),
(1785,1847,1769),(1770,1848,1852),(1768,1854,1247),(1831,1833,1856),(1833,
1857,1856),(1833,1842,1857),(1861,1831,1856),(1855,1862,1860),(1859,1864,
1855),(1868,1855,1864),(1868,1870,1855),(1874,1855,1870),(1855,1874,1876),
(1876,1862,1855),(1878,1831,1861),(1878,1850,1831),(1860,1881,1879),(1881,
1860,1862),(1883,1846,1849),(1886,1852,1848),(1887,1846,1883),(1749,1844,
1705),(1845,1889,1840),(1845,1892,1889),(1749,1893,1844),(1858,1841,1865),
(1841,1891,1865),(1851,1880,1884),(1895,1884,1880),(1879,1881,1896),(1898,
1853,1888),(1898,1901,1853),(1903,1247,1854),(1885,1897,1904),(1883,1906,
1887),(1908,1904,1897),(1907,1896,1910),(1881,1910,1896),(1866,1890,1867),
(1889,1892,1913),(1915,1867,1890),(1887,1906,1899),(1916,1894,1748),(1918,
1913,1892),(1920,1916,1748),(1747,1792,1919),(1761,1922,1796),(1926,1797,
1924),(1761,1928,1922),(1930,1925,1923),(1931,1792,1795),(1926,1932,1797),
(1934,1929,1760),(1930,1937,1925),(1934,1939,1929),(1759,1631,1935),(1940,
1905,1909),(1906,1943,1899),(1940,1945,1905),(1941,1907,1910),(1946,1902,
1900),(1947,1899,1943),(1949,1869,1914),(1913,1918,1950),(1949,1871,1869),
(1902,1946,1952),(1903,1954,1247),(1944,1942,1912),(1944,1912,1955),(1943,
1957,1947),(1872,1951,1873),(1918,1958,1950),(1961,1873,1951),(1962,1950,
1958),(1964,1917,1921),(1964,1959,1917),(1919,1792,1965),(1882,1956,1911),
(1967,1947,1957),(1882,1969,1956),(1970,1971,1957),(1967,1957,1971),(1875,
1963,1973),(1962,1975,1974),(1975,1962,1958),(1875,1973,1877),(1968,1953,
1948),(1953,1968,1977),(1954,1978,1979),(1979,1247,1954),(1882,1982,1969),
(1970,1983,1971),(1863,1982,1882),(1985,1877,1973),(1974,1986,1984),(1986,
1974,1975),(1863,1877,1985),(1863,1985,1982),(1983,1984,1988),(1988,1971,
1983),(1986,1988,1984),(1968,1972,1977),(1990,1977,1972),(1991,1979,1978),
(1960,1966,1993),(1960,1993,1976),(1992,1965,1994),(1994,1965,1792),(1972,
1997,1990),(1989,1997,1972),(1991,1998,1979),(1976,1993,1987),(1987,1993,
2000),(1999,1992,1994),(1997,1989,2001),(1998,2002,1979),(2000,2001,1987),
(1989,1987,2001),(2002,1999,1994),(1994,1979,2002),(2004,1793,1927),(1794,
2005,2006),(2003,1925,2007),(1933,1927,1793),(1794,2006,2010),(1792,2011,
1994),(2007,1925,1937),(1936,2009,2008),(1936,2008,1938),(2012,2011,1935),
(2011,2016,1994),(2012,2016,2011),(2012,1935,1631),(2018,1980,2021),(2020,
2025,1981),(2023,2027,2019),(2024,2019,2027),(1996,2021,1980),(2025,2030,
1981),(1979,2032,1247),(2034,2022,1995),(2036,2027,2023),(2034,2037,2022),
(1994,2016,2033),(2031,2026,2039),(2024,2027,2042),(2026,2044,2039),(2032,
2041,2045),(2047,2032,2045),(2047,2050,2032),(2053,2032,2050),(1247,2032,
2053),(2055,2028,2035),(2057,2058,2029),(2038,2035,2028),(2059,2042,2027),
(2056,2033,2060),(2061,2058,2057),(2016,2062,2033),(2060,2033,2066),(2062,
2068,2033),(2066,2033,2071),(2071,2033,2068),(2040,2043,2073),(2074,2045,
2041),(2014,2076,2015),(2017,2077,2078),(2014,2081,2076),(2083,2085,2075),
(2085,2079,2075),(2017,2078,2063),(2087,2082,2013),(2087,2084,2082),(2012,
1631,2088),(2042,2059,2090),(2043,2093,2073),(2092,2093,2043),(2067,2058,
2061),(2059,2096,2090),(2097,2058,2067),(2095,2045,2074),(2064,2080,2089),
(2080,2086,2089),(2088,2099,2062),(2103,2062,2099),(2103,2105,2062),(2068,
2062,2109),(2109,2062,2105),(2088,1631,2099),(2094,2091,2098),(2094,2098,
2065),(2095,2066,2111),(2111,2045,2095),(2114,2066,2071),(2114,2111,2066),
(2116,2119,2100),(2101,2121,2123),(2116,2125,2119),(2120,2127,2129),(2129,
2131,2120),(2122,2120,2131),(2099,1631,2117),(2101,2123,2102),(2126,2118,
2134),(2126,2134,2128),(2135,2117,2137),(1631,2137,2117),(2136,2140,2130),
(2131,2129,2143),(2144,2130,2140),(2142,2135,2137),(2146,2149,2133),(2153,
2147,2132),(2151,2122,2131),(2152,2131,2143),(2155,2149,2146),(2156,2148,
2158),(2158,2148,2160),(2153,2161,2147),(2104,2124,2163),(2164,2122,2151),
(2163,2167,2104),(2168,2105,2103),(2159,2150,2157),(2162,2150,2159),(2164,
2151,2152),(2154,2150,2162),(2166,2165,2169),(2164,2152,2173),(2174,2169,
2165),(2105,2168,2175),(2175,2168,2178),(2171,2181,2168),(2184,2178,2168),
(2187,2168,2181),(2187,2184,2168),(2072,2190,2115),(2115,2190,2193),(2072,
2195,2190),(2191,2196,2197),(2192,2191,2200),(2200,2191,2197),(2115,2193,
2112),(2195,2072,2070),(2070,2202,2195),(2204,2197,2196),(2113,2194,2206),
(2192,2207,2205),(2207,2192,2200),(2206,2046,2113),(2203,2069,2110),(2203,
2110,2209),(2211,2212,2204),(2204,2212,2197),(2215,2046,2206),(2218,2205,
2207),(2216,2205,2218),(2046,2215,2048),(2143,2173,2152),(2108,2209,2110),
(2107,2221,2210),(2225,2212,2211),(2211,2224,2225),(2228,2201,2230),(2201,
2228,2208),(2199,2230,2201),(2229,2232,2233),(2235,2208,2228),(2236,2229,
2237),(2233,2237,2229),(2217,2051,2049),(2214,2231,2198),(2139,2145,2141),
(2139,2240,2145),(2242,2173,2143),(2231,2214,2243),(2232,2245,2246),(2246,
2233,2232),(2208,2235,2219),(2177,2222,2106),(2248,2219,2235),(2236,2251,
2249),(2251,2236,2254),(2257,2254,2236),(2237,2257,2236),(2260,2216,2218),
(2263,2051,2217),(2216,2260,2264),(2227,2244,2213),(2227,2266,2244),(2268,
2270,2245),(2270,2272,2245),(2272,2276,2245),(2276,2246,2245),(2220,2250,
2261),(2278,2261,2250),(2279,2249,2251),(2052,2265,2281),(2052,2281,2284),
(2286,2053,2050),(2262,2280,2253),(2287,2264,2260),(2262,2253,2288),(2241,
2138,2172),(2170,2172,2138),(2171,2137,1631),(2267,2226,2290),(2225,2224,
2291),(2267,2290,2269),(2282,2264,2287),(2176,2293,2223),(2295,2291,2224),
(2176,2180,2293),(2289,2252,2256),(2296,2282,2287),(2289,2256,2297),(2283,
2299,2285),(2282,2296,2300),(2302,2271,2292),(2295,2303,2291),(2302,2273,
2271),(2285,2299,2305),(2286,2307,2053),(2181,2171,2308),(2308,2171,2311),
(1631,2311,2171),(2259,2298,2255),(2259,2313,2298),(2315,2300,2296),(2274,
2304,2317),(2295,2319,2303),(2316,2303,2319),(2274,2317,2275),(2322,2294,
2179),(2322,2320,2294),(2178,2325,2323),(2184,2325,2178),(2239,2314,2258),
(2328,2300,2315),(2314,2239,2330),(2315,2332,2333),(2328,2315,2333),(2336,
2277,2318),(2337,2316,2338),(2319,2338,2316),(2277,2336,2247),(2329,2306,
2301),(2306,2329,2342),(2343,2344,2307),(2344,2053,2307),(2234,2331,2238),
(2336,2234,2247),(2336,2347,2234),(2337,2349,2348),(2338,2349,2337),(2331,
2234,2347),(2332,2348,2351),(2351,2333,2332),(2351,2348,2349),(2342,2329,
2335),(2353,2342,2335),(2355,2344,2343),(2357,2321,2324),(2321,2357,2339),
(2323,2358,2356),(2358,2323,2361),(2361,2323,2325),(2354,2334,2352),(2365,
2354,2352),(2355,2366,2367),(2367,2344,2355),(2370,2339,2357),(2356,2373,
2371),(2373,2356,2375),(2375,2356,2358),(2340,2372,2377),(2341,2379,2350),
(2350,2365,2352),(2365,2350,2379),(2366,2378,2380),(2384,2366,2380),(2384,
2367,2366),(2378,2371,2386),(2373,2386,2371),(2386,2380,2378),(2374,2389,
2387),(2392,2381,2388),(2374,2393,2389),(2394,2395,2390),(2391,2398,2382),
(2390,2395,2399),(2376,2393,2374),(2401,2393,2376),(2404,2405,2394),(2395,
2394,2405),(2410,2182,2413),(2183,2412,2416),(2411,2415,2420),(2422,2411,
2420),(2424,2416,2412),(2310,2413,2182),(2425,2187,2181),(2181,2418,2425),
(2312,2414,2309),(2312,2428,2414),(2415,2429,2430),(2430,2420,2415),(2360,
2401,2376),(2433,2189,2436),(2427,2437,2188),(2438,2439,2434),(2437,2427,
2442),(2439,2438,2444),(2189,2433,2185),(2402,2359,2364),(2403,2363,2445),
(2404,2449,2405),(2383,2400,2385),(2369,2451,2345),(2452,2453,2346),(2369,
2456,2451),(2458,2460,2450),(2462,2450,2460),(2452,2464,2453),(2344,2455,
2053),(2465,2457,2368),(2465,2459,2457),(2468,2367,2384),(2468,2472,2367),
(2367,2472,2466),(2400,2474,2385),(2475,2399,2477),(2477,2399,2395),(2186,
2435,2480),(2186,2480,2326),(2483,2446,2362),(2486,2405,2449),(2449,2489,
2486),(2447,2485,2492),(2497,2489,2449),(2495,2496,2448),(2484,2361,2325),
(2434,2439,2481),(2474,2469,2385),(2477,2502,2475),(2476,2505,2470),(2506,
2475,2502),(2508,2408,2512),(2509,2514,2515),(2407,2518,2513),(2514,2520,
2515),(2312,2522,2428),(2429,2523,2430),(2429,2521,2523),(2528,2522,2312),
(2311,1631,2529),(2396,2409,2511),(2510,2531,2397),(2478,2397,2531),(2530,
2509,2515),(2432,2533,2419),(2537,2421,2535),(2422,2420,2539),(2537,2540,
2421),(2432,2542,2533),(2536,2534,2544),(2543,2431,2545),(2545,2431,2527),
(2544,2547,2536),(2549,2443,2426),(2549,2440,2443),(2425,2418,2548),(2406,
2551,2519),(2406,2488,2551),(2553,2515,2520),(2503,2479,2532),(2503,2532,
2517),(2327,2482,2554),(2493,2484,2325),(2325,2556,2493),(2487,2557,2552),
(2487,2491,2557),(2553,2559,2515),(2561,2441,2550),(2563,2481,2439),(2561,
2564,2441),(2560,2548,2418),(2566,2481,2563),(2568,2554,2482),(2471,2507,
2473),(2504,2516,2569),(2502,2571,2506),(2572,2515,2559),(2575,2569,2516),
(2515,2578,2576),(2572,2581,2515),(2585,2515,2581),(2585,2578,2515),(2546,
2526,2587),(2547,2589,2536),(2490,2573,2558),(2497,2590,2489),(2490,2592,
2573),(2593,2565,2562),(2595,2566,2563),(2593,2596,2565),(2594,2560,2418),
(2597,2523,2521),(2523,2597,2599),(2525,2603,2588),(2601,2602,2524),(2607,
2498,2494),(2493,2556,2606),(2507,2609,2473),(2610,2506,2571),(2609,2612,
2473),(2611,2466,2472),(2497,2613,2590),(2617,2499,2608),(2500,2619,2621),
(2623,2614,2501),(2522,2528,2598),(2624,2570,2577),(2571,2627,2610),(2624,
2629,2570),(2625,2576,2578),(2591,2630,2574),(2590,2613,2631),(2630,2582,
2574),(2633,2598,2528),(2634,2529,1631),(2556,2636,2606),(2555,2567,2637),
(2618,2606,2636),(2595,2638,2566),(2641,2566,2638),(2642,2637,2567),(2593,
2639,2596),(2643,2594,2418),(2645,2639,2593),(2612,2609,2646),(2647,2610,
2627),(2649,2466,2611),(2612,2646,2651),(2417,2423,2541),(2417,2541,2538),
(2418,2536,2652),(2643,2418,2655),(2655,2418,2657),(2660,2657,2418),(2652,
2660,2418),(2605,2536,2589),(2605,2662,2536),(2662,2667,2536),(2667,2669,
2536),(2669,2652,2536),(2672,2599,2597),(2633,2673,2598),(2650,2461,2467),
(2650,2648,2461),(2460,2647,2462),(2626,2674,2628),(2627,2676,2647),(2678,
2674,2626),(2677,2625,2578),(2620,2618,2636),(2583,2632,2680),(2631,2683,
2681),(2683,2631,2613),(2583,2680,2584),(2686,2647,2676),(2686,2462,2647),
(2586,2682,2689),(2690,2681,2683),(2586,2689,2579),(2692,2615,2622),(2616,
2694,2684),(2693,2620,2636),(2679,2687,2675),(2677,2578,2695),(2697,2687,
2679),(2698,2580,2691),(2683,2702,2690),(2691,2703,2698),(2700,2695,2578),
(2656,2640,2644),(2704,2641,2638),(2640,2656,2705),(2463,2696,2454),(2463,
2688,2696),(2695,2707,2455),(2707,2053,2455),(2710,2604,2600),(2599,2672,
2711),(2663,2604,2710),(2633,2713,2673),(2718,2711,2672),(2720,2714,2635),
(2719,2634,1631),(2722,2693,2636),(2725,2684,2694),(2693,2722,2726),(2642,
2728,2637),(2636,2731,2722),(2641,2704,2732),(2728,2642,2734),(2735,2664,
2712),(2711,2718,2736),(2701,2685,2727),(2701,2727,2699),(2700,2726,2739),
(2739,2726,2722),(2743,2695,2700),(2707,2695,2743),(2659,2705,2656),(2706,
2658,2745),(2732,2704,2747),(2746,2747,2704),(2743,2700,2739),(2751,2715,
2721),(2719,1631,2752),(2665,2738,2666),(2750,2729,2733),(2730,2749,2754),
(2731,2755,2756),(2756,2722,2731),(2661,2745,2658),(2718,2759,2736),(2737,
2670,2668),(2670,2737,2762),(2736,2765,2763),(2765,2736,2759),(2768,2716,
2753),(2773,2760,2717),(2661,2774,2745),(2746,2776,2777),(2777,2747,2746),
(2654,2774,2661),(2769,2752,2779),(2779,2752,1631),(2671,2764,2653),(2741,
2782,2742),(2744,2784,2786),(2741,2788,2782),(2790,2792,2783),(2785,2783,
2792),(2794,2707,2743),(2744,2786,2796),(2797,2789,2740),(2797,2791,2789),
(2798,2739,2722),(2775,2653,2764),(2763,2800,2776),(2765,2803,2763),(2803,
2800,2763),(2777,2776,2800),(2807,2809,2811),(2813,2808,2812),(2815,2811,
2817),(2812,2816,2819),(2809,2821,2811),(2821,2823,2811),(2823,2825,2811),
(2825,2827,2811),(2827,2829,2811),(2829,2831,2811),(2831,2833,2811),(2833,
2835,2811),(2817,2811,2835),(2813,2812,2837),(2812,2819,2837),(2808,2840,
2810),(2808,2813,2840),(2815,2817,2841),(2819,2816,2842),(2810,2840,2822),
(2841,2817,2843),(2845,2842,2844),(2842,2845,2819),(2822,2848,2824),(2848,
2822,2840),(2843,2817,2849),(2850,2851,2844),(2845,2844,2854),(2854,2844,
2851),(2855,2826,2824),(2858,2824,2848),(2855,2824,2858),(2849,2817,2859),
(2860,2861,2850),(2861,2851,2850),(2826,2864,2828),(2826,2855,2864),(2865,
2859,2817),(2861,2860,2866),(2830,2828,2864),(2865,2817,2867),(2870,2866,
2868),(2866,2871,2861),(2870,2871,2866),(2830,2874,2832),(2874,2830,2864),
(2867,2817,2875),(2876,2877,2868),(2870,2868,2877),(2880,2834,2832),(2881,
2832,2874),(2880,2832,2881),(2875,2817,2883),(2877,2876,2884),(2834,2880,
2836),(2883,2817,2885),(2887,2884,2886),(2877,2884,2890),(2890,2884,2887),
(2891,2818,2836),(2894,2836,2880),(2891,2836,2894),(2817,2895,2885),(2897,
2885,2895),(2886,2898,2887),(2896,2818,2891),(2897,2895,2899),(2901,2898,
2900),(2904,2887,2898),(2904,2898,2901),(2899,2895,2905),(2907,2909,2895),
(2911,2908,2896),(2913,2905,2895),(2915,2913,2895),(2915,2895,2909),(2917,
2896,2891),(2911,2896,2917),(2920,2900,2906),(2920,2901,2900),(2921,2909,
2907),(2908,2911,2922),(2906,2914,2920),(2921,2923,2925),(2924,2922,2927),
(2921,2929,2909),(2921,2931,2929),(2921,2933,2931),(2921,2935,2933),(2921,
2937,2935),(2921,2939,2937),(2921,2941,2939),(2943,2921,2925),(2921,2943,
2941),(2945,2922,2911),(2927,2922,2945),(2948,2914,2916),(2948,2920,2914),
(2923,2949,2925),(2924,2927,2950),(2951,2916,2910),(2916,2951,2948),(2953,
2955,2949),(2954,2950,2957),(2955,2959,2949),(2959,2961,2949),(2961,2963,
2949),(2963,2965,2949),(2965,2925,2949),(2957,2950,2927),(2930,2967,2910),
(2970,2951,2910),(2970,2910,2967),(2954,2971,2956),(2971,2954,2957),(2932,
2974,2930),(2967,2930,2974),(2975,2960,2956),(2978,2956,2971),(2975,2956,
2978),(2974,2932,2934),(2979,2962,2960),(2960,2975,2979),(2936,2982,2934),
(2974,2934,2983),(2983,2934,2982),(2964,2962,2979),(2982,2936,2938),(2964,
2986,2966),(2986,2964,2979),(2940,2987,2938),(2982,2938,2990),(2990,2938,
2987),(2991,2926,2966),(2994,2966,2986),(2991,2966,2994),(2987,2940,2942),
(2944,2926,2991),(2942,2944,2995),(2987,2942,2995),(2944,2991,2998),(2995,
2944,2998),(2754,2749,2999),(2778,3000,2748),(2755,3001,2756),(2761,2772,
2766),(2771,2804,2767),(3003,2805,2770),(3002,2769,3006),(2779,3006,2769),
(3000,2778,3009),(3001,3010,2756),(3009,2778,3004),(3004,2778,2802),(3010,
3002,3006),(2756,3010,3006),(2806,3005,2801),(2708,2787,3012),(2709,3013,
3014),(3011,2785,3017),(3015,3011,3017),(2795,2787,2708),(2709,3014,3020),
(3022,2053,2707),(3023,2785,2792),(3023,3017,2785),(2724,2793,2799),(2724,
3026,2793),(3028,3029,2792),(3023,2792,3029),(3032,3027,2723),(3029,3028,
3035),(3032,3037,3027),(2722,2756,3033),(3038,3040,3042),(3041,3044,3043),
(3038,3046,3040),(3047,3044,3041),(3038,3042,3048),(3043,3050,3049),(3053,
3043,3044),(3050,3043,3053),(3038,3054,3046),(3056,3047,3055),(3047,3056,
3044),(3048,3058,3038),(3049,3061,3059),(3049,3050,3061),(3038,3062,3054),
(3063,3064,3055),(3056,3055,3067),(3067,3055,3064),(3058,3068,3038),(3059,
3070,3069),(3059,3061,3070),(3038,3072,3062),(3073,3075,3063),(3064,3063,
3075),(3076,3038,3068),(3069,3070,3077),(3038,3078,3072),(3079,3075,3073),
(3080,3038,3076),(3077,3082,3081),(3082,3077,3070),(3038,3084,3078),(3086,
3079,3085),(3079,3086,3075),(3088,3038,3080),(3091,3089,3081),(3092,3081,
3082),(3091,3081,3092),(3038,3094,3084),(3095,3097,3085),(3086,3085,3098),
(3098,3085,3097),(3100,3038,3088),(3089,3091,3101),(3094,3102,3104),(3105,
3097,3095),(3038,3102,3094),(3106,3038,3100),(3108,3107,3101),(3111,3101,
3091),(3108,3101,3111),(3112,3104,3102),(3113,3114,3105),(3105,3117,3097),
(3117,3105,3114),(3106,3118,3038),(3107,3108,3119),(3114,3113,3103),(3120,
3038,3118),(3121,3119,3123),(3124,3119,3108),(3124,3123,3119),(3039,3127,
3103),(3128,3114,3103),(3128,3103,3127),(3120,3130,3038),(3121,3123,3131),
(3130,3132,3038),(3038,563,3134),(3127,3039,3135),(558,3038,3132),(558,
563,3038),(3136,3133,3131),(3139,3131,3123),(3136,3131,3139),(3140,3134,
563),(3141,3142,3135),(3127,3135,3145),(3145,3135,3142),(3146,558,3132),
(3147,3133,3136),(3140,563,3148),(3142,3141,3149),(559,558,3146),(561,3147,
3150),(3153,3147,3136),(3153,3150,3147),(3148,563,3155),(3156,3158,3149),
(3142,3149,3159),(3159,3149,3158),(548,560,3152),(3155,563,3161),(3156,
3162,3158),(571,3161,563),(3161,571,3163),(3164,3165,3162),(3168,3158,3162),
(3168,3162,3165),(3163,571,3169),(3164,3170,3165),(3171,3169,571),(3172,
3174,3170),(3175,3165,3170),(3175,3170,3174),(3177,3171,571),(3179,3177,
571),(571,568,3181),(3183,3179,571),(3183,571,3185),(3181,3185,571),(3174,
3172,3178),(3180,3187,3178),(3174,3178,3190),(3190,3178,3187),(3191,3194,
568),(167,3192,569),(3194,3181,568),(3196,3180,3184),(3196,3187,3180),(3196,
3184,3186),(3193,3198,3195),(3199,3192,3202),(3202,3192,167),(3195,3203,
3182),(3203,3195,3198),(3186,3182,3206),(3186,3207,3196),(3207,3186,3206),
(3206,3182,3203),(2758,3209,3213),(2757,3008,3210),(3211,3215,3212),(3008,
3216,3210),(3218,3033,2756),(2758,3213,3219),(3016,3221,3021),(3222,3015,
3017),(3225,3021,3221),(3226,3227,3022),(3230,3022,3227),(3233,3022,3236),
(3233,3240,3022),(3236,3022,3230),(3240,3243,3022),(2053,3022,3243),(3246,
3018,3249),(3248,3252,3019),(3249,3018,3025),(3222,3017,3254),(3247,3251,
3256),(3248,3257,3252),(3250,3024,3253),(3254,3023,3029),(3250,3253,3255),
(3258,3030,3034),(3262,3031,3260),(3034,3030,3036),(3029,3264,3254),(3262,
3265,3031),(3033,3261,3259),(3033,3218,3267),(3270,3261,3033),(3270,3033,
3267),(3273,3220,3214),(3274,3212,3215),(3220,3273,3277),(3278,3279,3218),
(3267,3218,3283),(3279,3283,3218),(1819,3285,1817),(1820,1105,3289),(1819,
3290,3285),(476,1818,3287),(3222,3254,3264),(2781,3217,3007),(2781,3291,
3217),(3293,3295,3215),(3215,3297,3274),(3295,3297,3215),(3300,3292,2780),
(3300,3294,3292),(3301,2779,1631),(3276,3275,3303),(3306,3274,3297),(3306,
3304,3274),(3276,3303,3280),(3266,3224,3223),(3266,3263,3224),(3261,3309,
3226),(3227,3226,3309),(3309,3261,3270),(3312,3298,3302),(3299,3314,3308),
(3296,3302,3298),(3301,3315,3313),(3316,3308,3314),(3315,3301,1631),(3318,
3311,3321),(3322,3310,3324),(3323,3327,3319),(3323,3326,3327),(3318,3228,
3311),(3324,3310,3272),(3229,3320,3231),(3320,3330,3231),(3319,3327,3331),
(3269,3325,3271),(3325,3269,3333),(3326,3335,3327),(3336,3232,3332),(3329,
3336,3332),(3338,3235,3341),(3239,3342,3234),(3235,3338,3241),(3339,3344,
3345),(3343,3238,3346),(3349,3236,3230),(3351,3349,3230),(3232,3336,3352),
(3268,3355,3334),(3356,3327,3335),(3357,3334,3355),(3284,3355,3268),(3242,
3340,3359),(3345,3360,3339),(3362,3346,3238),(3350,3363,3237),(3242,3366,
3244),(3242,3359,3366),(3052,33,23),(3051,3052,23),(3060,3051,23),(23,3071,
3060),(3071,23,3083),(3083,23,3093),(3093,23,538),(534,538,23),(535,534,
23),(542,535,23),(23,550,542),(551,550,23),(555,551,23),(555,23,554),(564,
554,23),(564,23,567),(3367,567,23),(3367,23,3369),(3369,23,3371),(23,3373,
3371),(3375,3373,23),(3377,3375,23),(410,3377,23),(23,366,410),(1104,366,
23),(23,17,1104),(33,3052,3045),(3045,3057,33),(3066,33,3057),(3066,3065,
33),(3074,33,3065),(3074,3087,33),(3099,33,3087),(33,3099,3096),(3096,3116,
33),(3115,33,3116),(3115,3129,33),(3129,3126,33),(3126,3144,33),(24,33,
3144),(3090,3093,538),(3110,3090,539),(539,3090,538),(3109,3110,546),(539,
546,3110),(3125,3109,546),(3122,3125,543),(546,543,3125),(3138,3122,543),
(543,547,3138),(3137,3138,547),(3144,3143,24),(3137,547,3154),(3143,3160,
24),(3151,3154,547),(3157,24,3160),(3167,24,3157),(3166,24,3167),(3166,
3176,24),(3176,3173,24),(3368,166,566),(3173,3189,24),(3188,3379,3189),
(3189,3379,24),(3197,3381,3188),(3379,3188,3381),(3208,3381,3197),(3204,
3200,3201),(3204,3201,3205),(3205,3381,3208),(3201,3381,3205),(3383,24,
3379),(3385,24,3383),(3387,24,3385),(2054,24,3387),(2054,3245,24),(3245,
3348,24),(3348,3353,24),(3353,3282,24),(3282,3281,24),(3281,3317,24),(37,
24,3317),(3368,3370,166),(167,3382,3202),(3389,3370,3372),(3389,166,3370),
(3372,3374,3389),(3380,3382,3390),(3382,167,3390),(3384,3380,3391),(3390,
3391,3380),(3374,3376,3392),(3392,3389,3374),(3384,3391,3386),(3376,3378,
3392),(3388,3386,3393),(3391,3393,3386),(409,405,3378),(405,3392,3378),
(2053,3388,1247),(3393,1247,3388),(407,410,366),(1110,366,1104),(3348,3245,
3365),(3348,3365,3361),(3347,3364,3361),(3348,3361,3364),(3353,3337,3354),
(3337,3328,3354),(3282,3353,3354),(3358,3354,3328),(3288,1104,17),(3317,
3281,3305),(3317,3305,3307),(37,3317,1632),(3286,3288,478),(478,3288,17),
(479,411,478),(478,17,479),(3394,479,17),(3396,3394,17),(3398,3396,17),
(3398,17,3400),(17,2814,3400),(17,2839,2814),(17,2847,2839),(17,2857,2847),
(2857,17,2856),(2863,2856,17),(2873,2863,17),(2882,2873,17),(2879,2882,
17),(17,38,2879),(481,480,3395),(1632,3402,37),(1631,194,3403),(3402,3404,
37),(3405,3403,3406),(3406,3403,194),(3397,3407,3395),(481,3395,3407),(3407,
3397,3399),(3408,3399,3401),(3407,3399,3408),(3404,3409,37),(3411,3410,
3405),(3406,3411,3405),(3412,3400,2814),(3408,3401,3413),(3414,37,3409),
(3415,3410,3416),(3411,3416,3410),(3414,3417,37),(3415,3416,3418),(3419,
3412,2838),(3420,3421,3413),(2838,3412,2814),(3413,3421,3408),(3417,3422,
37),(3424,3423,3418),(3424,3418,3416),(3425,3419,2820),(3420,3426,3421),
(2820,3419,2838),(3422,3427,37),(3423,3424,3428),(3429,3425,2846),(3426,
3430,3421),(2820,2846,3425),(3429,2852,3431),(3433,3430,3432),(2853,3429,
2846),(2852,3429,2853),(3433,3421,3430),(3427,3434,37),(3428,3424,3435),
(3431,2862,3436),(3432,3437,3433),(2862,3431,2852),(3434,3438,37),(3440,
3439,3435),(3435,3424,3440),(3436,2872,3441),(3443,3437,3442),(2872,3436,
2862),(3443,3433,3437),(3444,37,3438),(3439,3440,3445),(3441,2878,3446),
(3442,3447,3443),(2869,3441,2872),(2878,3441,2869),(3448,37,3444),(3440,
3449,3445),(3450,3446,2888),(3452,3447,3451),(2878,2889,3446),(2889,2888,
3446),(3452,3443,3447),(3448,3453,37),(3455,3454,3449),(3455,3449,3440),
(3453,3456,37),(3454,3455,3457),(3458,3450,2902),(3451,3459,3452),(2888,
2903,3450),(2903,2902,3450),(3460,3458,2902),(3461,3462,3459),(3462,3452,
3459),(3463,37,3456),(3457,3465,3464),(3465,3457,3455),(3466,3460,2919),
(3461,3467,3462),(2902,2919,3460),(3466,37,3463),(3465,3467,3464),(37,3466,
2919),(3465,3462,3467),(2893,2879,38),(2892,2893,38),(2918,2892,38),(2918,
38,2912),(42,2912,38),(2912,42,2946),(2919,2947,37),(2928,2946,42),(2947,
2952,37),(2928,42,2958),(2952,2969,37),(2972,2958,42),(2969,2968,37),(2977,
2972,42),(2968,2973,37),(2976,2977,42),(2973,2984,37),(2980,2976,42),(2984,
2981,37),(2985,2980,42),(2989,37,2981),(2993,2985,42),(2989,2988,37),(2992,
2993,42),(2988,2996,37),(2997,2992,42),(2997,37,2996),(42,37,2997),(43,
3468,44),(3469,43,47),(3470,3471,43),(3472,3470,43),(3471,3468,43),(43,
3469,3472),(3473,47,44),(44,3468,3474),(3473,44,3474),(3469,47,3475),(47,
3476,3475),(3477,47,3473),(3478,3476,47),(3477,3478,47),(62,3479,53),(64,
53,3480),(3479,3481,53),(3481,3482,53),(3482,3480,53),(61,54,3483),(54,
64,3484),(3484,3483,54),(61,3485,165),(61,3483,3486),(3486,3485,61),(3487,
62,63),(3488,3479,62),(3488,62,3489),(3489,62,3487),(63,147,144),(3490,
63,144),(63,3491,3487),(3490,3491,63),(3480,3492,64),(64,3492,3484),(71,
3493,65),(3494,149,65),(3495,3496,65),(65,3496,3494),(65,3493,3495),(70,
153,71),(153,3497,71),(3493,71,3498),(3498,71,3497),(145,142,141),(3499,
143,142),(145,3500,142),(3500,3499,142),(143,3490,144),(3499,3490,143),
(3501,145,146),(3501,3500,145),(146,148,3501),(149,3502,148),(3502,3503,
148),(148,3503,3501),(149,3494,3502),(155,154,150),(153,164,3504),(153,
3505,3497),(3504,3505,153),(154,3392,164),(166,3389,154),(154,3389,3392),
(3506,156,159),(3507,160,156),(3508,156,3506),(3507,156,3508),(159,161,
3509),(159,3478,3510),(3509,3478,159),(3510,3506,159),(3511,161,162),(3511,
3509,161),(3512,163,160),(3512,160,3507),(3513,162,163),(162,3424,3416),
(162,3416,3514),(3424,162,3513),(162,3514,3511),(3515,163,3512),(3515,3513,
163),(3392,3504,164),(3485,167,165),(3390,167,3485),(3516,194,193),(193,
1247,3393),(3517,193,3393),(3516,193,3517),(3406,194,3516),(405,481,3518),
(3392,405,3518),(3519,481,3407),(3505,481,3520),(3505,3504,481),(3519,3520,
481),(3504,3518,481),(3391,3390,3485),(3393,3391,3485),(3392,3518,3504),
(3393,3485,3517),(3411,3406,3514),(3516,3514,3406),(3521,3407,3408),(3407,
3521,3519),(3408,3421,3521),(3416,3411,3514),(3421,3433,3522),(3522,3521,
3421),(3513,3440,3424),(3433,3443,3523),(3522,3433,3523),(3455,3440,3524),
(3440,3515,3524),(3515,3440,3513),(3443,3452,3525),(3525,3523,3443),(3452,
3462,3526),(3527,3452,3528),(3525,3452,3527),(3528,3452,3526),(3465,3455,
3529),(3524,3530,3455),(3455,3530,3529),(3462,3465,3531),(3531,3526,3462),
(3529,3531,3465),(3532,3470,3533),(3470,3532,3471),(3533,3534,3532),(3535,
3471,3532),(3532,3534,3536),(3532,3536,3537),(3537,3535,3532),(3470,3538,
3533),(3539,3538,3470),(3539,3470,3472),(3534,3533,3540),(3541,3533,3538),
(3540,3533,3541),(3535,3474,3471),(3471,3474,3468),(3534,3542,3536),(3534,
3540,3542),(3537,3536,3543),(3542,3544,3536),(3536,3544,3545),(3545,3543,
3536),(3537,3474,3535),(3537,3546,3474),(3547,3537,3543),(3547,3546,3537),
(3539,3548,3538),(3541,3538,3479),(3538,3481,3479),(3548,3481,3538),(3548,
3539,3472),(3472,3475,3548),(3469,3475,3472),(3540,3541,3549),(3488,3541,
3479),(3549,3541,3488),(3540,3544,3542),(3550,3540,3549),(3550,3544,3540),
(3551,3481,3548),(3548,3475,3552),(3548,3552,3551),(3481,3551,3482),(3550,
3549,3503),(3489,3549,3488),(3549,3489,3553),(3503,3549,3554),(3549,3553,
3554),(3550,3496,3544),(3544,3555,3545),(3495,3555,3544),(3496,3495,3544),
(3503,3496,3550),(3546,3556,3474),(3473,3474,3557),(3556,3558,3474),(3474,
3559,3557),(3474,3558,3559),(3475,3560,3552),(3476,3561,3475),(3475,3561,
3560),(3545,3562,3543),(3543,3562,3547),(3555,3493,3545),(3562,3545,3493),
(3563,3546,3547),(3563,3556,3546),(3562,3498,3547),(3498,3563,3547),(3552,
3560,3551),(3551,3492,3482),(3564,3551,3560),(3564,3492,3551),(3553,3489,
3491),(3491,3489,3487),(3553,3503,3554),(3553,3565,3503),(3496,3503,3494),
(3503,3565,3501),(3494,3503,3502),(3491,3499,3553),(3553,3499,3565),(3473,
3557,3477),(3566,3558,3556),(3563,3566,3556),(3559,3567,3557),(3567,3477,
3557),(3568,3559,3558),(3569,3567,3559),(3568,3569,3559),(3568,3558,3570),
(3566,3571,3558),(3572,3570,3558),(3571,3572,3558),(3480,3482,3492),(3555,
3495,3493),(3478,3509,3476),(3509,3561,3476),(3510,3478,3477),(3567,3569,
3477),(3569,3510,3477),(3561,3573,3560),(3573,3564,3560),(3574,3561,3509),
(3561,3574,3573),(3493,3498,3562),(3498,3497,3563),(3575,3566,3563),(3576,
3575,3563),(3497,3576,3563),(3484,3492,3564),(3573,3577,3564),(3577,3484,
3564),(3490,3499,3491),(3569,3506,3510),(3578,3569,3568),(3508,3506,3569),
(3579,3569,3578),(3508,3569,3579),(3501,3565,3500),(3500,3565,3499),(3578,
3568,3570),(3571,3566,3575),(3580,3570,3572),(3581,3578,3570),(3570,3580,
3582),(3570,3582,3581),(3571,3583,3572),(3584,3571,3575),(3584,3583,3571),
(3580,3572,3583),(3509,3511,3574),(3511,3573,3574),(3573,3511,3577),(3484,
3577,3585),(3484,3585,3483),(3586,3579,3578),(3581,3586,3578),(3508,3579,
3586),(3508,3586,3587),(3507,3508,3587),(3575,3576,3588),(3575,3588,3584),
(3497,3505,3576),(3576,3589,3588),(3576,3505,3520),(3576,3520,3589),(3590,
3577,3511),(3590,3511,3516),(3511,3514,3516),(3580,3591,3582),(3580,3583,
3591),(3581,3582,3592),(3581,3592,3586),(3593,3592,3582),(3593,3582,3528),
(3591,3527,3582),(3528,3582,3527),(3584,3594,3583),(3583,3527,3591),(3583,
3594,3527),(3595,3584,3588),(3594,3584,3522),(3522,3584,3595),(3590,3585,
3577),(3587,3586,3592),(3524,3507,3587),(3507,3524,3515),(3507,3515,3512),
(3593,3587,3592),(3587,3530,3524),(3596,3587,3593),(3587,3529,3530),(3587,
3596,3529),(3585,3517,3483),(3483,3517,3486),(3585,3590,3517),(3589,3595,
3588),(3517,3590,3516),(3485,3486,3517),(3596,3593,3526),(3528,3526,3593),
(3596,3526,3529),(3529,3526,3531),(3522,3527,3594),(3522,3523,3527),(3523,
3525,3527),(3520,3519,3589),(3595,3589,3521),(3519,3521,3589),(3595,3521,
3522)),());
#46=COORDINATES_LIST('',1519,((0.00399999856948853,0.0210909976959228,0.0275389995574951),
(0.00399999856948853,0.0210989990234375,0.0274099998474121),(0.00399999856948853,
0.0210989990234375,0.0276669998168946),(0.00399999856948853,0.0211239986419678,
0.0272840003967285),(0.00399999856948853,0.0211239986419678,0.0277929992675782),
(0.00399999856948853,0.0211659984588623,0.0271620006561279),(0.00399999856948853,
0.0211659984588623,0.0279150009155274),(0.00399999856948853,0.0212229976654052,
0.0270459995269775),(0.00399999856948853,0.0212229976654052,0.0280310001373291),
(0.00399999856948853,0.0212939987182617,0.0269389991760254),(0.00399999856948853,
0.0212939987182617,0.0281380004882813),(0.00399999856948853,0.0213789978027344,
0.0268430004119873),(0.00399999856948853,0.0213789978027344,0.0282350006103516),
(0.00399999856948853,0.0214759979248047,0.026757999420166),(0.00399999856948853,
0.0214759979248047,0.0283199996948242),(0.00399999856948853,0.0215829982757568,
0.0266860008239746),(0.00399999856948853,0.0215829982757568,0.0283910007476806),
(0.00399999856948853,0.0216989994049073,0.026628999710083),(0.00399999856948853,
0.0218209991455078,0.026587999343872),(0.00399999856948853,0.0218209991455078,
0.0284899997711182),(0.00399999856948853,0.0219469985961914,0.0265629997253418),
(0.00399999856948853,0.0219469985961914,0.0285149993896484),(0.00399999856948853,
0.0220749988555908,0.0265540008544922),(0.00399999856948853,0.0220749988555908,
0.0285230007171631),(0.00399999856948853,0.0222039985656738,0.0265629997253418),
(0.00399999856948853,0.0222039985656738,0.0285149993896484),(0.00399999856948853,
0.0223299980163574,0.026587999343872),(0.00399999856948853,0.0223299980163574,
0.0284899997711182),(0.00399999856948853,0.022451997756958,0.026628999710083),
(0.00399999856948853,0.022451997756958,0.0284479999542236),(0.00399999856948853,
0.0225679988861084,0.0266860008239746),(0.00399999856948853,0.0225679988861084,
0.0283910007476806),(0.00399999856948853,0.0226749992370605,0.026757999420166),
(0.00399999856948853,0.0226749992370605,0.0283199996948242),(0.00399999856948853,
0.0227709980010986,0.0268430004119873),(0.00399999856948853,0.0227709980010986,
0.0282350006103516),(0.00399999856948853,0.0228559989929199,0.0269389991760254),
(0.00399999856948853,0.0228559989929199,0.0281380004882813),(0.00399999856948853,
0.02292799949646,0.0270459995269775),(0.00399999856948853,0.02292799949646,
0.0280310001373291),(0.00399999856948853,0.0229849987030029,0.0271620006561279),
(0.00399999856948853,0.0229849987030029,0.0279150009155274),(0.00399999856948853,
0.0230259990692138,0.0272840003967285),(0.00399999856948853,0.0230259990692139,
0.0277929992675781),(0.00399999856948853,0.0230509986877441,0.0274099998474121),
(0.00399999856948853,0.0230509986877441,0.0276669998168946),(0.00399999856948853,
0.0230599994659424,0.0275389995574951),(0.00399999856948853,0.0216989994049072,
0.0284479999542236),(0.00461399841308594,-0.0140290012359619,0.0329280014038086),
(0.00461399841308594,-0.0140210018157959,0.0327989997863769),(0.00461399841308594,
-0.0140210018157959,0.0330569992065429),(0.00461399841308594,-0.0139960012435913,
0.0326730003356933),(0.00461399841308594,-0.0139960012435913,0.0331829986572265),
(0.00461399841308594,-0.0139540014266968,0.0325509986877442),(0.00461399841308594,
-0.0139540014266968,0.0333050003051758),(0.00461399841308594,-0.0138980016708374,
0.0324360008239746),(0.00461399841308594,-0.0138980016708374,0.0334199981689453),
(0.00461399841308594,-0.0138260011672974,0.0323289985656738),(0.00461399841308594,
-0.0138260011672974,0.0335270004272461),(0.00461399841308594,-0.0137410011291504,
0.0322319984436035),(0.00461399841308594,-0.0137410011291504,0.0336240005493164),
(0.00461399841308594,-0.0136440010070801,0.0321469993591309),(0.00461399841308594,
-0.0136440010070801,0.033708999633789),(0.00461399841308594,-0.0135370016098022,
0.0320750007629395),(0.00461399841308594,-0.0135370016098022,0.0337809982299805),
(0.00461399841308594,-0.0134220018386841,0.0320180015563965),(0.00461399841308594,
-0.0134220018386841,0.0338380012512207),(0.00461399841308594,-0.0133000011444092,
0.0319769992828369),(0.00461399841308594,-0.0133000011444092,0.0338790016174317),
(0.00461399841308594,-0.0131730012893677,0.0319519996643067),(0.00461399841308594,
-0.0131730012893677,0.0339039993286133),(0.00461399841308594,-0.0130450010299683,
0.031943000793457),(0.00461399841308594,-0.0130450010299683,0.0339129981994629),
(0.00461399841308594,-0.0129160013198852,0.0319519996643067),(0.00461399841308594,
-0.0129160013198852,0.0339039993286133),(0.00461399841308594,-0.0127900018692017,
0.0319769992828369),(0.00461399841308594,-0.0127900018692017,0.0338790016174317),
(0.00461399841308594,-0.0126680011749268,0.0320180015563965),(0.00461399841308594,
-0.0126680011749268,0.0338380012512207),(0.00461399841308594,-0.0125530014038086,
0.0320750007629395),(0.00461399841308594,-0.0125530014038086,0.0337809982299805),
(0.00461399841308594,-0.0124460010528564,0.0321469993591309),(0.00461399841308594,
-0.0124460010528564,0.033708999633789),(0.00461399841308594,-0.0123490009307861,
0.0322319984436035),(0.00461399841308594,-0.0123490009307861,0.0336240005493164),
(0.00461399841308594,-0.0122640018463135,0.0323289985656738),(0.00461399841308594,
-0.0122640018463135,0.0335270004272461),(0.00461399841308594,-0.0121920013427734,
0.0324360008239746),(0.00461399841308594,-0.0121920013427734,0.0334199981689453),
(0.00461399841308594,-0.0121350011825562,0.0333050003051758),(0.00461399841308594,
-0.0121350011825561,0.0325509986877442),(0.00461399841308594,-0.0120940017700195,
0.0326730003356933),(0.00461399841308594,-0.0120940017700195,0.0331829986572265),
(0.00461399841308594,-0.0120690011978149,0.0327989997863769),(0.00461399841308594,
-0.0120690011978149,0.0330569992065429),(0.00461399841308594,-0.012060001373291,
0.0329280014038086),(0.00665799856185913,-0.0145000009536743,0.0343300018310547),
(0.00665799856185913,-0.0140290012359619,0.0329280014038086),(0.00665799856185913,
-0.0140263509750366,0.032970760345459),(0.00665799856185913,-0.0140210018157959,
0.0327989997863769),(0.00665799856185913,-0.0140210018157959,0.0330569992065429),
(0.00665799856185913,-0.0140148515701294,0.0327680015563965),(0.00665799856185913,
-0.0139960012435913,0.0326730003356933),(0.00665799856185913,-0.0139960012435913,
0.0331829986572265),(0.00665799856185913,-0.0139825716018677,0.0332220001220703),
(0.00665799856185913,-0.0139540014266968,0.0325509986877442),(0.00665799856185913,
-0.0139540014266968,0.0333050003051758),(0.00665799856185913,-0.0138980016708374,
0.0324360008239746),(0.00665799856185913,-0.0138980016708374,0.0334199981689453),
(0.00665799856185913,-0.0138260011672974,0.0323289985656738),(0.00665799856185913,
-0.0138260011672974,0.0335270004272461),(0.00665799856185913,-0.0137410011291504,
0.0322319984436035),(0.00665799856185913,-0.0137410011291504,0.0336240005493164),
(0.00665799856185913,-0.0136440010070801,0.0321469993591309),(0.00665799856185913,
-0.0136440010070801,0.033708999633789),(0.00665799856185913,-0.0135370016098022,
0.0320750007629395),(0.00665799856185913,-0.0135370016098022,0.0337809982299805),
(0.00665799856185913,-0.0134220018386841,0.0320180015563965),(0.00665799856185913,
-0.0134220018386841,0.0338380012512207),(0.00665799856185913,-0.0133000011444092,
0.0319769992828369),(0.00665799856185913,-0.0133000011444092,0.0338790016174317),
(0.00665799856185913,-0.0131910009384155,0.0319555397033692),(0.00665799856185913,
-0.0131910009384155,0.0339004592895508),(0.00665799856185913,-0.0131730012893677,
0.0319519996643067),(0.00665799856185913,-0.0131730012893677,0.0339039993286133),
(0.00665799856185913,-0.0130450010299683,0.031943000793457),(0.00665799856185913,
-0.0130450010299683,0.0339129981994629),(0.00665799856185913,-0.0129160013198852,
0.0319519996643067),(0.00665799856185913,-0.0129160013198852,0.0339039993286133),
(0.00665799856185913,-0.0127900018692017,0.0319769992828369),(0.00665799856185913,
-0.0127900018692017,0.0338790016174317),(0.00665799856185913,-0.0127225818634033,
0.0319996604919433),(0.00665799856185913,-0.0126680011749268,0.0320180015563965),
(0.00665799856185913,-0.0126680011749268,0.0338380012512207),(0.00665799856185913,
-0.0125530014038086,0.0320750007629395),(0.00665799856185913,-0.0125530014038086,
0.0337809982299805),(0.00665799856185913,-0.0125030717849731,0.0321086006164551),
(0.00665799856185913,-0.0124645309448242,0.0321345291137696),(0.00665799856185913,
-0.012456371307373,0.0303420791625976),(0.00665799856185913,-0.012456371307373,
0.030717960357666),(0.00665799856185913,-0.0124500913619995,0.030104600906372),
(0.00665799856185913,-0.0124460010528564,0.0321469993591309),(0.00665799856185913,
-0.0124460010528564,0.033708999633789),(0.00665799856185913,-0.0123806915283203,
0.0310856304168701),(0.00665799856185913,-0.0123744115829468,0.0297369194030762),
(0.00665799856185913,-0.0123526210784912,0.0296290798187256),(0.00665799856185913,
-0.0123490009307861,0.0322319984436035),(0.00665799856185913,-0.0123490009307861,
0.0336240005493164),(0.00665799856185913,-0.0123396911621094,0.0313271808624268),
(0.00665799856185913,-0.0122835512161255,0.0314771308898926),(0.00665799856185913,
-0.0122640018463135,0.0323289985656738),(0.00665799856185913,-0.0122640018463135,
0.0335270004272461),(0.00665799856185913,-0.0122056818008423,0.029287260055542),
(0.00665799856185913,-0.0121920013427734,0.0324360008239746),(0.00665799856185913,
-0.0121920013427734,0.0334199981689453),(0.00665799856185913,-0.0121670017242432,
0.0324864387512207),(0.00665799856185913,-0.0121670017242432,0.0333695602416993),
(0.00665799856185913,-0.0121366109848022,0.0318189506530761),(0.00665799856185913,
-0.0121350011825561,0.0325509986877442),(0.00665799856185913,-0.0121350011825561,
0.0333050003051758),(0.00665799856185913,-0.0121071109771728,0.0332220001220703),
(0.00665799856185913,-0.0120985717773437,0.0290261402130127),(0.00665799856185913,
-0.0120940017700195,0.0326730003356933),(0.00665799856185913,-0.0120940017700195,
0.0331829986572265),(0.00665799856185913,-0.0120754718780518,0.0330896301269532),
(0.00665799856185913,-0.0120751514434814,0.0327680015563965),(0.00665799856185913,
-0.0120690011978149,0.0327989997863769),(0.00665799856185913,-0.0120690011978149,
0.033056999206543),(0.00665799856185913,-0.012060001373291,0.0329280014038086),
(0.00665799856185913,-0.0119852514266968,0.0320497703552246),(0.00665799856185913,
-0.0118873014450073,0.0287265701293946),(0.00665799856185913,-0.0118647918701172,
0.0321872596740722),(0.00665799856185913,-0.0117901611328125,0.028584379196167),
(0.00665799856185913,-0.0116675710678101,0.0324694290161133),(0.00665799856185913,
-0.0115952911376953,0.02839328956604),(0.00665799856185913,-0.0114368410110474,
0.0282396392822265),(0.00665799856185913,-0.0113881912231445,0.0326971015930176),
(0.00665799856185913,-0.0112917909622192,0.0281343193054199),(0.00665799856185913,
-0.0111516914367676,0.0328207092285156),(0.00665799856185913,-0.0110580015182495,
0.0280028400421143),(0.00665799856185913,-0.0108809614181519,0.0330109214782715),
(0.00665799856185913,-0.0107805013656616,0.0330504417419434),(0.00665799856185913,
-0.0107401418685913,0.027844539642334),(0.00665799856185913,-0.0106058015823364,
0.0330895881652832),(0.00665799856185913,-0.010580961227417,0.027801700592041),
(0.00665799856185913,-0.0102385110855102,0.0277203407287598),(0.00665799856185913,
-0.0100789613723755,0.0277040901184082),(0.00665799856185913,-0.0100060415267944,
0.0332157211303711),(0.00665799856185913,-0.00990300178527832,0.0276940002441406),
(0.00665799856185913,-0.00990300178527831,0.0332220001220703),(0.00665799856185913,
-0.00294300150871277,0.0276909999847412),(0.00665799856185913,-0.00294300150871277,
0.0276940002441406),(0.00665799856185913,0.00166499865055084,0.0276909999847412),
(0.00665799856185913,0.00166499865055084,0.0275890007019043),(0.00665799856185913,
0.00283556866645813,0.0331110000610352),(0.00665799856185913,0.00283556866645813,
0.0332220001220703),(0.00665799856185913,0.00351568865776062,0.0331110000610352),
(0.00665799856185913,0.00351568865776062,0.0332220001220703),(0.00665799856185913,
0.00766480875015259,0.0332220001220703),(0.00665799856185913,0.00766683864593506,
0.0331110000610352),(0.00665799856185913,0.00766683864593506,0.0331802215576172),
(0.00665799856185913,0.0078349986076355,0.0275890007019043),(0.00665799856185913,
0.0078349986076355,0.0276909999847412),(0.00665799856185913,0.00885718822479248,
0.0331110000610352),(0.00665799856185913,0.00886098861694336,0.0331760215759277),
(0.00665799856185913,0.00886098861694336,0.0332220001220703),(0.00665799856185913,
0.0092289981842041,0.0331672592163086),(0.00665799856185913,0.00923783874511719,
0.0332220001220703),(0.00665799856185913,0.0092651481628418,0.0331110000610352),
(0.00665799856185913,0.00998198890686035,0.0331110000610352),(0.00665799856185913,
0.0100203189849853,0.0332078399658203),(0.00665799856185913,0.0100261383056641,
0.0332220001220703),(0.00665799856185913,0.0152419986724854,0.0276909999847412),
(0.00665799856185913,0.0152419986724854,0.0276940002441406),(0.00665799856185913,
0.019402997970581,0.0276940002441406),(0.00665799856185913,0.019402997970581,
0.0332220001220703),(0.00665799856185913,0.0195056781768799,0.0332157211303711),
(0.00665799856185913,0.0195783195495606,0.0277040901184082),(0.00665799856185913,
0.0195976390838623,0.0331998405456543),(0.00665799856185913,0.0197378787994385,
0.0277203407287598),(0.00665799856185913,0.0199457683563233,0.0331588516235352),
(0.00665799856185913,0.0200803279876709,0.027801700592041),(0.00665799856185913,
0.0200820484161377,0.0331160011291504),(0.00665799856185913,0.0202102088928223,
0.0330517387390137),(0.00665799856185913,0.0202391376495362,0.027844539642334),
(0.00665799856185913,0.0205576286315918,0.0280028400421143),(0.00665799856185913,
0.0206983394622802,0.0328429908752442),(0.00665799856185913,0.0207810783386231,
0.028127670288086),(0.00665799856185913,0.0209102478027344,0.0326758689880371),
(0.00665799856185913,0.0210598278045654,0.028355339050293),(0.00665799856185913,
0.021062047958374,0.032563591003418),(0.00665799856185913,0.0210909976959228,
0.0264099998474121),(0.00665799856185913,0.0210909976959228,0.0275389995574951),
(0.00665799856185913,0.0210978088378906,0.0276480007171631),(0.00665799856185913,
0.0210989990234375,0.0274099998474121),(0.00665799856185913,0.0210989990234375,
0.0276669998168946),(0.00665799856185913,0.0211239986419677,0.0277929992675781),
(0.00665799856185913,0.0211239986419678,0.0272840003967285),(0.00665799856185913,
0.0211659984588623,0.0271620006561279),(0.00665799856185913,0.0211659984588623,
0.0279150009155274),(0.00665799856185913,0.0211831893920898,0.0324332084655762),
(0.00665799856185913,0.0211998081207276,0.0284834995269775),(0.00665799856185913,
0.0212229976654053,0.0270459995269775),(0.00665799856185913,0.0212229976654053,
0.0280310001373291),(0.00665799856185913,0.0212939987182617,0.0269389991760254),
(0.00665799856185913,0.0212939987182617,0.0281380004882813),(0.00665799856185913,
0.0213732395172119,0.0286960391998291),(0.00665799856185913,0.0213789978027344,
0.0268430004119873),(0.00665799856185913,0.0213789978027344,0.0282350006103516),
(0.00665799856185913,0.0214759979248047,0.026757999420166),(0.00665799856185913,
0.0214759979248047,0.0283199996948242),(0.00665799856185913,0.0214770793914795,
0.0320850791931152),(0.00665799856185913,0.021477388381958,0.0288319492340088),
(0.00665799856185913,0.0215442390441895,0.0289586391448974),(0.00665799856185913,
0.0215829982757568,0.0266860008239746),(0.00665799856185913,0.0215829982757568,
0.0283910007476806),(0.00665799856185913,0.0216038379669189,0.0318378601074219),
(0.00665799856185913,0.0216249980926513,0.0284116401672363),(0.00665799856185913,
0.0216989994049073,0.026628999710083),(0.00665799856185913,0.0216989994049073,
0.0284479999542236),(0.00665799856185913,0.0217138786315918,0.0266240005493164),
(0.00665799856185913,0.021724609375,0.0292808990478515),(0.00665799856185913,
0.0217523078918457,0.0315708293914795),(0.00665799856185913,0.0217977390289306,
0.0295076808929444),(0.00665799856185913,0.0218209991455078,0.026587999343872),
(0.00665799856185913,0.0218209991455078,0.0284899997711182),(0.00665799856185913,
0.0218450183868408,0.0313053207397461),(0.00665799856185913,0.0219129791259766,
0.0309093894958496),(0.00665799856185913,0.0219377479553222,0.0300506801605225),
(0.00665799856185913,0.0219469985961914,0.0265629997253418),(0.00665799856185913,
0.0219469985961914,0.0285149993896484),(0.00665799856185913,0.0219602794647217,
0.0302560291290283),(0.00665799856185913,0.0219602794647217,0.0306319007873535),
(0.00665799856185913,0.0219709987640381,0.0265613098144531),(0.00665799856185913,
0.0219709987640381,0.0285165004730224),(0.00665799856185913,0.0220749988555908,
0.0265540008544922),(0.00665799856185913,0.0220749988555908,0.0285230007171631),
(0.00665799856185913,0.0222039985656738,0.0265629997253418),(0.00665799856185913,
0.0222039985656738,0.0285149993896484),(0.00665799856185913,0.0223299980163574,
0.026587999343872),(0.00665799856185913,0.0223299980163574,0.0284899997711182),
(0.00665799856185913,0.0224371185302734,0.0266240005493164),(0.00665799856185913,
0.022451997756958,0.026628999710083),(0.00665799856185913,0.022451997756958,
0.0284479999542236),(0.00665799856185913,0.0225679988861084,0.0266860008239746),
(0.00665799856185913,0.0225679988861084,0.0283910007476806),(0.00665799856185913,
0.0226489982604981,0.0267405109405517),(0.00665799856185913,0.0226489982604981,
0.0283372497558594),(0.00665799856185913,0.0226749992370605,0.026757999420166),
(0.00665799856185913,0.0226749992370605,0.0283199996948242),(0.00665799856185913,
0.0227709980010986,0.0268430004119873),(0.00665799856185913,0.0227709980010986,
0.0282350006103516),(0.00665799856185913,0.0228559989929199,0.0281380004882813),
(0.00665799856185913,0.02285599899292,0.0269389991760254),(0.00665799856185913,
0.02292799949646,0.0270459995269775),(0.00665799856185913,0.02292799949646,
0.0280310001373291),(0.00665799856185913,0.0229849987030029,0.0271620006561279),
(0.00665799856185913,0.0229849987030029,0.0279150009155274),(0.00665799856185913,
0.0230259990692138,0.0272840003967285),(0.00665799856185913,0.0230259990692138,
0.0277929992675782),(0.00665799856185913,0.0230509986877441,0.0274099998474121),
(0.00665799856185913,0.0230509986877441,0.0276669998168946),(0.00665799856185913,
0.0230523376464844,0.0276480007171631),(0.00665799856185913,0.0230599994659424,
0.0275389995574951),(0.00665799856185913,0.0232459983825684,0.0264099998474121),
(0.00665799856185914,-0.0145000009536743,0.0264099998474121),(0.00665799856185914,
0.0232459983825684,0.0343300018310547),(0.00668899869918823,0.00999199867248535,
0.0332220001220703),(0.00669399881362915,0.00926499843597412,0.0332220001220703),
(0.00673199844360352,0.00990099906921387,0.0331110000610352),(0.00675999879837036,
0.00774399852752686,0.0331110000610352),(0.00675999879837036,0.00774399852752686,
0.0332220001220703),(0.00678599882125855,0.00877399826049805,0.0332220001220703),
(0.00679499864578247,0.00953599834442139,0.0331110000610352),(0.00680499839782715,
0.00961299896240234,0.0332220001220703),(0.00682099866867065,0.00874299812316895,
0.0331110000610352),(0.00686299848556519,0.00789399862289429,0.0332220001220703),
(0.00689599847793579,0.00797799873352051,0.0331110000610352),(0.00693799877166748,
0.00850199890136719,0.0331110000610352),(0.00693799877166748,0.00850199890136719,
0.0332220001220703),(0.0069449987411499,0.00816299819946289,0.0332220001220703),
(0.00696099853515625,0.00826499843597412,0.0331110000610352),(0.0069909987449646,
0.00112999856472015,0.0331110000610352),(0.0069909987449646,0.00112999856472015,
0.0332220001220703),(0.0069909987449646,0.00237799859046936,0.0331110000610352),
(0.0069909987449646,0.00237799859046936,0.0332220001220703),(0.00722299861907959,
0.00812599849700928,0.0331110000610352),(0.00722299861907959,0.00812599849700928,
0.0332220001220703),(0.00722299861907959,0.00845799827575684,0.0331110000610352),
(0.00722299861907959,0.00845799827575684,0.0332220001220703),(0.00722999858856201,
0.00268899869918823,0.0331110000610352),(0.00722999858856201,0.00268899869918823,
0.0332220001220703),(0.0074159984588623,0.00112999856472015,0.0332220001220703),
(0.0074159984588623,0.00237799859046936,0.0331110000610352),(0.00741599845886231,
0.00112999856472015,0.0331110000610352),(0.00741599845886231,0.00237799859046936,
0.0332220001220703),(0.00761099863052368,0.00845799827575684,0.0331110000610352),
(0.00761099863052368,0.00845799827575684,0.0332220001220703),(0.00764999866485596,
0.00166499865055084,0.0275890007019043),(0.00764999866485596,0.00166499865055084,
0.0276909999847412),(0.00820099830627442,0.00407499837875367,0.0331110000610352),
(0.00820099830627442,0.00407499837875367,0.0332220001220703),(0.00861399841308594,
0.00742099857330322,0.0331110000610352),(0.00861399841308594,0.00742099857330322,
0.0332220001220703),(0.00861399841308594,0.00812599849700928,0.0331110000610352),
(0.00861399841308594,0.00812599849700928,0.0332220001220703),(0.00861399841308594,
0.00845799827575684,0.0331110000610352),(0.00861399841308594,0.00845799827575684,
0.0332220001220703),(0.00861399841308594,0.00978499889373779,0.0331110000610352),
(0.00861399841308594,0.00978499889373779,0.0332220001220703),(0.00868699836730957,
0.0103649988174438,0.0331110000610352),(0.00868699836730957,0.0103649988174438,
0.0332220001220703),(0.0086959981918335,0.00407499837875366,0.0331110000610352),
(0.0086959981918335,0.00407499837875367,0.0332220001220703),(0.00897199821472168,
0.00251899862289428,0.0331110000610352),(0.008975998878479,0.00272899866104126,
0.0332220001220703),(0.0090079984664917,0.00742099857330322,0.0331110000610352),
(0.0090079984664917,0.00742099857330322,0.0332220001220703),(0.0090079984664917,
0.00812599849700928,0.0331110000610352),(0.0090079984664917,0.00812599849700928,
0.0332220001220703),(0.0090079984664917,0.00845799827575684,0.0331110000610352),
(0.0090079984664917,0.00845799827575684,0.0332220001220703),(0.0090079984664917,
0.0103649988174438,0.0331110000610352),(0.0090079984664917,0.0103649988174438,
0.0332220001220703),(0.00901999855041504,0.0021859986782074,0.0331110000610352),
(0.00902099895477295,0.00299999856948853,0.0332220001220703),(0.00903099822998047,
0.00299799871444702,0.0331110000610352),(0.00913599872589111,0.00186699855327606,
0.0331110000610352),(0.00918599891662598,0.00342699861526489,0.0332220001220703),
(0.0092239990234375,0.00171699857711792,0.0332220001220703),(0.00928399848937988,
0.00163099861145019,0.0331110000610352),(0.00935499858856201,0.00366299867630005,
0.0331110000610352),(0.00935499858856201,0.00366299867630005,0.0332220001220703),
(0.00940799903869629,0.0026639986038208,0.0332220001220703),(0.00943799877166748,
0.0029139986038208,0.0331110000610352),(0.00944199848175049,0.00227599859237671,
0.0331110000610352),(0.00944199848175049,0.00812599849700928,0.0331110000610352),
(0.00944199848175049,0.00812599849700928,0.0332220001220703),(0.00944199848175049,
0.00845799827575684,0.0331110000610352),(0.00944199848175049,0.00845799827575684,
0.0332220001220703),(0.00945699882507324,0.00220299863815307,0.0332220001220703),
(0.00945999908447266,0.00145199859142303,0.0332220001220703),(0.0095099983215332,
0.00315699863433838,0.0331110000610352),(0.0095099983215332,0.00315699863433838,
0.0332220001220703),(0.00952999877929687,0.00200699853897094,0.0332220001220703),
(0.00954499816894531,0.00383099865913391,0.0331110000610352),(0.00956599903106689,
0.00137999856472015,0.0331110000610352),(0.00961799907684326,0.00188399863243103,
0.0331110000610352),(0.00973099899291992,0.00349599862098694,0.0332220001220703),
(0.00973499870300293,0.00393899869918824,0.0332220001220703),(0.00976999855041504,
0.00169499862194061,0.0332220001220703),(0.00979799842834473,0.00124899864196777,
0.0332220001220703),(0.00984699821472168,0.0081929988861084,0.0331110000610352),
(0.00984699821472168,0.0081929988861084,0.0332220001220703),(0.00985299873352051,
0.0035959985256195,0.0331110000610352),(0.00985299873352051,0.0035959985256195,
0.0332220001220703),(0.00991299819946289,0.00881299877166748,0.0331110000610352),
(0.00991299819946289,0.00881299877166748,0.0332220001220703),(0.00993999862670898,
0.00786699867248535,0.0331110000610352),(0.00993999862670899,0.00786699867248535,
0.0332220001220703),(0.00995499897003174,0.001575998544693,0.0331110000610352),
(0.00998499870300293,0.0040409984588623,0.0331110000610352),(0.0100619983673096,
0.00406199836730957,0.0332220001220703),(0.0101149988174438,0.00372399854660034,
0.0332220001220703),(0.0101599988937378,0.00759599876403809,0.0332220001220703),
(0.0101659984588623,0.0011289986371994,0.0331110000610352),(0.0101659984588623,
0.0011289986371994,0.0332220001220703),(0.0102099990844727,0.00148099863529205,
0.0331110000610352),(0.0102099990844727,0.00148099863529205,0.0332220001220703),
(0.0102239990234375,0.0103249988555908,0.0331110000610352),(0.0102239990234375,
0.0103249988555908,0.0332220001220703),(0.0102459983825684,0.00375199866294861,
0.0331110000610352),(0.0102589988708496,0.0082239990234375,0.0331110000610352),
(0.0102589988708496,0.0082239990234375,0.0332220001220703),(0.0102839984893799,
0.00876799869537354,0.0331110000610352),(0.0102839984893799,0.00876799869537354,
0.0332220001220703),(0.0103029985427856,0.0075059986114502,0.0331110000610352),
(0.0103029985427856,0.0075059986114502,0.0332220001220703),(0.0103249988555908,
0.00799899864196777,0.0331110000610352),(0.0103249988555908,0.00799899864196777,
0.0332220001220703),(0.0103669986724853,0.00918899822235107,0.0331110000610352),
(0.0103669986724853,0.00918899822235107,0.0332220001220703),(0.0104709987640381,
0.00780799865722656,0.0331110000610352),(0.0104709987640381,0.00780799865722656,
0.0332220001220703),(0.0104939985275269,0.00742399883270264,0.0332220001220703),
(0.010523998260498,0.00897299861907959,0.0331110000610352),(0.010523998260498,
0.00897299861907959,0.0332220001220703),(0.0105299987792969,0.00143499863147736,
0.0332220001220703),(0.0105389986038208,0.00997999858856201,0.0331110000610352),
(0.0105389986038208,0.00997999858856201,0.0332220001220703),(0.0105709981918335,
0.0010849986076355,0.0331110000610352),(0.0105759983062744,0.00228499865531922,
0.0331110000610352),(0.0105759983062744,0.00228499865531922,0.0332220001220703),
(0.0105759983062744,0.0026309986114502,0.0331110000610352),(0.0105759983062744,
0.0026309986114502,0.0332220001220703),(0.010604998588562,0.00930599880218506,
0.0331110000610352),(0.010604998588562,0.00930599880218506,0.0332220001220703),
(0.0106149988174438,0.00378999853134156,0.0331110000610352),(0.0106149988174438,
0.00378999853134156,0.0332220001220703),(0.0106469984054565,0.00412299871444702,
0.0331110000610352),(0.0106999988555908,0.00737999868392944,0.0332220001220703),
(0.0108059988021851,0.00410999870300293,0.0332220001220703),(0.0108579988479614,
0.00109899854660034,0.0332220001220703),(0.0108739986419678,0.00766799879074097,
0.0331110000610352),(0.0108739986419678,0.00766799879074097,0.0332220001220703),
(0.0108869981765747,0.00905299854278564,0.0331110000610352),(0.0108869981765747,
0.00905299854278564,0.0332220001220703),(0.0109539985656738,0.00111099863052368,
0.0331110000610352),(0.0109559984207153,0.00737599849700928,0.0331110000610352),
(0.0109579982757568,0.00936699867248535,0.0332220001220703),(0.0110009984970093,
0.00937099838256836,0.0331110000610352),(0.0110359983444214,0.00738199853897095,
0.0332220001220703),(0.011060998916626,0.00151099860668182,0.0331110000610352),
(0.0110719985961914,0.00368999862670898,0.0331110000610352),(0.0110719985961914,
0.00368999862670898,0.0332220001220703),(0.0111069984436035,0.007707998752594,
0.0331110000610352),(0.0111069984436035,0.007707998752594,0.0332220001220703),
(0.0111189985275269,0.00152899861335755,0.0332220001220703),(0.0111649990081787,
0.00899899864196777,0.0331110000610352),(0.0111649990081787,0.00899899864196777,
0.0332220001220703),(0.0112189989089966,0.00934499835968018,0.0332220001220703),
(0.0112419986724853,0.00742399883270264,0.0332220001220703),(0.0112809982299805,
0.00398699855804443,0.0331110000610352),(0.0113239984512329,0.00350899863243103,
0.0331110000610352),(0.0113239984512329,0.00350899863243103,0.0332220001220703),
(0.0113409986495972,0.00785299873352051,0.0331110000610352),(0.0113409986495972,
0.00785299873352051,0.0332220001220703),(0.011358998298645,0.00395299863815308,
0.0332220001220703),(0.0113749990463257,0.00886099815368652,0.0331110000610352),
(0.0113749990463257,0.00886099815368652,0.0332220001220703),(0.0114739990234375,
0.00803599834442139,0.0331110000610352),(0.0114739990234375,0.00803599834442139,
0.0332220001220703),(0.0115029983520508,0.00315499854087829,0.0331110000610352),
(0.0115029983520508,0.00315499854087829,0.0332220001220703),(0.0115189990997314,
0.00173799860477448,0.0331110000610352),(0.0115189990997314,0.00173799860477448,
0.0332220001220703),(0.0115189990997314,0.00228499865531922,0.0331110000610352),
(0.0115189990997314,0.00228499865531922,0.0332220001220703),(0.0115189990997314,
0.00861799812316895,0.0331110000610352),(0.0115189990997314,0.00861799812316895,
0.0332220001220703),(0.0115359983444214,0.00130199861526489,0.0331110000610352),
(0.0115359983444214,0.00130199861526489,0.0332220001220703),(0.0115479984283447,
0.00838699817657471,0.0332220001220703),(0.0115639982223511,0.0091959981918335,
0.0331110000610352),(0.0115639982223511,0.0091959981918335,0.0332220001220703),
(0.0115959987640381,0.00377099847793579,0.0331110000610352),(0.0116019983291626,
0.00762099838256836,0.0331110000610352),(0.0116019983291626,0.00762099838256836,
0.0332220001220703),(0.011640998840332,0.00372399854660034,0.0332220001220703),
(0.0116989984512329,0.00908499813079834,0.0331110000610352),(0.0117159986495972,
0.00772899866104126,0.0332220001220703),(0.011818998336792,0.00997999858856201,
0.0331110000610352),(0.011818998336792,0.00997999858856201,0.0332220001220703),
(0.011818998336792,0.0103249988555908,0.0331110000610352),(0.011818998336792,
0.0103249988555908,0.0332220001220703),(0.0118349990844727,0.00891299819946289,
0.0332220001220703),(0.0118359985351562,0.00792599868774414,0.0331110000610352),
(0.0118849983215332,0.00325099849700928,0.0331110000610352),(0.0118849983215332,
0.00325099849700928,0.0332220001220703),(0.0119069986343384,0.00805499839782715,
0.0332220001220703),(0.0119349985122681,0.00154199862480164,0.0331110000610352),
(0.0119349985122681,0.00154199862480164,0.0332220001220703),(0.0119349985122681,
0.00263299870491028,0.0331110000610352),(0.0119349985122681,0.00263299870491028,
0.0332220001220703),(0.0119569988250732,0.00825299835205078,0.0331110000610352),
(0.0119569988250732,0.00825299835205078,0.0332220001220703),(0.0119589986801147,
0.0085659990310669,0.0331110000610352),(0.0119649982452393,0.00849299812316895,
0.0332220001220703),(0.0123339986801147,0.00873899841308594,0.0331110000610352),
(0.0123339986801147,0.00880599880218506,0.0332220001220703),(0.0123559989929199,
0.0084459981918335,0.0332220001220703),(0.012358998298645,0.00929799842834472,
0.0332220001220703),(0.0123799982070923,0.00941299819946289,0.0331110000610352),
(0.0124049987792969,0.00825399875640869,0.0331110000610352),(0.0124899988174438,
0.00797199869155884,0.0332220001220703),(0.0124909982681274,0.00980099868774414,
0.0331110000610352),(0.0125299987792969,0.00988699817657471,0.0332220001220703),
(0.0126519985198975,0.00767599868774414,0.0331110000610352),(0.0126519985198975,
0.00767599868774414,0.0332220001220703),(0.0126589984893799,0.010068998336792,
0.0331110000610352),(0.0126589984893799,0.010068998336792,0.0332220001220703),
(0.0127389984130859,0.00890899848937988,0.0331110000610352),(0.0127409982681274,
0.00895599842071533,0.0332220001220703),(0.0127569990158081,0.00928999900817871,
0.0331110000610352),(0.0127799987792969,0.00833699893951416,0.0331110000610352),
(0.0127799987792969,0.00833699893951416,0.0332220001220703),(0.0127939987182617,
0.0094739990234375,0.0332220001220703),(0.0128579988479614,0.0102399988174438,
0.0332220001220703),(0.0129179983139038,0.010273998260498,0.0331110000610352),
(0.0129249982833862,0.00790899848937988,0.0331110000610352),(0.0129249982833862,
0.00790899848937988,0.0332220001220703),(0.0129509983062744,0.00987599849700928,
0.0331110000610352),(0.0129509983062744,0.00987599849700928,0.0332220001220703),
(0.0130619983673096,0.0074159984588623,0.0332220001220703),(0.0130619983673096,
0.00741599845886231,0.0331110000610352),(0.0130969982147217,0.00774899864196777,
0.0331110000610352),(0.0130969982147217,0.00774899864196777,0.0332220001220703),
(0.013153998374939,0.0100329990386963,0.0331110000610352),(0.013153998374939,
0.0100329990386963,0.0332220001220703),(0.0132059984207153,0.00112999856472015,
0.0331110000610352),(0.0132059984207153,0.00112999856472015,0.0332220001220703),
(0.0132679986953735,0.0103669986724853,0.0332220001220703),(0.0133669986724853,
0.00767099857330322,0.0331110000610352),(0.0133669986724853,0.00767099857330322,
0.0332220001220703),(0.0133799982070923,0.0103779983520508,0.0331110000610352),
(0.0133889989852905,0.0100759983062744,0.0331110000610352),(0.0133889989852905,
0.0100759983062744,0.0332220001220703),(0.013604998588562,0.00739199876785278,
0.0331110000610352),(0.013604998588562,0.00739199876785278,0.0332220001220703),
(0.0136129989624023,0.010354998588562,0.0331110000610352),(0.0136169986724853,
0.00772499847412109,0.0331110000610352),(0.0136169986724853,0.00772499847412109,
0.0332220001220703),(0.0136559982299805,0.00112999856472015,0.0331110000610352),
(0.0136559982299805,0.00112999856472015,0.0332220001220703),(0.0136609983444214,
0.00999799823760986,0.0332220001220703),(0.0136609983444214,0.00999799823760987,
0.0331110000610352),(0.0137229986190796,0.0103179988861084,0.0332220001220703),
(0.0138269987106323,0.00789999866485596,0.0331110000610352),(0.0138359985351562,
0.00983899879455566,0.0331110000610352),(0.0138359985351562,0.00983899879455566,
0.0332220001220703),(0.0138639984130859,0.00796999835968018,0.0332220001220703),
(0.0139229984283447,0.0102219982147217,0.0331110000610352),(0.0139589986801147,
0.00949999904632568,0.0332220001220703),(0.0139639987945557,0.00754499864578247,
0.0332220001220703),(0.0139749984741211,0.00945599842071533,0.0331110000610352),
(0.0139809989929199,0.00833699893951416,0.0332220001220703),(0.0140089988708496,
0.00202199864387512,0.0331110000610352),(0.0140089988708496,0.00202199864387512,
0.0332220001220703),(0.0140089988708496,0.00846999835968018,0.0331110000610352),
(0.0140129985809326,0.0101629981994629,0.0332220001220703),(0.0140229988098144,
0.00895099830627441,0.0331110000610352),(0.0140229988098144,0.00895099830627441,
0.0332220001220703),(0.0141039981842041,0.00768099880218506,0.0331110000610352),
(0.0141039981842041,0.00768099880218506,0.0332220001220703),(0.0141309986114502,
0.00233999848365783,0.0331110000610352),(0.0141309986114502,0.00233999848365783,
0.0332220001220703),(0.0141549987792969,0.0100079984664917,0.0332220001220703),
(0.0141829986572266,0.00995999813079834,0.0331110000610352),(0.0142329988479614,
0.00786399841308594,0.0332220001220703),(0.0142719984054565,0.00794999837875366,
0.0331110000610352),(0.0143049983978271,0.00970799827575684,0.0332220001220703),
(0.0143739986419678,0.00942099857330322,0.0331110000610352),(0.0143819990158081,
0.00833699893951416,0.0331110000610352),(0.0144029989242554,0.00845099830627442,
0.0332220001220703),(0.0144219989776611,0.00909499835968018,0.0332220001220703),
(0.0144239988327026,0.00877799892425537,0.0331110000610352),(0.0144369983673096,
0.00407499837875366,0.0331110000610352),(0.0144369983673096,0.00407499837875367,
0.0332220001220703),(0.0145809984207153,0.0034819986820221,0.0332220001220703),
(0.0146559982299805,0.00376599860191345,0.0331110000610352),(0.0146559982299805,
0.00376599860191345,0.0332220001220703),(0.0148939990997314,0.00407499837875367,
0.0331110000610352),(0.0148939990997314,0.00407499837875367,0.0332220001220703),
(0.0152179985046387,0.00233999848365783,0.0331110000610352),(0.0152179985046387,
0.00233999848365783,0.0332220001220703),(0.0153489990234375,0.00202199864387512,
0.0331110000610352),(0.0153489990234375,0.00202199864387512,0.0332220001220703),
(0.0157229986190796,0.00112999856472015,0.0331110000610352),(0.0157229986190796,
0.00112999856472015,0.0332220001220703),(0.0162069988250732,0.00112999856472015,
0.0331110000610352),(0.0162069988250732,0.00112999856472015,0.0332220001220703),
(0.0163729991912842,0.00928999900817871,0.0331110000610352),(0.0163729991912842,
0.00928999900817871,0.0332220001220703),(0.0163729991912842,0.00963899898529053,
0.0331110000610352),(0.0163729991912842,0.00963899898529053,0.0332220001220703),
(0.016617998123169,0.00112999856472015,0.0331110000610352),(0.016617998123169,
0.00112999856472015,0.0332220001220703),(0.016617998123169,0.00407499837875367,
0.0331110000610352),(0.016617998123169,0.00407499837875367,0.0332220001220703),
(0.0167789993286133,0.00985799884796143,0.0332220001220703),(0.0167979984283448,
0.00948599815368652,0.0331110000610352),(0.0168499984741211,0.00951099872589111,
0.0332220001220703),(0.0168879985809326,0.00994099903106689,0.0331110000610352),
(0.0170419979095459,0.00112999856472015,0.0331110000610352),(0.0170419979095459,
0.00112999856472015,0.0332220001220703),(0.0170419979095459,0.00407499837875366,
0.0331110000610352),(0.0170419979095459,0.00407499837875367,0.0332220001220703),
(0.0171439990997314,0.0101659984588623,0.0332220001220703),(0.0171599979400635,
0.00742099857330322,0.0331110000610352),(0.0171599979400635,0.00742099857330322,
0.0332220001220703),(0.0171599979400635,0.00972499847412109,0.0331110000610352),
(0.0171599979400635,0.00972499847412109,0.0332220001220703),(0.0172989978790283,
0.0103779983520508,0.0331110000610352),(0.0172989978790283,0.0103779983520508,
0.0332220001220703),(0.0175539989471435,0.00742099857330322,0.0331110000610352),
(0.0175539989471435,0.00742099857330322,0.0332220001220703),(0.0175539989471435,
0.0103779983520508,0.0331110000610352),(0.0175539989471435,0.0103779983520508,
0.0332220001220703),(0.0177729988098144,0.00112999856472015,0.0331110000610352),
(0.0177729988098144,0.00112999856472015,0.0332220001220703),(0.0177729988098144,
0.00407499837875367,0.0331110000610352),(0.0177729988098144,0.00407499837875367,
0.0332220001220703),(0.0181969985961914,0.00147799861431122,0.0331110000610352),
(0.0181969985961914,0.00147799861431122,0.0332220001220703),(0.0181969985961914,
0.00407499837875366,0.0331110000610352),(0.0181969985961914,0.00407499837875367,
0.0332220001220703),(0.0185629978179932,0.00893499851226807,0.0332220001220703),
(0.018564998626709,0.00906499862670898,0.0331110000610352),(0.0185829982757569,
0.0084459981918335,0.0332220001220703),(0.0185959987640381,0.00839699840545654,
0.0331110000610352),(0.0186069984436035,0.00941299819946289,0.0332220001220703),
(0.018681999206543,0.00806399822235107,0.0332220001220703),(0.0187179985046386,
0.00797199869155884,0.0331110000610352),(0.0187179985046386,0.00980099868774414,
0.0332220001220703),(0.0187179985046387,0.00980099868774414,0.0331110000610352),
(0.0188789978027344,0.00767599868774414,0.0331110000610352),(0.0188789978027344,
0.00767599868774414,0.0332220001220703),(0.0188859977722168,0.010068998336792,
0.0331110000610352),(0.0188859977722168,0.010068998336792,0.0332220001220703),
(0.0189669990539551,0.00868399906158447,0.0331110000610352),(0.0189689979553222,
0.00894199848175049,0.0332220001220703),(0.0189819984436035,0.00924399852752686,
0.0331110000610352),(0.0190129985809326,0.00829099845886231,0.0331110000610352),
(0.0190129985809326,0.00829099845886231,0.0332220001220703),(0.019076997756958,
0.00965399837493897,0.0331110000610352),(0.019076997756958,0.00965399837493897,
0.0332220001220703),(0.0190859985351562,0.0102399988174438,0.0332220001220703),
(0.0191439990997314,0.010273998260498,0.0331110000610352),(0.0191509990692138,
0.00790899848937988,0.0331110000610352),(0.0191509990692138,0.00790899848937988,
0.0332220001220703),(0.0191789989471436,0.00987599849700928,0.0331110000610352),
(0.0191789989471436,0.00987599849700928,0.0332220001220703),(0.0192899990081787,
0.00741599845886231,0.0331110000610352),(0.0192899990081787,0.00741599845886231,
0.0332220001220703),(0.0193249988555908,0.00774899864196777,0.0331110000610352),
(0.0193249988555908,0.00774899864196777,0.0332220001220703),(0.0193809986114502,
0.0100329990386963,0.0331110000610352),(0.0193809986114502,0.0100329990386963,
0.0332220001220703),(0.0194959983825683,0.0103669986724853,0.0332220001220703),
(0.0195949993133545,0.00767099857330322,0.0331110000610352),(0.0195949993133545,
0.00767099857330322,0.0332220001220703),(0.0196079978942871,0.0103779983520508,
0.0331110000610352),(0.0196169986724853,0.0100759983062744,0.0331110000610352),
(0.0196169986724853,0.0100759983062744,0.0332220001220703),(0.0197759990692138,
0.00112999856472015,0.0331110000610352),(0.0197759990692138,0.00112999856472015,
0.0332220001220703),(0.0197759990692138,0.00147799861431122,0.0331110000610352),
(0.0197759990692138,0.00147799861431122,0.0332220001220703),(0.0198319988250732,
0.00739199876785278,0.0331110000610352),(0.0198319988250732,0.00739199876785278,
0.0332220001220703),(0.0198399982452393,0.010354998588562,0.0331110000610352),
(0.0198439979553223,0.00772499847412109,0.0332220001220703),(0.0198439979553223,
0.0077249984741211,0.0331110000610352),(0.0198889980316162,0.00999799823760986,
0.0332220001220703),(0.0198889980316162,0.00999799823760987,0.0331110000610352),
(0.0199379978179932,0.00166499865055084,0.0275890007019043),(0.0199379978179932,
0.00166499865055084,0.0276909999847412),(0.0199509983062744,0.0103179988861084,
0.0332220001220703),(0.0200549983978271,0.00789999866485596,0.0332220001220703),
(0.0200639991760254,0.00983899879455566,0.0331110000610352),(0.0200639991760254,
0.00983899879455566,0.0332220001220703),(0.0200919990539551,0.00796999835968018,
0.0331110000610352),(0.0201309986114502,0.00750999879837036,0.0331110000610352),
(0.0201309986114502,0.00750999879837036,0.0332220001220703),(0.0201499977111816,
0.0102219982147217,0.0331110000610352),(0.0202029991149903,0.00945599842071533,
0.0331110000610352),(0.0202029991149903,0.00945599842071533,0.0332220001220703),
(0.0202349987030029,0.00846999835968018,0.0331110000610352),(0.0202349987030029,
0.00846999835968018,0.0332220001220703),(0.0202399978637696,0.0101629981994629,
0.0332220001220703),(0.0203309993743896,0.00768099880218506,0.0332220001220703),
(0.0203819980621338,0.0100079984664917,0.0332220001220703),(0.0204109992980957,
0.00995999813079834,0.0331110000610352),(0.0204589977264404,0.00786399841308594,
0.0331110000610352),(0.0204589977264404,0.00786399841308594,0.0332220001220703),
(0.0205329990386963,0.00970799827575684,0.0332220001220703),(0.0205619983673095,
0.00812899875640869,0.0331110000610352),(0.0205869979858398,0.00822099876403809,
0.0332220001220703),(0.0206019992828369,0.00945999813079834,0.0331110000610352),
(0.020636999130249,0.00916699886322021,0.0332220001220703),(0.020648998260498,
0.00909499835968018,0.0331110000610352),(0.0206509990692138,0.00868299865722656,
0.0332220001220703),(0.02105299949646,0.00873899841308594,0.0331110000610352),
(0.0210539989471435,0.00880599880218506,0.0332220001220703),(0.021087999343872,
0.00834799861907959,0.0332220001220703),(0.0210989990234375,0.00941299819946289,
0.0332220001220703),(0.0211239986419677,0.00825399875640869,0.0331110000610352),
(0.0212059993743896,0.00190899860858918,0.0331110000610352),(0.0212059993743896,
0.00190899860858918,0.0332220001220703),(0.0212079982757569,0.00797199869155884,
0.0332220001220703),(0.0212089977264404,0.00980099868774414,0.0331110000610352),
(0.0212089977264404,0.00980099868774414,0.0332220001220703),(0.0212319984436035,
0.00175799858570099,0.0332220001220703),(0.0212449989318848,0.00332399868965149,
0.0331110000610352),(0.0212449989318848,0.00332399868965149,0.0332220001220703),
(0.0213009986877441,0.00158199858665466,0.0332220001220703),(0.0213539981842041,
0.0036309986114502,0.0332220001220703),(0.0213549995422363,0.00150299859046936,
0.0331110000610352),(0.0213709983825683,0.00767599868774414,0.0331110000610352),
(0.0213709983825683,0.00767599868774414,0.0332220001220703),(0.0213769989013672,
0.010068998336792,0.0331110000610352),(0.0213769989013672,0.010068998336792,
0.0332220001220703),(0.0214609985351563,0.00377999854087829,0.0331110000610352),
(0.0214649982452393,0.00136599862575531,0.0332220001220703),(0.0214709987640381,
0.00846999835968018,0.0331110000610352),(0.0214749984741211,0.00928999900817871,
0.0331110000610352),(0.0214749984741211,0.00928999900817871,0.0332220001220703),
(0.0214819984436035,0.00842599868774414,0.0332220001220703),(0.0215209980010986,
0.00130899858474731,0.0331110000610352),(0.0215869979858398,0.00802999877929688,
0.0332220001220703),(0.0215979995727539,0.00195599853992462,0.0331110000610352),
(0.0215979995727539,0.00195599853992462,0.0332220001220703),(0.0216339988708496,
0.0039269986152649,0.0331110000610352),(0.0216349983215332,0.00325999855995179,
0.0331110000610352),(0.0216349983215332,0.00325999855995179,0.0332220001220703),
(0.0216359977722168,0.010273998260498,0.0331110000610352),(0.0216359977722168,
0.010273998260498,0.0332220001220703),(0.0216429977416992,0.00790899848937988,
0.0331110000610352),(0.0216429977416992,0.00790899848937988,0.0332220001220703),
(0.021656997680664,0.0017539986371994,0.0332220001220703),(0.0216599979400635,
0.00121799862384796,0.0331110000610352),(0.0216599979400635,0.00121799862384796,
0.0332220001220703),(0.0216699981689453,0.00987599849700928,0.0331110000610352),
(0.0216699981689453,0.00987599849700928,0.0332220001220703),(0.021697998046875,
0.00396599864959717,0.0332220001220703),(0.0217159976959228,0.00350499868392944,
0.0331110000610352),(0.0217159976959228,0.00350499868392944,0.0332220001220703),
(0.0217809982299804,0.00741599845886231,0.0331110000610352),(0.0217809982299804,
0.00741599845886231,0.0332220001220703),(0.0218069992065429,0.00153299856185913,
0.0331110000610352),(0.0218069992065429,0.00153299856185913,0.0332220001220703),
(0.021814998626709,0.00774899864196777,0.0331110000610352),(0.021814998626709,
0.00774899864196777,0.0332220001220703),(0.0218319988250732,0.00365699863433838,
0.0331110000610352),(0.0218319988250732,0.00365699863433838,0.0332220001220703),
(0.021871997833252,0.0100329990386963,0.0331110000610352),(0.021871997833252,
0.0100329990386963,0.0332220001220703),(0.0219499988555908,0.00111199855804443,
0.0331110000610352),(0.0219499988555908,0.00111199855804443,0.0332220001220703),
(0.0219599990844727,0.00406199836730957,0.0331110000610352),(0.0219599990844727,
0.00406199836730957,0.0332220001220703),(0.0219789981842041,0.00252499866485596,
0.0331110000610352),(0.0219789981842041,0.00252499866485596,0.0332220001220703),
(0.0219869995117188,0.0103669986724853,0.0331110000610352),(0.0219869995117188,
0.0103669986724853,0.0332220001220703),(0.0220099983215332,0.00375799870491028,
0.0332220001220703),(0.0220109977722168,0.00141199862957001,0.0331110000610352),
(0.0220109977722168,0.00141199862957001,0.0332220001220703),(0.0220219993591309,
0.00284099864959717,0.0331110000610352),(0.0220219993591309,0.00284099864959717,
0.0332220001220703),(0.0220849990844727,0.00767099857330322,0.0331110000610352),
(0.0220849990844727,0.00767099857330322,0.0332220001220703),(0.0221089992523194,
0.0100759983062744,0.0331110000610352),(0.0221089992523194,0.0100759983062744,
0.0332220001220703),(0.0221129989624024,0.00377199864387512,0.0331110000610352),
(0.022185998916626,0.00284899854660034,0.0331110000610352),(0.0222489986419677,
0.00408599853515625,0.0331110000610352),(0.022273998260498,0.00256399869918823,
0.0331110000610352),(0.022273998260498,0.00256399869918823,0.0332220001220703),
(0.0222859992980957,0.00285999870300293,0.0332220001220703),(0.0223039989471435,
0.0010829986333847,0.0331110000610352),(0.0223239994049073,0.00739199876785278,
0.0331110000610352),(0.0223239994049073,0.00739199876785278,0.0332220001220703),
(0.0223319988250732,0.010354998588562,0.0331110000610352),(0.0223349990844727,
0.00772499847412109,0.0331110000610352),(0.0223349990844727,0.00772499847412109,
0.0332220001220703),(0.0223799991607666,0.00999799823760986,0.0331110000610352),
(0.0223799991607666,0.00999799823760986,0.0332220001220703),(0.0223859977722168,
0.00108799862861633,0.0332220001220703),(0.0223939990997315,0.00376599860191345,
0.0331110000610352),(0.0223939990997315,0.00376599860191345,0.0332220001220703),
(0.0224409980773926,0.0103179988861084,0.0332220001220703),(0.0224469985961914,
0.00141199862957001,0.0331110000610352),(0.0224469985961914,0.00141199862957001,
0.0332220001220703),(0.0225069980621338,0.00404899883270263,0.0332220001220703),
(0.0225279979705811,0.00251399850845337,0.0331110000610352),(0.0225279979705811,
0.00251399850845337,0.0332220001220703),(0.0225389995574951,0.00295899868011474,
0.0331110000610352),(0.0225389995574951,0.00295899868011474,0.0332220001220703),
(0.0225449981689453,0.00789999866485596,0.0331110000610352),(0.0225559978485108,
0.00983899879455566,0.0331110000610352),(0.0225559978485108,0.00983899879455566,
0.0332220001220703),(0.0225819988250732,0.00796999835968018,0.0332220001220703),
(0.022587999343872,0.00112799859046936,0.0332220001220703),(0.0225939979553222,
0.00365899848937988,0.0331110000610352),(0.0225939979553222,0.00365899848937988,
0.0332220001220703),(0.0226419982910156,0.0102219982147217,0.0331110000610352),
(0.0226629981994629,0.0015299985408783,0.0332220001220703),(0.0226759986877441,
0.00154299855232239,0.0331110000610352),(0.022681999206543,0.00754499864578247,
0.0332220001220703),(0.022689998626709,0.0039839985370636,0.0332220001220703),
(0.0226929988861084,0.00352799868583679,0.0331110000610352),(0.0226929988861084,
0.00352799868583679,0.0332220001220703),(0.0226929988861084,0.00945599842071533,
0.0331110000610352),(0.0226989994049072,0.00833699893951416,0.0332220001220703),
(0.0226999988555908,0.00941099834442139,0.0332220001220703),(0.0227009983062744,
0.0031399986743927,0.0331110000610352),(0.0227009983062744,0.0031399986743927,
0.0332220001220703),(0.022701997756958,0.00272499871253968,0.0331110000610352),
(0.022701997756958,0.00272499871253968,0.0332220001220703),(0.0227189979553222,
0.0023899986743927,0.0331110000610352),(0.0227189979553222,0.0023899986743927,
0.0332220001220703),(0.0227269992828369,0.00846999835968018,0.0331110000610352),
(0.0227309989929199,0.0101629981994629,0.0332220001220703),(0.0227399978637696,
0.00332999849319458,0.0331110000610352),(0.0227399978637696,0.00332999849319458,
0.0332220001220703),(0.0227409992218018,0.00909599876403809,0.0331110000610352),
(0.022742998123169,0.00890599822998047,0.0332220001220703),(0.0228159980773926,
0.00269299864768982,0.0331110000610352),(0.0228159980773926,0.00269299864768982,
0.0332220001220703),(0.022822998046875,0.00768099880218506,0.0331110000610352),
(0.022822998046875,0.00768099880218506,0.0332220001220703),(0.0228359985351562,
0.0017539986371994,0.0331110000610352),(0.0228359985351562,0.0017539986371994,
0.0332220001220703),(0.0228509979248047,0.00218699860572815,0.0331110000610352),
(0.0228509979248047,0.00218699860572815,0.0332220001220703),(0.0228739986419678,
0.0100079984664917,0.0332220001220703),(0.0228809986114502,0.00199099862575531,
0.0331110000610352),(0.0228809986114502,0.00199099862575531,0.0332220001220703),
(0.0229019985198974,0.00995999813079834,0.0331110000610352),(0.0229529991149902,
0.00378199863433838,0.0331110000610352),(0.0229599990844726,0.00290199851989746,
0.0331110000610352),(0.0229719982147217,0.00132899856567383,0.0332220001220703),
(0.0229719982147217,0.00132899856567383,0.0331110000610352),(0.0229899978637695,
0.00794999837875366,0.0332220001220703),(0.0230239982604981,0.00970799827575684,
0.0332220001220703),(0.0230269985198974,0.003700998544693,0.0332220001220703),
(0.0230329990386963,0.00297399854660034,0.0332220001220703),(0.0230339984893799,
0.00808599853515625,0.0331110000610352),(0.0230559978485107,0.00962099838256836,
0.0331110000610352),(0.0231129989624024,0.00351899862289428,0.0331110000610352),
(0.0231239986419678,0.00316799855232239,0.0332220001220703),(0.0231259994506836,
0.0024819986820221,0.0332220001220703),(0.0231279983520508,0.00922299861907959,
0.0332220001220703),(0.0231289978027343,0.00341999864578247,0.0332220001220703),
(0.0231349983215332,0.00324499869346618,0.0331110000610352),(0.0231419982910156,
0.00898399829864502,0.0331110000610352),(0.0231429977416992,0.00877799892425537,
0.0332220001220703),(0.0231499977111817,0.0015279985666275,0.0331110000610352),
(0.0231599979400635,0.00245299863815308,0.0331110000610352),(0.023201997756958,
0.00160399854183197,0.0332220001220703),(0.0232689990997314,0.00177099859714508,
0.0332220001220703),(0.0232769985198974,0.00221099853515625,0.0331110000610352),
(0.0232769985198974,0.00221099853515625,0.0332220001220703),(0.0232849979400635,
0.00187299859523773,0.0331110000610352),(0.0234189987182617,0.00217899870872498,
0.0275890007019043),(0.0234189987182617,0.00217899870872498,0.0276909999847412),
(0.0234189987182617,0.00732099866867066,0.0275890007019043),(0.0234189987182617,
0.00732099866867066,0.0276909999847412),(0.0235469989776611,0.00893499851226807,
0.0332220001220703),(0.0235509986877441,0.00899399852752686,0.0331110000610352),
(0.0235659980773926,0.0084459981918335,0.0331110000610352),(0.0235659980773926,
0.0084459981918335,0.0332220001220703),(0.0236119995117188,0.00952799892425537,
0.0332220001220703),(0.0236649990081787,0.00806399822235107,0.0331110000610352),
(0.0236999988555908,0.00797199869155884,0.0332220001220703),(0.0237399978637695,
0.00988699817657471,0.0331110000610352),(0.0238619995117188,0.00767599868774414,
0.0331110000610352),(0.0238619995117188,0.00767599868774414,0.0332220001220703),
(0.0238679981231689,0.010068998336792,0.0331110000610352),(0.0238679981231689,
0.010068998336792,0.0332220001220703),(0.0239119987487793,0.00112999856472015,
0.0331110000610352),(0.0239119987487793,0.00112999856472015,0.0332220001220703),
(0.0239119987487793,0.00154299855232239,0.0331110000610352),(0.0239119987487793,
0.00154299855232239,0.0332220001220703),(0.0239499988555908,0.0091039981842041,
0.0331110000610352),(0.0239509983062744,0.00868399906158447,0.0331110000610352),
(0.0239509983062744,0.00894199848175049,0.0332220001220703),(0.0239959983825684,
0.00829099845886231,0.0331110000610352),(0.0239959983825684,0.00829099845886231,
0.0332220001220703),(0.0239969978332519,0.00942799854278564,0.0332220001220703),
(0.0240039978027344,0.0094739990234375,0.0331110000610352),(0.0240089988708496,
0.0102049989700317,0.0331110000610352),(0.0240339984893799,0.0124089984893799,
0.0332220001220703),(0.0240679988861084,0.0102399988174438,0.0332220001220703),
(0.0241229991912842,0.00980499839782715,0.0331110000610352),(0.0241349983215332,
0.00790899848937988,0.0331110000610352),(0.0241349983215332,0.00790899848937988,
0.0332220001220703),(0.0241609992980957,0.00987599849700928,0.0332220001220703),
(0.0242469978332519,0.0103159990310669,0.0331110000610352),(0.0242719993591308,
0.0074159984588623,0.0331110000610352),(0.0242719993591308,0.00741599845886231,
0.0332220001220703),(0.0243069992065429,0.00774899864196777,0.0331110000610352),
(0.0243069992065429,0.00774899864196777,0.0332220001220703),(0.0243609981536865,
0.00112999856472015,0.0331110000610352),(0.0243609981536866,0.00112999856472015,
0.0332220001220703),(0.0243609981536866,0.00154299855232239,0.0331110000610352),
(0.0243609981536866,0.00154299855232239,0.0332220001220703),(0.0243639984130859,
0.0100329990386963,0.0331110000610352),(0.0243639984130859,0.0100329990386963,
0.0332220001220703),(0.0243659992218017,0.0103569984436035,0.0332220001220703),
(0.024576997756958,0.00767099857330322,0.0331110000610352),(0.024576997756958,
0.00767099857330322,0.0332220001220703),(0.0245899982452393,0.0103779983520508,
0.0331110000610352),(0.0245899982452393,0.0103779983520508,0.0332220001220703),
(0.0245989990234375,0.0100759983062744,0.0332220001220703),(0.0245989990234375,
0.0100759983062744,0.0331110000610352),(0.024814998626709,0.00739199876785278,
0.0331110000610352),(0.024814998626709,0.00739199876785278,0.0332220001220703),
(0.024822998046875,0.010354998588562,0.0331110000610352),(0.024826997756958,
0.00772499847412109,0.0332220001220703),(0.024826997756958,0.0077249984741211,
0.0331110000610352),(0.0248709983825684,0.00999799823760986,0.0332220001220703),
(0.0248709983825684,0.00999799823760987,0.0331110000610352),(0.0249329986572265,
0.0103179988861084,0.0332220001220703),(0.0249619979858399,0.00368999862670898,
0.0331110000610352),(0.0249619979858399,0.00368999862670898,0.0332220001220703),
(0.0249619979858399,0.00403599882125855,0.0331110000610352),(0.0249619979858399,
0.00403599882125855,0.0332220001220703),(0.0250369987487793,0.00789999866485596,
0.0332220001220703),(0.0250459995269775,0.00983899879455566,0.0331110000610352),
(0.0250459995269775,0.00983899879455566,0.0332220001220703),(0.0250739994049073,
0.00796999835968018,0.0331110000610352),(0.0251139984130859,0.00750999879837036,
0.0331110000610352),(0.0251139984130859,0.00750999879837036,0.0332220001220703),
(0.0251319980621338,0.0102219982147217,0.0331110000610352),(0.0251849994659424,
0.00945599842071533,0.0331110000610352),(0.0251849994659424,0.00945599842071533,
0.0332220001220703),(0.0252169990539551,0.00846999835968018,0.0331110000610352),
(0.0252169990539551,0.00846999835968018,0.0332220001220703),(0.0252219982147217,
0.0101629981994629,0.0332220001220703),(0.0253139991760254,0.00768099880218506,
0.0332220001220703),(0.0253639984130859,0.0100079984664917,0.0332220001220703),
(0.0253929977416992,0.00995999813079834,0.0331110000610352),(0.0254109992980957,
0.00112999856472015,0.0331110000610352),(0.0254109992980957,0.00112999856472015,
0.0332220001220703),(0.0254429988861084,0.00786399841308594,0.0331110000610352),
(0.0254429988861084,0.00786399841308594,0.0332220001220703),(0.0254899978637695,
0.0017079986333847,0.0331110000610352),(0.0255439987182617,0.00812899875640869,
0.0331110000610352),(0.0255599994659424,0.00952899837493897,0.0332220001220703),
(0.025568998336792,0.00822099876403809,0.0332220001220703),(0.0255849990844727,
0.00945999813079834,0.0331110000610352),(0.0255939979553222,0.00205999851226807,
0.0332220001220703),(0.0256229991912842,0.00856699848175049,0.0332220001220703),
(0.0256339988708496,0.00877799892425537,0.0331110000610352),(0.0256339988708496,
0.00898399829864502,0.0332220001220703),(0.0257279987335205,0.00166499865055084,
0.0275890007019043),(0.0257279987335205,0.00166499865055084,0.0276909999847412),
(0.0257279987335205,0.00217899870872498,0.0275890007019043),(0.0257279987335205,
0.00217899870872498,0.0276909999847412),(0.0257279987335205,0.00732099866867065,
0.0276909999847412),(0.0257279987335205,0.00732099866867066,0.0275890007019043),
(0.0257279987335205,0.0078349986076355,0.0275890007019043),(0.0257279987335205,
0.0078349986076355,0.0276909999847412),(0.0257389984130859,0.00245499849319458,
0.0331110000610352),(0.0257636489868164,0.00166796863079071,0.0275890007019043),
(0.0257639884948731,0.00166799855232239,0.0276909999847412),(0.0257641887664795,
0.00166801857948303,0.0276909999847412),(0.0257707195281982,0.00166867864131928,
0.0275890007019043),(0.0258139991760254,0.00262999868392944,0.0332220001220703),
(0.0258169994354248,0.00112999856472015,0.0331110000610352),(0.0258169994354248,
0.00112999856472015,0.0332220001220703),(0.0258979988098145,0.00168699860572815,
0.0332220001220703),(0.025931999206543,0.00181299865245819,0.0331110000610352),
(0.0260529994964599,0.00305599856376648,0.0331110000610352),(0.0260869979858398,
0.00227299857139588,0.0332220001220703),(0.026136999130249,0.00318999862670898,
0.0332220001220703),(0.0261459980010986,0.00742099857330322,0.0331110000610352),
(0.0261459980010986,0.00742099857330322,0.0332220001220703),(0.0261459980010986,
0.00955399894714355,0.0331110000610352),(0.0261459980010986,0.00955399894714355,
0.0332220001220703),(0.0261719989776611,0.0024599986076355,0.0331110000610352),
(0.0261809978485108,0.00221599864959717,0.0275890007019043),(0.0261809978485108,
0.00221599864959717,0.0276909999847412),(0.0262750492095947,0.00171000862121582,
0.0276909999847412),(0.0262767086029053,0.00171025860309601,0.0275890007019043),
(0.0262800483703613,0.00171100854873657,0.0276909999847412),(0.0262816581726074,
0.00171125864982605,0.0275890007019043),(0.026306037902832,0.00171800863742829,
0.0276909999847412),(0.0263061790466308,0.00171804857254028,0.0276909999847412),
(0.0263074092864991,0.00171818864345551,0.0275890007019043),(0.0263124980926514,
0.00171966862678528,0.0275890007019043),(0.0264499988555908,0.00776199865341187,
0.0275890007019043),(0.0264499988555908,0.00776199865341187,0.0276909999847412),
(0.0264979991912842,0.00925499820709228,0.0332220001220703),(0.0264979991912842,
0.00925499820709229,0.0331110000610352),(0.0264979991912842,0.00955399894714355,
0.0332220001220703),(0.0264979991912842,0.00955399894714356,0.0331110000610352),
(0.0265149993896484,0.00309299850463867,0.0331110000610352),(0.0265149993896484,
0.00309299850463867,0.0332220001220703),(0.026531997680664,0.00368999862670898,
0.0331110000610352),(0.026531997680664,0.00368999862670898,0.0332220001220703),
(0.0265389995574951,0.00742099857330322,0.0331110000610352),(0.0265389995574951,
0.00742099857330322,0.0332220001220703),(0.0265449981689453,0.00864099884033203,
0.0331110000610352),(0.0265449981689453,0.00864099884033203,0.0332220001220703),
(0.0266132392883301,0.00718731880187988,0.0275890007019043),(0.0266217479705811,
0.00718603849411011,0.0276909999847412),(0.026621997833252,0.0090099983215332,
0.0331110000610352),(0.026621997833252,0.0090099983215332,0.0332220001220703),
(0.0266220378875733,0.0071859884262085,0.0276909999847412),(0.0266233787536621,
0.0071854887008667,0.0275890007019043),(0.0266701583862304,0.00236749863624573,
0.0275890007019043),(0.0266748580932617,0.00236895871162415,0.0276909999847412),
(0.0266750984191894,0.00236902856826782,0.0276909999847412),(0.026678539276123,
0.00237009859085083,0.0275890007019043),(0.0266909980773926,0.00943699836730957,
0.0332220001220703),(0.0267889995574951,0.00950699901580811,0.0331110000610352),
(0.026806999206543,0.00920899868011475,0.0331110000610352),(0.026806999206543,
0.00920899868011475,0.0332220001220703),(0.0268590278625489,0.00186000859737396,
0.0276909999847412),(0.0268600883483887,0.00186026859283448,0.0275890007019043),
(0.0269699993133545,0.00188799858093262,0.0275890007019043),(0.0269699993133545,
0.00188799858093262,0.0276909999847412),(0.0270369987487793,0.00248099851608276,
0.0275890007019043),(0.0270369987487793,0.00248099851608276,0.0276909999847412),
(0.0270369987487793,0.00375399851799011,0.0331110000610352),(0.0270369987487793,
0.00375399851799011,0.0332220001220703),(0.0270369987487793,0.00403599882125855,
0.0331110000610352),(0.0270369987487793,0.00403599882125855,0.0332220001220703),
(0.0270959987640381,0.00959099864959717,0.0332220001220703),(0.0271679992675782,
0.00695377874374389,0.0275890007019043),(0.0271718788146973,0.00695204877853394,
0.0276909999847412),(0.0271721782684326,0.00695185852050781,0.0276909999847412),
(0.0271781787872315,0.00694716882705689,0.0275890007019043),(0.027201997756958,
0.0096019983291626,0.0331110000610352),(0.027212999343872,0.00928299903869629,
0.0331110000610352),(0.027212999343872,0.00928299903869629,0.0332220001220703),
(0.0272609977722168,0.00407499837875367,0.0331110000610352),(0.0272609977722168,
0.00407499837875367,0.0332220001220703),(0.0274015884399414,0.00741443872451782,
0.0275890007019043),(0.0274107284545899,0.00741109848022461,0.0276909999847412),
(0.0274110984802246,0.00741093873977661,0.0276909999847412),(0.0274144382476806,
0.00740897846221924,0.0275890007019043),(0.0274209995269775,0.00958099842071533,
0.0331110000610352),(0.0274230995178222,0.00679590845108032,0.0276909999847412),
(0.0274267177581787,0.0067926983833313,0.0275890007019043),(0.0274289989471436,
0.00916799831390381,0.0331110000610352),(0.0274289989471436,0.00916799831390381,
0.0332220001220703),(0.0274609985351562,0.00210599851608277,0.0275890007019043),
(0.0274609985351562,0.00210599851608277,0.0276909999847412),(0.0274748592376709,
0.00211490869522094,0.0275890007019043),(0.0274749984741211,0.00211499857902527,
0.0276909999847412),(0.0274750785827637,0.00211504864692688,0.0276909999847412),
(0.0274750785827637,0.00738294839859009,0.0276909999847412),(0.0274778079986573,
0.00211673855781555,0.0275890007019043),(0.0274778079986573,0.00738125848770142,
0.0275890007019043),(0.0274989986419678,0.00902299880981445,0.0332220001220703),
(0.0275229988098145,0.00954199886322022,0.0332220001220703),(0.0275259990692138,
0.00742099857330322,0.0331110000610352),(0.0275259990692138,0.00880799865722656,
0.0331110000610352),(0.0275259990692139,0.00742099857330322,0.0332220001220703),
(0.0275259990692139,0.00880799865722656,0.0332220001220703),(0.0275379981994629,
0.00279299855232239,0.0275890007019043),(0.0275379981994629,0.00279299855232239,
0.0276909999847412),(0.0275381183624268,0.00279310870170593,0.0276909999847412),
(0.0275420589447022,0.00279694867134094,0.0275890007019043),(0.027685998916626,
0.00945399856567383,0.0331110000610352),(0.0277199993133545,0.00407499837875366,
0.0331110000610352),(0.0277199993133545,0.00407499837875367,0.0332220001220703),
(0.0277469978332519,0.00940499877929687,0.0332220001220703),(0.0277570095062256,
0.00651397848129273,0.0276909999847412),(0.0277574481964111,0.00651345872879028,
0.0275890007019043),(0.027761999130249,0.00720499849319458,0.0275890007019043),
(0.027761999130249,0.00720499849319458,0.0276909999847412),(0.027852108001709,
0.00236825871467591,0.0275890007019043),(0.0278529777526856,0.00236897850036621,
0.0276909999847412),(0.0278579978942871,0.0092289981842041,0.0331110000610352),
(0.0278579978942871,0.0092289981842041,0.0332220001220703),(0.0278919486999512,
0.00239469861984253,0.0275890007019043),(0.0278931884765625,0.00239567852020263,
0.0276909999847412),(0.0279174594879151,0.00241677856445312,0.0275890007019043),
(0.0279189491271973,0.0024179584980011,0.0276909999847412),(0.0279190979003906,
0.00241808867454529,0.0276909999847412),(0.0279199981689453,0.00742099857330322,
0.0331110000610352),(0.0279199981689453,0.00742099857330322,0.0332220001220703),
(0.0279209995269776,0.00871799850463867,0.0332220001220703),(0.0279219989776611,
0.00877599906921387,0.0331110000610352),(0.0279226093292237,0.00242126870155335,
0.0275890007019043),(0.0280036087036133,0.00697031879425049,0.0275890007019043),
(0.0280040092468261,0.00618173837661743,0.0275890007019043),(0.0280054779052734,
0.00326630854606628,0.0275890007019043),(0.0280059280395508,0.00696806859970093,
0.0276909999847412),(0.0280059394836426,0.00617907857894898,0.0276909999847412),
(0.028005989074707,0.00326697850227356,0.0276909999847412),(0.0280060787200928,
0.00249706864356995,0.0276909999847412),(0.0280087585449219,0.00249949860572815,
0.0275890007019043),(0.0280440979003906,0.00330590867996216,0.0275890007019043),
(0.0280449695587158,0.00330696868896484,0.0276909999847412),(0.0280450592041015,
0.00330709862709046,0.0276909999847412),(0.0280471591949463,0.00331055855751038,
0.0275890007019043),(0.028064058303833,0.00255005860328675,0.0276909999847412),
(0.0280661888122558,0.00255197858810425,0.0275890007019043),(0.0280809993743897,
0.00913999843597412,0.0331110000610352),(0.0280809993743897,0.00913999843597412,
0.0332220001220703),(0.0281289978027344,0.0094789981842041,0.0332220001220703),
(0.0282429981231689,0.00924099826812744,0.0331110000610352),(0.0282429981231689,
0.00924099826812744,0.0332220001220703),(0.0282459983825683,0.00952599906921387,
0.0331110000610352),(0.0282614593505859,0.00583417844772339,0.0275890007019043),
(0.028265869140625,0.00582817840576172,0.0276909999847412),(0.0282659988403321,
0.00582799863815308,0.0275890007019043),(0.0282659988403321,0.00582799863815308,
0.0276909999847412),(0.0282879981994629,0.00275199866294861,0.0275890007019043),
(0.0282879981994629,0.00275199866294861,0.0276909999847412),(0.0283283786773682,
0.0037967586517334,0.0275890007019043),(0.0283289794921875,0.00379795861244201,
0.0276909999847412),(0.0283290481567383,0.00379818868637085,0.0276909999847412),
(0.0283305892944336,0.00380460858345032,0.0275890007019043),(0.0283986988067627,
0.00658710861206055,0.0275890007019043),(0.0284048194885254,0.00658116865158081,
0.0276909999847412),(0.0284078178405761,0.00293419861793518,0.0275890007019043),
(0.0284089679718017,0.00293594861030578,0.0276909999847412),(0.0284091186523438,
0.00293618869781494,0.0276909999847412),(0.0284133090972901,0.00294256854057312,
0.0275890007019043),(0.0284244289398193,0.00544082880020142,0.0275890007019043),
(0.0284259490966797,0.00543710851669312,0.0276909999847412),(0.0284260082244873,
0.00543695878982544,0.0276909999847412),(0.0284260177612305,0.00406210851669311,
0.0276909999847412),(0.0284263076782226,0.00543566846847534,0.0275890007019043),
(0.0284266395568848,0.00406601858139038,0.0275890007019043),(0.0284650478363037,
0.0065227484703064,0.0275890007019043),(0.0284717979431153,0.006516188621521,
0.0276909999847412),(0.0284720382690429,0.00651594877243042,0.0276909999847412),
(0.0284732780456543,0.00651425838470459,0.0275890007019043),(0.0284879989624023,
0.0092889986038208,0.0331110000610352),(0.0284879989624023,0.0092889986038208,
0.0332220001220703),(0.0284909992218018,0.00433303880691529,0.0276909999847412),
(0.0284909992218018,0.00433436870574951,0.0275890007019043),(0.0285029983520508,
0.00112999856472015,0.0331110000610352),(0.0285029983520508,0.00112999856472015,
0.0332220001220703),(0.0285130195617676,0.0064729585647583,0.0276909999847412),
(0.0285138778686524,0.00647167873382568,0.0275890007019043),(0.0285223579406738,
0.0048930287361145,0.0275890007019043),(0.0285226879119873,0.00488492870330811,
0.0275890007019043),(0.0285229778289795,0.00488911867141724,0.0276909999847412),
(0.0285229892730713,0.00488887882232666,0.0276909999847412),(0.0285759983062744,
0.0096019983291626,0.0332220001220703),(0.0285959987640381,0.009600998878479,
0.0331110000610352),(0.0287219982147217,0.00145399856567383,0.0332220001220703),
(0.0287219982147217,0.00145399856567383,0.0331110000610352),(0.0287239990234375,
0.00923099899291992,0.0331110000610352),(0.0287239990234375,0.00923099899291992,
0.0332220001220703),(0.0288347091674804,0.00591715860366821,0.0275890007019043),
(0.0288369293212891,0.00591311836242676,0.0276909999847412),(0.0288369979858399,
0.00591298866271973,0.0276909999847412),(0.0288371181488037,0.00591277837753296,
0.0275890007019043),(0.0288489990234375,0.0036069986820221,0.0275890007019043),
(0.0288489990234375,0.0036069986820221,0.0276909999847412),(0.0288489990234375,
0.00589099836349487,0.0275890007019043),(0.0288489990234375,0.00589099836349487,
0.0276909999847412),(0.028856918334961,0.00363076853752137,0.0275890007019043),
(0.0288569984436035,0.00363098859786988,0.0276909999847412),(0.0288570384979248,
0.0036311285495758,0.0276909999847412),(0.0288584480285644,0.00363546848297119,
0.0275890007019043),(0.0288629989624023,0.00907699871063232,0.0331110000610352),
(0.0288629989624023,0.00907699871063232,0.0332220001220703),(0.0288949985504151,
0.00193499863147735,0.0331110000610352),(0.0288949985504151,0.00193499863147735,
0.0332220001220703),(0.0288949985504151,0.00955099868774414,0.0331110000610352),
(0.0288949985504151,0.00955099868774414,0.0332220001220703),(0.0289019985198974,
0.00742099857330322,0.0331110000610352),(0.0289019985198974,0.00742099857330322,
0.0332220001220703),(0.0289019985198974,0.00876499843597412,0.0331110000610352),
(0.0289019985198974,0.00876499843597412,0.0332220001220703),(0.0289389991760254,
0.00112999856472015,0.0331110000610352),(0.0289389991760254,0.00112999856472015,
0.0332220001220703),(0.0290406494140625,0.00424048852920533,0.0275890007019043),
(0.0290409889221191,0.00424195861816406,0.0276909999847412),(0.0290446090698242,
0.00427316856384278,0.0275890007019043),(0.0290449886322021,0.00427494859695435,
0.0276909999847412),(0.0290450077056885,0.00427512836456299,0.0276909999847412),
(0.0290453681945801,0.00427964878082276,0.0275890007019043),(0.0290570087432862,
0.00447507858276367,0.0276909999847412),(0.0290572586059571,0.00447768878936768,
0.0275890007019043),(0.0290698184967041,0.00497307872772217,0.0275890007019043),
(0.0290719394683838,0.00496425867080689,0.0276909999847412),(0.0290719985961914,
0.00472700881958008,0.0276909999847412),(0.0290719985961914,0.00496393871307373,
0.0276909999847412),(0.0290721092224121,0.00472722864151001,0.0275890007019043),
(0.0290721092224121,0.00496189880371094,0.0275890007019043),(0.029072998046875,
0.00473699855804443,0.0276909999847412),(0.0290730991363525,0.00473712873458862,
0.0275890007019043),(0.0290829982757569,0.00490644836425781,0.0275890007019043),
(0.0290829982757569,0.00490795850753784,0.0276909999847412),(0.0291079978942871,
0.00942299842834472,0.0331110000610352),(0.0291079978942871,0.00942299842834473,
0.0332220001220703),(0.0292769985198975,0.00909399890899658,0.0331110000610352),
(0.0292929992675781,0.00888599872589112,0.0332220001220703),(0.0292929992675782,
0.00742099857330322,0.0331110000610352),(0.0292929992675782,0.00742099857330322,
0.0332220001220703),(0.0292929992675782,0.00888599872589112,0.0331110000610352),
(0.0295749988555908,0.00742099857330322,0.0331110000610352),(0.0295749988555908,
0.00742099857330322,0.0332220001220703),(0.0297609977722168,0.00407499837875366,
0.0331110000610352),(0.0297609977722168,0.00407499837875367,0.0332220001220703),
(0.0300249977111816,0.00742099857330322,0.0331110000610352),(0.0300249977111816,
0.00742099857330322,0.0332220001220703),(0.030193998336792,0.00407499837875366,
0.0331110000610352),(0.030193998336792,0.00407499837875367,0.0332220001220703),
(0.0303779983520508,0.00831299877166748,0.0331110000610352),(0.0303779983520508,
0.00831299877166748,0.0332220001220703),(0.0304999980926513,0.0086309986114502,
0.0331110000610352),(0.0304999980926513,0.0086309986114502,0.0332220001220703),
(0.030806999206543,0.0103649988174438,0.0332220001220703),(0.030806999206543,
0.0103649988174438,0.0331110000610352),(0.0308969993591308,-0.00294300150871277,
0.0276909999847412),(0.0308969993591308,-0.00294300150871277,0.0276940002441406),
(0.0308969993591308,0.00421699857711792,0.0276909999847412),(0.0308969993591308,
0.0152419986724854,0.0276909999847412),(0.0308969993591308,0.0152419986724854,
0.0276940002441406),(0.0310249977111817,0.0100559988021851,0.0331110000610352),
(0.0310249977111817,0.0100559988021851,0.0332220001220703),(0.0312639980316162,
0.0103649988174438,0.0331110000610352),(0.0312639980316162,0.0103649988174438,
0.0332220001220703),(0.0315869979858398,0.0086309986114502,0.0331110000610352),
(0.0315869979858398,0.0086309986114502,0.0332220001220703),(0.0317179985046387,
0.00831299877166748,0.0331110000610352),(0.0317179985046387,0.00831299877166748,
0.0332220001220703),(0.0320919990539551,0.00742099857330322,0.0331110000610352),
(0.0320919990539551,0.00742099857330322,0.0332220001220703),(0.0325760002136231,
0.00742099857330322,0.0331110000610352),(0.0325760002136231,0.00742099857330322,
0.0332220001220703),(0.0328649978637695,0.00742099857330322,0.0331110000610352),
(0.0328649978637695,0.00742099857330322,0.0332220001220703),(0.0328649978637695,
0.0103649988174438,0.0331110000610352),(0.0328649978637695,0.0103649988174438,
0.0332220001220703),(0.033257999420166,0.00742099857330322,0.0331110000610352),
(0.033257999420166,0.00742099857330322,0.0332220001220703),(0.033257999420166,
0.00930899906158447,0.0331110000610352),(0.033257999420166,0.00930899906158447,
0.0332220001220703),(0.033257999420166,0.0103649988174438,0.0331110000610352),
(0.033257999420166,0.0103649988174438,0.0332220001220703),(0.0332649993896484,
0.00868799877166748,0.0331110000610352),(0.0332649993896484,0.00868799877166748,
0.0332220001220703),(0.0333239974975586,0.00898099899291992,0.0331110000610352),
(0.0333459968566895,0.00901699829101562,0.0332220001220703),(0.0334949989318848,
0.00948899841308594,0.0331110000610352),(0.0334949989318848,0.00948899841308594,
0.0332220001220703),(0.0335439987182617,0.00920799827575684,0.0331110000610352),
(0.0335439987182617,0.00920799827575684,0.0332220001220703),(0.0336419982910157,
0.00925099849700928,0.0331110000610352),(0.0336419982910157,0.00925099849700928,
0.0332220001220703),(0.0338439979553222,0.00958999824523926,0.0332220001220703),
(0.0339539985656738,0.0096019983291626,0.0331110000610352),(0.0340469970703125,
0.00926999855041504,0.0331110000610352),(0.0340469970703125,0.00926999855041504,
0.0332220001220703),(0.0341839981079102,0.00958099842071533,0.0332220001220703),
(0.0342360000610352,0.0091639986038208,0.0331110000610352),(0.0342360000610352,
0.0091639986038208,0.0332220001220703),(0.034338996887207,0.0089789981842041,
0.0332220001220703),(0.0343619995117187,0.00742099857330322,0.0331110000610352),
(0.0343619995117187,0.00742099857330322,0.0332220001220703),(0.0343619995117187,
0.00877299880981445,0.0331110000610352),(0.0343619995117187,0.00877299880981445,
0.0332220001220703),(0.0344709968566895,0.00946499824523926,0.0331110000610352),
(0.0345389976501465,0.00941999816894531,0.0332220001220703),(0.0346879997253418,
0.00921199893951416,0.0331110000610352),(0.0346879997253418,0.00921199893951416,
0.0332220001220703),(0.0347489967346191,0.00896299839019775,0.0332220001220703),
(0.0347529983520508,0.00886799812316895,0.0331110000610352),(0.0347569999694824,
0.00742099857330322,0.0331110000610352),(0.0347569999694824,0.00742099857330322,
0.0332220001220703),(0.0351909980773926,-0.0124570016860962,0.0306529998779297),
(0.0351909980773926,-0.0124400014877319,0.0300100002288818),(0.0351909980773926,
-0.0123810014724731,0.0297180004119873),(0.0351909980773926,-0.012346001625061,
0.0313069992065429),(0.0351909980773926,-0.0121940011978149,0.0317129993438721),
(0.0351909980773926,-0.0120910015106201,0.0290109996795655),(0.0351909980773926,
-0.0118280010223389,0.0286259994506836),(0.0351909980773926,-0.0116600017547607,
0.0324770011901855),(0.0351909980773926,-0.011399001121521,0.0282099990844727),
(0.0351909980773926,-0.0109270009994507,0.032992000579834),(0.0351909980773926,
-0.010766001701355,0.0278540000915528),(0.0351909980773926,-0.0106550016403198,
0.0330989990234375),(0.0351909980773926,-0.0103350009918213,0.027738000869751),
(0.0351909980773926,-0.0101820011138916,0.0332050018310547),(0.0351909980773926,
-0.00990300178527832,0.0276940002441406),(0.0351909980773926,-0.00990300178527832,
0.0332220001220703),(0.0351909980773926,0.019402997970581,0.0276940002441406),
(0.0351909980773926,0.0196809978485107,0.0332050018310547),(0.0351909980773926,
0.0198349990844727,0.027738000869751),(0.0351909980773926,0.0199299983978271,
0.0331619987487793),(0.0351909980773926,0.0202649993896484,0.0278540000915528),
(0.0351909980773926,0.0202989978790283,0.0330460014343261),(0.0351909980773926,
0.0206459980010986,0.0328720016479492),(0.0351909980773926,0.0208699989318848,
0.0281919994354248),(0.0351909980773926,0.0210569992065429,0.032568000793457),
(0.0351909980773926,0.0212489986419677,0.0285389995574951),(0.0351909980773926,
0.0213849983215332,0.0322150001525879),(0.0351909980773926,0.0215309982299804,
0.0289069995880127),(0.0351909980773926,0.0217119979858398,0.02925),(0.0351909980773926,
0.0217869987487793,0.031492000579834),(0.0351909980773926,0.0219099979400635,
0.0298640003204345),(0.0351909980773926,0.0219709987640381,0.0304200000762939),
(0.0352029991149903,0.019402997970581,0.0332220001220703),(0.0353359985351563,
0.021810998916626,0.0295020008087158),(0.0353799972534179,-0.0124610013961792,
0.0302709999084473),(0.0353799972534179,0.0219599990844727,0.0302709999084473),
(0.0353889999389649,0.021636999130249,0.0318050003051758),(0.0354289970397949,
-0.0120430011749268,0.0289430007934571),(0.0354939994812012,0.019402997970581,
0.0277099990844727),(0.0355039978027344,-0.0124530010223389,0.0305750007629394),
(0.0355270004272461,-0.0106690015792847,0.0330750007629395),(0.0355340003967285,
-0.0103640012741089,0.0277590007781983),(0.035564998626709,-0.0109400014877319,
0.0279549999237061),(0.035564998626709,0.020439998626709,0.0279549999237061),
(0.035572998046875,-0.0118920011520386,0.0287469997406006),(0.035572998046875,
0.0213909988403321,0.0287469997406006),(0.0355859985351563,-0.0114600009918213,
0.0282919998168946),(0.0355879974365235,-0.0124210014343262,0.0300669994354248),
(0.0355970001220703,0.0219459991455078,0.0305),(0.0356009979248047,0.0217259979248047,
0.0293519992828369),(0.0356419982910156,-0.0115780010223389,0.0325009994506836),
(0.035648998260498,-0.0119810018539429,0.0320159988403321),(0.0356499977111817,
0.0200009994506836,0.0331040000915528),(0.0356779975891114,0.0205969982147217,
0.0328540000915528),(0.0356929969787598,0.0219119987487793,0.0307959995269775),
(0.0357029991149903,0.0215709991455078,0.0318540000915528),(0.0357119979858398,
0.0212169990539551,0.028568000793457),(0.0357249984741211,-0.0122070016860962,
0.0315489997863769),(0.0357349967956543,-0.0123300018310547,0.0311809997558594),
(0.0357439994812011,0.0209989986419678,0.0325499992370605),(0.0357439994812011,
0.0213489990234375,0.0321739997863769),(0.0357649993896485,0.019402997970581,
0.0277530002593994),(0.035765998840332,-0.0111210012435913,0.0328219985961914),
(0.0357809982299804,-0.0124140014648437,0.0303810005187989),(0.0357899971008301,
-0.0123520011901855,0.029867000579834),(0.0357899971008301,-0.0120210018157959,
0.0290170001983642),(0.0357899971008301,0.0218499984741211,0.029867000579834),
(0.0358299980163575,-0.0110190010070801,0.028048999786377),(0.0358299980163575,
0.019402997970581,0.0331489982604981),(0.0358299980163575,0.021810998916626,
0.031173999786377),(0.0358639984130859,-0.00990300178527832,0.0331389999389649),
(0.035882999420166,-0.0114500017166138,0.0325519981384277),(0.0358939971923828,
0.0196969985961914,0.0278010005950928),(0.0359219970703125,0.021882999420166,
0.0304580001831054),(0.035939998626709,0.0213579978942871,0.0288339996337891),
(0.0359429969787598,-0.0123810014724731,0.0304680004119873),(0.0359549980163575,
-0.0105720014572144,0.0279029998779297),(0.0359569969177246,-0.011766001701355,
0.0287080001831054),(0.035958999633789,0.0205499992370606,0.0281079998016357),
(0.0359629974365235,0.0216019992828369,0.0316630001068115),(0.0359720001220703,
0.0208099994659424,0.0282770004272461),(0.0359860000610351,-0.0122550010681152,
0.0296730003356933),(0.0359860000610351,0.0217539978027344,0.0296730003356933),
(0.036004997253418,0.020738998413086,0.0326730003356933),(0.0360099983215332,
0.0197309989929199,0.0330730018615722),(0.0360149993896485,-0.010234001159668,
0.0278430004119873),(0.0360779991149903,0.0218409976959228,0.0304580001831054),
(0.0360949974060059,-0.0116750011444092,0.0322509994506836),(0.0361369972229004,
0.0197689990997314,0.027886999130249),(0.0361639976501465,-0.0109760017395019,
0.0327739982604981),(0.0361679992675782,-0.00990300178527832,0.0278689994812012),
(0.0361689987182618,0.0212759990692138,0.0320730018615722),(0.0362129974365235,
-0.0120590009689331,0.0293519992828369),(0.0362150001525879,-0.0111060018539429,
0.028238000869751),(0.0362229995727539,-0.011359001159668,0.0284209995269775),
(0.0362379989624023,0.0217389984130859,0.0299519996643067),(0.0362449989318848,
-0.0121390018463135,0.0313299999237061),(0.0362489967346191,0.019402997970581,
0.0278990001678467),(0.0362509994506836,0.0214829978942871,0.0292159996032715),
(0.0362759971618652,0.0217709980010986,0.0304699993133545),(0.0362789993286133,
0.0209809989929199,0.0285699996948242),(0.036281997680664,-0.0122710018157959,
0.0304860000610351),(0.0363009986877442,-0.011806001663208,0.0289610004425049),
(0.0363199996948242,0.0197459983825683,0.0329599990844726),(0.0363199996948242,
0.020363998413086,0.0281529998779297),(0.0363330001831055,-0.0115220012664795,
0.0322849998474121),(0.036338996887207,-0.0104520015716553,0.0329029998779297),
(0.0363579978942871,-0.0107980012893677,0.0327739982604981),(0.0363659973144531,
-0.00990300178527832,0.0329659996032715),(0.036382999420166,0.0217119979858398,
0.0301550006866455),(0.0364009971618652,-0.0117730016708374,0.0319169998168945),
(0.0364109992980957,0.019402997970581,0.0329440002441406),(0.036439998626709,
0.0201089992523193,0.0328069992065429),(0.0364440002441406,0.0208759994506836,
0.0323450012207031),(0.0364519996643067,-0.0104820013046265,0.0280779991149902),
(0.0364869995117187,0.021636999130249,0.0308990001678467),(0.0365009994506836,
0.0214669990539551,0.0314669990539551),(0.0365270004272461,0.0215389976501465,
0.0297040004730224),(0.0365349998474121,0.0212159976959228,0.0290289993286133),
(0.0365429992675782,0.0216519985198974,0.0304349994659424),(0.0365559997558594,
0.0195849990844726,0.0280559997558594),(0.0365719985961914,0.0211589984893799,
0.0319370002746582),(0.0366069984436035,0.0198729991912842,0.0281280002593994),
(0.0366219978332519,-0.011891001701355,0.0294400005340576),(0.0366349983215332,
-0.00990300178527832,0.032826000213623),(0.0366359977722168,-0.0120760011672974,
0.0308199996948242),(0.036666000366211,-0.00990300178527832,0.0281089992523193),
(0.0366839981079101,-0.0120720014572144,0.0303409996032715),(0.0366909980773926,
-0.0104020013809204,0.0327249984741211),(0.0367129974365235,0.019402997970581,
0.0281410007476806),(0.0367389984130859,-0.0110500011444092,0.0285230007171631),
(0.0367389984130859,0.0205499992370606,0.0285230007171631),(0.0367459983825683,
-0.0115220012664795,0.0319529991149902),(0.0367509994506836,0.0215309982299804,
0.0303729991912842),(0.0367700004577637,0.0198239994049073,0.032689998626709),
(0.0367889976501465,0.019402997970581,0.0327229995727539),(0.0367929992675782,
-0.0114090013504028,0.0288770008087158),(0.0367929992675782,0.0209079990386963,
0.0288770008087158),(0.0368219985961914,0.0206739978790283,0.0322360000610351),
(0.0368249969482422,-0.0101880016326904,0.0326769981384277),(0.0368299980163575,
0.0212039985656738,0.0293449993133545),(0.036830997467041,-0.0112190017700195,
0.0321889991760254),(0.0368330001831055,-0.010851001739502,0.0324370002746582),
(0.0368559989929199,0.0214129981994629,0.0299640007019043),(0.0368589973449707,
-0.0116120014190674,0.0292199993133545),(0.0368649978637696,0.0213019981384278,
0.0312889995574951),(0.0368859977722168,0.0214169979095459,0.0308479995727539),
(0.036898998260498,-0.0105430011749268,0.0283869991302491),(0.0369099998474121,
-0.0118400011062622,0.0298320007324219),(0.0369289970397949,0.0199099979400635,
0.0283649997711182),(0.0369370002746582,-0.0116930017471313,0.0314319992065429),
(0.0369549980163575,0.0200039978027344,0.0325040016174317),(0.0370259971618652,
0.0203419990539551,0.0322799987792969),(0.0370349998474121,0.0212409992218018,
0.0298220005035401),(0.0370509986877442,-0.0117820014953613,0.030867000579834),
(0.0370519981384277,0.0209339981079102,0.0316959991455078),(0.0370569992065429,
-0.0114270009994507,0.0317000007629395),(0.037056999206543,-0.0118180017471313,
0.0303910007476807),(0.0371009979248047,-0.00990300178527832,0.0284360008239746),
(0.0371009979248047,0.019402997970581,0.0284360008239746),(0.0371029968261719,
-0.00990300178527832,0.0324770011901855),(0.0371040000915527,-0.0110540018081665,
0.028875),(0.0371049995422364,0.0206709995269776,0.0289780006408691),(0.0371419982910156,
0.0212349987030029,0.0302919998168946),(0.0371639976501465,-0.0116860017776489,
0.0300690002441407),(0.0371669998168946,0.0198809986114502,0.0323470001220703),
(0.0371849975585937,-0.0104430017471313,0.0323030014038086),(0.0371919975280761,
0.0210959987640381,0.0310930004119873),(0.0371959991455078,0.02042799949646,
0.0288819999694825),(0.037201000213623,0.019402997970581,0.0323769989013672),
(0.0372269973754883,-0.011600001335144,0.030871000289917),(0.0372439994812012,
-0.0112230014801025,0.031681999206543),(0.037254997253418,0.0208579978942871,
0.0294389991760254),(0.0373029975891113,-0.0102080011367798,0.0322360000610351),
(0.0373109970092773,-0.0109050016403198,0.0318999996185303),(0.0373109970092773,
0.0199099979400635,0.028742000579834),(0.0373499984741211,-0.00990300178527832,
0.0287000007629394),(0.0373559989929199,0.0197529983520508,0.0321689987182617),
(0.037371997833252,-0.0109050016403198,0.0291060009002686),(0.0373819999694824,
0.0209309978485108,0.030951000213623),(0.0374149971008301,-0.0101360015869141,
0.0287970008850097),(0.0374149971008301,0.0196339988708496,0.0287970008850097),
(0.0374189987182617,-0.00990300178527832,0.032125),(0.0374189987182617,
0.0209449977874756,0.0303150005340576),(0.0374230003356934,-0.0113700017929077,
0.0299419994354248),(0.0374389991760254,-0.0111060018539429,0.0294479999542237),
(0.0374489974975586,0.0206389980316162,0.0313990001678467),(0.0374539985656739,
0.0203879985809326,0.0292220001220703),(0.037455997467041,-0.0106750011444092,
0.0318479995727539),(0.0374569969177246,0.0203759994506836,0.0316979999542237),
(0.0374959983825683,-0.0105120010375977,0.0290429992675782),(0.0374979972839356,
-0.0113570013046265,0.0304249992370605),(0.037507999420166,0.019402997970581,
0.0320089988708496),(0.0375209999084472,0.0207459983825683,0.0299440002441407),
(0.0375340003967285,-0.0111690015792847,0.0311040000915528),(0.0375529975891113,
0.0207149982452393,0.0308579998016358),(0.0375769996643067,-0.0104360017776489,
0.0317789993286133),(0.0375970001220703,0.019402997970581,0.0290510005950928),
(0.0375999984741211,-0.00990300178527832,0.0290559997558594),(0.0376019973754883,
0.0200299987792969,0.0316909999847412),(0.0376079978942871,-0.0112020015716553,
0.0304580001831054),(0.0376159973144531,-0.0101370010375977,0.0318169994354248),
(0.0376259994506836,-0.0108710012435913,0.0313299999237061),(0.0376459999084472,
0.0198359985351562,0.0292329998016357),(0.0376549987792969,0.020197998046875,
0.0294810009002685),(0.0376559982299804,-0.0108090009689331,0.0295909996032715),
(0.0376779975891113,0.0204789981842041,0.0299580001831054),(0.0377139968872071,
-0.0110130014419556,0.0305009994506836),(0.0377279968261719,0.019402997970581,
0.031617000579834),(0.0377369995117188,0.0203649978637696,0.030962999343872),
(0.0377430000305176,-0.00990300178527832,0.0315830001831055),(0.0377959976196289,
-0.0108420009613037,0.0305009994506836),(0.0377959976196289,-0.0107730016708374,
0.0308519992828369),(0.037814998626709,0.019988998413086,0.0297409992218018),
(0.0378299980163574,0.019402997970581,0.0295400009155273),(0.037833999633789,
-0.0104040012359619,0.0311809997558594),(0.0378369979858399,-0.00990300178527832,
0.0295680007934571),(0.0378409996032715,-0.0106560010910034,0.0301040000915528),
(0.0378569984436035,0.0199529991149903,0.031048999786377),(0.0378729972839356,
-0.0101110010147095,0.0312169990539551),(0.0378819999694824,-0.0105490016937256,
0.0307740001678467),(0.0378819999694824,-0.0101980018615723,0.0297639999389648),
(0.0378819999694824,0.0196969985961914,0.0297639999389648),(0.0379189987182617,
0.0195459995269775,0.0310610008239746),(0.0379239997863769,-0.0103640012741089,
0.0301189994812012),(0.0379239997863769,0.0199539985656738,0.0305340003967285),
(0.0379300003051758,-0.00990300178527832,0.0310069999694824),(0.0379519996643067,
0.019402997970581,0.0300109996795655),(0.0379619979858399,-0.00990300178527832,
0.0300809993743897),(0.037988998413086,-0.00990300178527832,0.0305319995880127),
(0.037988998413086,0.019402997970581,0.030382999420166),(0.0396339988708496,
-0.0145000009536743,0.0264099998474121),(0.0396339988708496,-0.0145000009536743,
0.0343300018310547),(0.0396339988708496,0.0232459983825684,0.0264099998474121),
(0.0396339988708496,0.0232459983825684,0.0343300018310547)));
#47=COORDINATES_LIST('',1508,((-0.025,-0.0144994993209839,0.0264099998474121),
(-0.025,-0.0144994993209839,0.0343300018310547),(-0.025,0.0232455005645752,
0.0264099998474121),(-0.025,0.0232455005645752,0.0343300018310547),(-0.0234500007629394,
-0.0106564998626709,0.030382999420166),(-0.0234500007629394,0.0186494998931885,
0.0305319995880127),(-0.0234249992370606,0.0186494998931885,0.0300809993743897),
(-0.0234150009155274,-0.0106564998626709,0.0300109996795655),(-0.0233950004577637,
0.0186494998931885,0.0310069999694824),(-0.0233889999389648,-0.0112084999084473,
0.0305340003967285),(-0.0233889999389648,0.0191105003356933,0.0301189994812012),
(-0.0233840007781983,-0.0107994995117187,0.0310610008239746),(-0.0233500003814698,
-0.0109514999389648,0.0297639999389648),(-0.0233500003814698,0.0189444999694824,
0.0297639999389648),(-0.0233500003814698,0.0192954998016358,0.0307740001678467),
(-0.0233409996032715,0.018857500076294,0.0312169990539551),(-0.0233250007629394,
-0.0112074995040894,0.031048999786377),(-0.0233110008239746,0.0194025001525879,
0.0301040000915528),(-0.023306999206543,0.0186494998931885,0.0295680007934571),
(-0.0233040008544922,0.019150499343872,0.0311809997558594),(-0.0232999992370606,
-0.0106564998626709,0.0295400009155273),(-0.0232859992980957,-0.0112434997558594,
0.0297409992218018),(-0.0232679996490478,0.0195195007324219,0.0308519992828369),
(-0.0232679996490478,0.0195885009765625,0.0305009994506836),(-0.0232189998626709,
0.0186494998931885,0.0315830001831055),(-0.0232119998931885,-0.0116184997558594,
0.030962999343872),(-0.0232040004730225,-0.0106564998626709,0.031617000579834),
(-0.0231909999847412,0.01975950050354,0.0305009994506836),(-0.0231579990386963,
-0.0117325000762939,0.0299580001831054),(-0.023136999130249,0.0195555000305176,
0.0295909996032715),(-0.0231350002288818,-0.0114514999389648,0.0294810009002685),
(-0.0231270008087158,-0.0110894994735718,0.0292329998016357),(-0.0231079998016358,
0.0196175003051758,0.0313299999237061),(-0.0230990009307862,0.0188824996948242,
0.0318169994354248),(-0.0230909996032715,0.0199484996795655,0.0304580001831054),
(-0.0230860004425049,-0.0112845001220703,0.0316909999847412),(-0.023083999633789,
0.0186494998931885,0.0290559997558594),(-0.0230809993743896,-0.0106564998626709,
0.0290510005950928),(-0.0230620002746582,0.0191825008392334,0.0317789993286133),
(-0.0230389995574951,-0.0119694995880127,0.0308579998016358),(-0.0230209999084472,
0.0199155006408691,0.0311040000915528),(-0.0230090007781983,-0.0119994993209839,
0.0299440002441407),(-0.0229969997406006,-0.0106564998626709,0.0320089988708496),
(-0.022988000869751,0.0201035003662109,0.0304249992370605),(-0.0229860000610351,
0.0192585010528565,0.0290429992675782),(-0.0229489994049073,-0.0116294994354248,
0.0316979999542237),(-0.0229479999542236,0.0194204998016358,0.0318479995727539),
(-0.02294700050354,-0.0116424999237061,0.0292220001220703),(-0.0229409999847412,
-0.0118924999237061,0.0313990001678467),(-0.022931999206543,0.0198525009155274,
0.0294479999542237),(-0.0229169998168946,0.02011549949646,0.0299419994354248),
(-0.0229130001068116,-0.0121984996795654,0.0303150005340576),(-0.0229130001068116,
0.0186494998931885,0.032125),(-0.0229099998474121,-0.010888500213623,0.0287970008850097),
(-0.0229099998474121,0.0188815002441406,0.0287970008850097),(-0.0228780002593994,
-0.0121855001449585,0.030951000213623),(-0.0228680000305176,0.0196515007019043,
0.0291060009002686),(-0.0228540000915528,-0.0110065002441406,0.0321689987182617),
(-0.0228479995727539,0.0186494998931885,0.0287000007629394),(-0.0228120002746582,
-0.0111634998321533,0.028742000579834),(-0.0228120002746582,0.0196515007019043,
0.0318999996185303),(-0.0228040008544922,0.0189535007476807,0.0322360000610351),
(-0.0227590007781983,-0.0121125001907349,0.0294389991760254),(-0.0227479991912842,
0.0199685001373291,0.031681999206543),(-0.0227320003509521,0.0203465003967285,
0.030871000289917),(-0.0227080001831054,-0.0106564998626709,0.0323769989013672),
(-0.0227029991149902,-0.0116824998855591,0.0288819999694825),(-0.0227000007629394,
-0.0123494997024536,0.0310930004119873),(-0.0226919994354248,0.0191895008087158,
0.0323030014038086),(-0.0226749992370605,-0.0111354999542236,0.0323470001220703),
(-0.0226730003356934,0.0204325008392334,0.0300690002441407),(-0.0226520004272461,
-0.0124884996414185,0.0302919998168946),(-0.022617000579834,-0.0119244995117187,
0.0289780006408691),(-0.0226159992218018,0.019800500869751,0.028875),(-0.0226149997711181,
0.0186494998931885,0.0324770011901855),(-0.022613000869751,-0.0106564998626709,
0.0284360008239746),(-0.022613000869751,0.0186494998931885,0.0284360008239746),
(-0.0225720005035401,0.0201735000610351,0.0317000007629395),(-0.0225720005035401,
0.0205645008087158,0.0303910007476807),(-0.0225680007934571,-0.0121884994506836,
0.0316959991455078),(-0.0225669994354248,0.0205284996032715,0.030867000579834),
(-0.0225510005950928,-0.0124945001602173,0.0298220005035401),(-0.0225419998168946,
-0.0115954999923706,0.0322799987792969),(-0.0224759998321533,-0.0112574996948242,
0.0325040016174317),(-0.0224589996337891,0.0204384994506836,0.0314319992065429),
(-0.0224519996643067,-0.0111634998321533,0.0283649997711182),(-0.0224340000152588,
0.0205855007171631,0.0298320007324219),(-0.0224230003356934,0.0192894992828369,
0.0283869991302491),(-0.0224109992980957,-0.0126704998016357,0.0308479995727539),
(-0.0223920001983643,-0.0125564994812012,0.0312889995574951),(-0.0223850002288818,
0.0203584995269776,0.0292199993133545),(-0.022382999420166,-0.0126674995422363,
0.0299640007019043),(-0.0223610000610351,0.0195974998474121,0.0324370002746582),
(-0.0223589992523194,0.0199645004272461,0.0321889991760254),(-0.0223579998016358,
-0.0124574995040894,0.0293449993133545),(-0.0223540000915528,0.0189344997406006,
0.0326769981384277),(-0.0223500003814697,-0.0119274997711182,0.0322360000610351),
(-0.0223229999542237,-0.0121614999771118,0.0288770008087159),(-0.0223229999542237,
0.0201545009613037,0.0288770008087158),(-0.0223199996948242,-0.0106564998626709,
0.0327229995727539),(-0.0223020000457764,-0.0110774993896484,0.032689998626709),
(-0.0222840003967285,-0.0127845001220703,0.0303729991912842),(-0.0222789993286133,
0.0202684993743897,0.0319529991149902),(-0.0222719993591309,-0.0118035001754761,
0.0285230007171631),(-0.0222719993591309,0.019796501159668,0.0285230007171631),
(-0.0222479991912842,-0.0106564998626709,0.0281410007476806),(-0.0222269992828369,
0.0191485004425049,0.0327249984741211),(-0.0222210006713867,0.0208185005187989,
0.0303409996032715),(-0.0222040004730224,0.0186494998931885,0.0281089992523193),
(-0.0221749992370605,0.0208225002288819,0.0308199996948242),(-0.0221739997863769,
0.0186494998931885,0.032826000213623),(-0.0221630001068115,0.0206375007629395,
0.0294400005340576),(-0.0221480007171631,-0.0111265001296997,0.0281280002593994),
(-0.0221149997711181,-0.0124134998321533,0.0319370002746582),(-0.0221000003814697,
-0.0108385000228882,0.0280559997558594),(-0.022087999343872,-0.012905499458313,
0.0304349994659424),(-0.0220799999237061,-0.0124694995880127,0.0290289993286133),
(-0.0220729999542237,-0.0127924995422363,0.0297040004730224),(-0.0220559997558594,
-0.0129208002090454,0.0304394607543946),(-0.0220559997558594,-0.012918210029602,
0.030375659942627),(-0.0220559997558594,-0.0128964395523071,0.0307151508331299),
(-0.0220559997558594,-0.0128815593719482,0.0308546390533447),(-0.0220559997558594,
-0.012878210067749,0.0308961505889893),(-0.0220559997558594,-0.012870849609375,
0.0309219398498535),(-0.0220559997558594,-0.0128141298294067,0.0297603702545166),
(-0.0220559997558594,-0.0128050594329834,0.0297194995880127),(-0.0220559997558594,
-0.0127889194488525,0.0296722106933594),(-0.0220559997558594,-0.0127171497344971,
0.0314633693695069),(-0.0220559997558594,-0.0126879396438599,0.0315168495178222),
(-0.0220559997558594,-0.0124934997558594,0.0290457496643067),(-0.0220559997558594,
-0.0124755897521973,0.0290206394195556),(-0.0220559997558594,-0.0124461002349853,
0.028983289718628),(-0.0220559997558594,-0.0124315099716186,0.0319581203460693),
(-0.0220559997558594,-0.0122738695144653,0.0321375999450684),(-0.0220559997558594,
-0.0122017698287964,0.0287076396942138),(-0.0220559997558594,-0.0121357793807983,
0.0322759094238281),(-0.0220559997558594,-0.0120947895050049,0.0323262710571289),
(-0.0220559997558594,-0.0120184993743896,0.0285464496612549),(-0.0220559997558594,
-0.0119523496627808,0.0324030685424804),(-0.0220559997558594,-0.0118988094329834,
0.0284610004425049),(-0.0220559997558594,-0.0117962694168091,0.0324787483215332),
(-0.0220559997558594,-0.011443169593811,0.0327099990844726),(-0.0220559997558593,
-0.0144994993209839,0.0284610004425049),(-0.0220559997558593,-0.0144994993209839,
0.0327099990844727),(-0.0220020008087158,0.0192285003662109,0.0280779991149902),
(-0.0219909992218018,-0.0113625001907349,0.0328069992065429),(-0.021962999343872,
-0.0106564998626709,0.0329440002441406),(-0.0219540004730224,0.0205184993743896,
0.0319169998168945),(-0.0219209995269775,0.0186494998931885,0.0329659996032715),
(-0.0219139995574951,0.0195445003509522,0.0327739982604981),(-0.0218959999084473,
0.0191984996795654,0.0329029998779297),(-0.0218899993896484,0.0202684993743897,
0.0322849998474121),(-0.0218780002593994,-0.0116174993515015,0.0281529998779297),
(-0.0218780002593994,-0.0109994993209839,0.0329599990844726),(-0.0218600006103515,
0.0205515003204346,0.0289610004425049),(-0.0218491897583008,-0.0120732202529907,
0.0284610004425049),(-0.0218419990539551,0.0210165004730225,0.0304860000610351),
(-0.0218110008239746,-0.0106564998626709,0.0278990001678467),(-0.0218069992065429,
0.0208854999542236,0.0313299999237061),(-0.0217859992980957,0.0201054992675781,
0.0284209995269775),(-0.0217789993286133,0.0198525009155274,0.028238000869751),
(-0.0217759990692139,0.020804500579834,0.0293519992828369),(-0.0217679805755615,
-0.012132809638977,0.0284610004425049),(-0.0217339992523193,0.0186494998931885,
0.0278689994812012),(-0.0217314891815185,-0.0121708793640137,0.0284610004425049),
(-0.0217310009002685,0.0197224998474121,0.0327739982604981),(-0.0217059993743897,
-0.0110234994888306,0.027886999130249),(-0.0216942100524903,-0.0118185396194458,
0.0327099990844726),(-0.0216660003662109,0.020421501159668,0.0322509994506836),
(-0.0215909996032715,0.0189804992675781,0.0278430004119873),(-0.0215849990844727,
-0.010985499382019,0.0330730018615722),(-0.0215629997253418,0.021001501083374,
0.0296730003356933),(-0.0215499992370605,-0.0120634994506836,0.0282770004272461),
(-0.0215380001068115,-0.0118035001754761,0.0281079998016357),(-0.0215359992980957,
0.0205114994049073,0.0287080001831054),(-0.0215340003967285,0.0193175010681153,
0.0279029998779297),(-0.0215219993591309,0.021126501083374,0.0304680004119873),
(-0.0215180397033692,-0.0119634695053101,0.0327099990844726),(-0.0214769992828369,
-0.0109514999389648,0.0278010005950928),(-0.0214659996032715,0.0201965007781983,
0.0325519981384277),(-0.0214479999542237,0.0186494998931885,0.0331389999389649),
(-0.0214160003662109,-0.0106564998626709,0.0331489982604981),(-0.0214160003662109,
0.0197655010223389,0.028048999786377),(-0.0213950901031494,-0.0123208494186401,
0.0284610004425049),(-0.021378999710083,0.0207665004730225,0.0290170001983642),
(-0.021378999710083,0.0210974998474121,0.029867000579834),(-0.0213700008392334,
0.0211604995727539,0.0303810005187989),(-0.0213549995422363,0.0198675003051758,
0.0328219985961914),(-0.0213540000915527,-0.0106564998626709,0.0277530002593994),
(-0.0213269996643066,0.0210764999389648,0.0311809997558594),(-0.0213169994354248,
0.0209524993896484,0.0315489997863769),(-0.0213023700714111,-0.0120409202575684,
0.0327099990844726),(-0.0212809104919434,-0.0123348693847656,0.0284610004425049),
(-0.0212730007171631,-0.0118505001068115,0.0328540000915528),(-0.0212469997406006,
-0.0112544994354248,0.0331040000915528),(-0.021246000289917,0.0207264995574951,
0.0320159988403321),(-0.0212390003204346,0.0203245010375977,0.0325009994506836),
(-0.0211879997253418,0.0211665000915527,0.0300669994354248),(-0.0211870002746582,
0.0202065010070801,0.0282919998168946),(-0.021173999786377,0.0206385002136231,
0.0287469997406006),(-0.0211669998168946,-0.0116934995651245,0.0279549999237061),
(-0.0211669998168946,0.0196865005493164,0.0279549999237061),(-0.0211652698516845,
-0.0123720397949219,0.0284610004425049),(-0.021136999130249,0.0191105003356933,
0.0277590007781983),(-0.0211310005187989,0.0194155006408691,0.0330750007629395),
(-0.0211089992523193,0.0211984996795654,0.0305750007629394),(-0.0210990009307861,
-0.0106564998626709,0.0277099990844727),(-0.0210761203765869,-0.0120775899887085,
0.0327099990844726),(-0.0210380001068115,0.0207894992828369,0.0289430007934571),
(-0.020992000579834,0.0212065010070801,0.0302709999084473),(-0.0208260002136231,
-0.0106564998626709,0.0332220001220703),(-0.0208139991760254,-0.0124175300598144,
0.0284610004425049),(-0.0208139991760254,-0.0121244993209839,0.0281919994354248),
(-0.0208139991760254,-0.012118989944458,0.0327099990844726),(-0.0208139991760254,
-0.0119004993438721,0.0328720016479492),(-0.0208139991760254,-0.0115524997711182,
0.0330460014343261),(-0.0208139991760254,-0.0115184993743896,0.0278540000915528),
(-0.0208139991760254,-0.0111834993362427,0.0331619987487793),(-0.0208139991760254,
-0.0110885000228882,0.027738000869751),(-0.0208139991760254,-0.0109344997406006,
0.0332050018310547),(-0.0208139991760254,-0.0106564998626709,0.0276940002441406),
(-0.0208139991760254,0.0186494998931885,0.0276940002441406),(-0.0208139991760254,
0.0186494998931885,0.0332220001220703),(-0.0208139991760254,0.0189285011291504,
0.0332050018310547),(-0.0208139991760254,0.0190815010070801,0.027738000869751),
(-0.0208139991760254,0.0194015007019043,0.0330989990234375),(-0.0208139991760254,
0.0195125007629394,0.0278540000915528),(-0.0208139991760254,0.0196725006103515,
0.032992000579834),(-0.0208139991760254,0.0201445007324219,0.0282099990844727),
(-0.0208139991760254,0.0204055004119873,0.0324770011901855),(-0.0208139991760254,
0.0205745010375977,0.0286259994506836),(-0.0208139991760254,0.0208365001678467,
0.0290109996795655),(-0.0208139991760254,0.0209405002593994,0.0317129993438721),
(-0.0208139991760254,0.0210914993286133,0.0313069992065429),(-0.0208139991760254,
0.021126501083374,0.0297180004119873),(-0.0208139991760254,0.0211865005493164,
0.0300100002288818),(-0.0208139991760254,0.0212024993896484,0.0306529998779297),
(-0.0204050006866455,0.00132450020313263,0.0331110000610352),(-0.0204050006866455,
0.00132450020313263,0.0332220001220703),(-0.0204020004272461,-0.000122499786317348,
0.0331110000610352),(-0.0203969993591308,-0.000216499790549278,0.0332220001220703),
(-0.0203400001525879,-0.00046549978852272,0.0331110000610352),(-0.0203400001525879,
-0.00046549978852272,0.0332220001220703),(-0.0202000007629395,-0.000674499809741974,
0.0332220001220703),(-0.0201359996795655,-0.000718499779701233,0.0331110000610352),
(-0.0200329990386963,-2.64997854828834E-5,0.0331110000610352),(-0.0200329990386963,
-2.64997854828834E-5,0.0332220001220703),(-0.0200329990386963,0.00132450020313263,
0.0331110000610352),(-0.0200329990386963,0.00132450020313263,0.0332220001220703),
(-0.0200109996795655,-0.00023349978029728,0.0332220001220703),(-0.0199139995574951,
-0.000418499797582626,0.0331110000610352),(-0.0199139995574951,-0.000418499797582626,
0.0332220001220703),(-0.0198659992218017,-0.000834499776363373,0.0332220001220703),
(-0.0197360000610352,-0.000524499773979187,0.0331110000610352),(-0.0197360000610352,
-0.000524499773979187,0.0332220001220703),(-0.0196480007171631,-0.000856499791145325,
0.0331110000610352),(-0.019545000076294,-0.000843499779701233,0.0332220001220703),
(-0.0193549995422364,-0.000504499793052673,0.0331110000610352),(-0.0193549995422364,
-0.000504499793052673,0.0332220001220703),(-0.019261999130249,-0.000461499780416489,
0.0331110000610352),(-0.019261999130249,-0.000461499780416489,0.0332220001220703),
(-0.0192159996032715,-0.000743499755859375,0.0331110000610352),(-0.0192159996032715,
-0.000743499755859375,0.0332220001220703),(-0.0190750007629394,-0.000271499782800675,
0.0332220001220703),(-0.0190550003051758,-0.000235499784350395,0.0331110000610352),
(-0.0189990005493164,5.75002171099186E-5,0.0331110000610352),(-0.0189990005493164,
5.75002171099186E-5,0.0332220001220703),(-0.0189930000305176,-0.00161949980258942,
0.0331110000610352),(-0.0189930000305176,-0.00161949980258942,0.0332220001220703),
(-0.0189930000305176,-0.000563499808311462,0.0331110000610352),(-0.0189930000305176,
-0.000563499808311462,0.0332220001220703),(-0.0189930000305176,0.00132450020313263,
0.0331110000610352),(-0.0189930000305176,0.00132450020313263,0.0332220001220703),
(-0.0186229991912842,-0.00161949980258942,0.0331110000610352),(-0.0186229991912842,
-0.00161949980258942,0.0332220001220703),(-0.0186229991912842,0.00132450020313263,
0.0331110000610352),(-0.0186229991912842,0.00132450020313263,0.0332220001220703),
(-0.0183500003814697,0.00132450020313263,0.0331110000610352),(-0.0183500003814697,
0.00132450020313263,0.0332220001220703),(-0.0178950004577637,0.00132450020313263,
0.0331110000610352),(-0.0178950004577637,0.00132450020313263,0.0332220001220703),
(-0.0175419998168946,0.000433500200510025,0.0331110000610352),(-0.0175419998168946,
0.000433500200510025,0.0332220001220703),(-0.0174190006256103,0.000115500211715698,
0.0331110000610352),(-0.0174190006256103,0.000115500211715698,0.0332220001220703),
(-0.0171140003204346,-0.00161949980258942,0.0331110000610352),(-0.0171140003204346,
-0.00161949980258942,0.0332220001220703),(-0.0168889999389648,-0.00130949974060059,
0.0331110000610352),(-0.0168889999389648,-0.00130949974060059,0.0332220001220703),
(-0.0167679996490478,-0.00649549961090088,0.0276909999847412),(-0.0167679996490478,
-0.00649549961090088,0.0276940002441406),(-0.0167679996490478,0.0116885004043579,
0.0276940002441406),(-0.0167679996490478,0.0116885004043579,0.0276909999847412),
(-0.0166830005645752,-0.00161949980258942,0.0331110000610352),(-0.0166830005645752,
-0.00161949980258942,0.0332220001220703),(-0.0163939990997314,0.000115500211715698,
0.0331110000610352),(-0.0163939990997314,0.000115500211715698,0.0332220001220703),
(-0.0162789993286133,0.000433500200510025,0.0331110000610352),(-0.0162789993286133,
0.000433500200510025,0.0332220001220703),(-0.0161280002593994,-0.0144994993209839,
0.0284610004425049),(-0.0161280002593994,-0.0144994993209839,0.0327099990844726),
(-0.0161280002593994,-0.0132227401733398,0.0303914203643799),(-0.0161280002593994,
-0.0132227401733398,0.0304569396972657),(-0.0161280002593994,-0.0132144994735718,
0.0305053005218506),(-0.0161280002593994,-0.0131684494018555,0.0298965396881103),
(-0.0161280002593994,-0.013144040107727,0.0298018894195556),(-0.0161280002593994,
-0.0130507202148437,0.0314594593048095),(-0.0161280002593994,-0.0130345602035522,
0.0315057392120362),(-0.0161280002593994,-0.012967809677124,0.0292553901672363),
(-0.0161280002593994,-0.0129363698959351,0.0291992092132568),(-0.0161280002593994,
-0.0127752695083618,0.0288939208984375),(-0.0161280002593994,-0.0126767597198486,
0.0321492614746094),(-0.0161280002593994,-0.0126545495986938,0.0321923599243164),
(-0.0161280002593994,-0.0126033201217651,0.0322530403137207),(-0.0161280002593994,
-0.0125242700576782,0.028566370010376),(-0.0161280002593994,-0.0124939193725586,
0.0285293292999267),(-0.0161280002593994,-0.0124194993972778,0.0284610004425049),
(-0.0161280002593994,-0.0123113794326782,0.0325672302246094),(-0.0161280002593994,
-0.0121188297271728,0.0327099990844726),(-0.0161060009002685,0.0046705002784729,
0.0331110000610352),(-0.0161060009002685,0.0046705002784729,0.0332220001220703),
(-0.0159469995498657,0.00132450020313263,0.0331110000610352),(-0.0159469995498657,
0.00132450020313263,0.0332220001220703),(-0.0156979999542236,0.0046705002784729,
0.0331110000610352),(-0.0156979999542236,0.0046705002784729,0.0332220001220703),
(-0.0155229997634887,0.00132450020313263,0.0331110000610352),(-0.0155229997634887,
0.00132450020313263,0.0332220001220703),(-0.0152569999694824,-0.00013949978351593,
0.0331110000610352),(-0.0152569999694824,-0.00013949978351593,0.0332220001220703),
(-0.0152569999694824,0.00132450020313263,0.0331110000610352),(-0.0152569999694824,
0.00132450020313263,0.0332220001220703),(-0.0152419996261596,-0.000348499774932861,
0.0331110000610352),(-0.0150830001831055,-0.000677499771118164,0.0331110000610352),
(-0.0150830001831055,-0.000677499771118164,0.0332220001220703),(-0.0150590000152588,
0.00383754014968872,0.0276909999847412),(-0.0150590000152588,0.00383906030654907,
0.0275890007019043),(-0.0150500898361206,0.00400937032699585,0.0275890007019043),
(-0.0150500001907348,0.00400950002670288,0.0276909999847412),(-0.0150490999221802,
0.00378361010551452,0.0275890007019043),(-0.0150490999221802,0.00401927042007446,
0.0275890007019043),(-0.015048999786377,0.00378156018257141,0.0276909999847412),
(-0.015048999786377,0.00401949024200439,0.0276909999847412),(-0.015048939704895,
0.00378124022483825,0.0276909999847412),(-0.0150469398498535,0.00377242016792298,
0.0275890007019043),(-0.0150352296829223,0.00426782035827636,0.0275890007019043),
(-0.0150350103378296,0.00427042007446289,0.0276909999847412),(-0.0150233497619629,
0.00446685028076172,0.0275890007019043),(-0.0150230102539063,0.00447137022018432,
0.0276909999847412),(-0.0150229902267456,0.00447154998779297,0.0276909999847412),
(-0.0150226402282715,0.00447333002090454,0.0275890007019043),(-0.0150199899673462,
0.0045035400390625,0.0276909999847412),(-0.0150196695327759,0.00450502014160156,
0.0275890007019043),(-0.0149230003356934,0.00761550045013428,0.0331110000610352),
(-0.0149230003356934,0.00761550045013428,0.0332220001220703),(-0.0148879995346069,
0.00132450020313263,0.0331110000610352),(-0.0148879995346069,-1.9499784335494E-5,
0.0331110000610352),(-0.0148879995346069,-1.9499784335494E-5,0.0332220001220703),
(-0.0148879995346069,0.00132450020313263,0.0332220001220703),(-0.0148819999694824,
-0.000804499804973602,0.0331110000610352),(-0.0148819999694824,-0.000804499804973602,
0.0332220001220703),(-0.0148819999694824,0.0068105001449585,0.0331110000610352),
(-0.0148819999694824,0.0068105001449585,0.0332220001220703),(-0.0148520002365112,
-0.000330499798059464,0.0331110000610352),(-0.0148520002365112,-0.000330499798059464,
0.0332220001220703),(-0.0148473701477051,0.00511103010177612,0.0275890007019043),
(-0.0148460397720337,0.00511537027359009,0.0276909999847412),(-0.0148459997177124,
0.00511550998687744,0.0276909999847412),(-0.0148459300994873,0.00511572027206421,
0.0275890007019043),(-0.01483899974823,0.00285450029373169,0.0275890007019043),
(-0.01483899974823,0.00285450029373169,0.0276909999847412),(-0.01483899974823,
0.00513850021362305,0.0275890007019043),(-0.01483899974823,0.00513850021362305,
0.0276909999847412),(-0.0148271198272705,0.00283272027969361,0.0275890007019043),
(-0.0148269996643066,0.00283251023292541,0.0276909999847412),(-0.0148269395828247,
0.00283238029479981,0.0276909999847412),(-0.0148248500823975,0.00282835030555725,
0.0275890007019043),(-0.0147209997177124,-0.000485499799251557,0.0332220001220703),
(-0.0147209997177124,-0.000485499799251556,0.0331110000610352),(-0.0147189998626709,
0.00729150009155273,0.0332220001220703),(-0.0147189998626709,0.00729150009155274,
0.0331110000610352),(-0.0146000003814697,-0.000855499804019928,0.0331110000610352),
(-0.014581000328064,-0.000856499791145325,0.0332220001220703),(-0.0145319900512695,
0.00385762023925781,0.0276909999847412),(-0.014531979560852,0.00385738015174865,
0.0276909999847412),(-0.0145317001342773,0.00386156010627747,0.0275890007019043),
(-0.0145313997268677,0.00385347032546997,0.0275890007019043),(-0.0145228300094604,
0.00227383017539978,0.0275890007019043),(-0.0145220203399658,0.00227254033088684,
0.0276909999847412),(-0.0145129995346069,0.00761550045013428,0.0331110000610352),
(-0.0145129995346069,0.00761550045013428,0.0332220001220703),(-0.0145010004043579,
0.00441113042831421,0.0275890007019043),(-0.0145010004043579,0.00441246032714844,
0.0276909999847412),(-0.0144980001449585,-0.000542499780654907,0.0331110000610352),
(-0.0144980001449585,-0.000542499780654907,0.0332220001220703),(-0.0144851999282837,
0.00223224020004272,0.0275890007019043),(-0.0144840297698975,0.00223055028915406,
0.0276909999847412),(-0.0144838104248047,0.0022303102016449,0.0276909999847412),
(-0.0144774398803711,0.0022237401008606,0.0275890007019043),(-0.0144406003952026,
0.00468046998977661,0.0275890007019043),(-0.014440299987793,0.00331083011627197,
0.0275890007019043),(-0.0144400196075439,0.0046843900680542,0.0276909999847412),
(-0.0144400100708008,0.00330954027175904,0.0276909999847412),(-0.014439959526062,
0.00330939030647278,0.0276909999847412),(-0.0144385204315186,0.00330567026138306,
0.0275890007019043),(-0.0144280595779419,0.00580293035507202,0.0275890007019043),
(-0.0144241199493408,0.00580931043624878,0.0276909999847412),(-0.0144239702224731,
0.00580955028533936,0.0276909999847412),(-0.0144228801727295,0.00581131029129028,
0.0275890007019043),(-0.0144198303222656,0.00216433024406433,0.0276909999847412),
(-0.0144140701293945,0.00215839028358459,0.0275890007019043),(-0.0143494997024536,
0.00494188022613525,0.0275890007019043),(-0.0143480396270752,0.00494831037521362,
0.0276909999847412),(-0.0143479795455933,0.00494853019714356,0.0276909999847412),
(-0.0143474197387695,0.00494973039627075,0.0275890007019043),(-0.0143100004196167,
0.00599450016021729,0.0275890007019043),(-0.0143100004196167,0.00599450016021729,
0.0276909999847412),(-0.0142889995574951,0.00291850018501282,0.0275890007019043),
(-0.0142889995574951,0.00291850018501282,0.0276909999847412),(-0.0142888803482056,
0.00291832017898559,0.0276909999847412),(-0.0142847299575806,0.00291232013702392,
0.0275890007019043),(-0.0142699995040894,-0.000780499756336212,0.0331110000610352),
(-0.0142679996490478,-0.000495499789714813,0.0331110000610352),(-0.0142679996490478,
-0.000495499789714813,0.0332220001220703),(-0.0141599998474121,-0.000732499778270722,
0.0332220001220703),(-0.0141149997711182,-0.000393499791622162,0.0331110000610352),
(-0.0141149997711182,-0.000393499791622162,0.0332220001220703),(-0.0141010704040527,
0.00619451999664307,0.0275890007019043),(-0.0140990600585937,0.00619644021987915,
0.0276909999847412),(-0.0140830402374268,0.00543493032455444,0.0275890007019043),
(-0.0140810604095459,0.00543840026855469,0.0276909999847412),(-0.0140809803009033,
0.00543853044509888,0.0276909999847412),(-0.0140801601409912,0.00543959999084473,
0.0275890007019043),(-0.0140466003417969,0.00624601030349732,0.0275890007019043),
(-0.0140440702438354,0.0062484302520752,0.0276909999847412),(-0.0140439901351929,
0.00547852039337158,0.0276909999847412),(-0.0140439500808716,0.00256742024421692,
0.0276909999847412),(-0.0140439395904541,0.00177743017673492,0.0276909999847412),
(-0.0140435199737549,0.00547920036315918,0.0275890007019043),(-0.0140421295166016,
0.00256476020812988,0.0275890007019043),(-0.0140417499542236,0.00177518022060395,
0.0275890007019043),(-0.0139654102325439,0.00632424020767212,0.0275890007019043),
(-0.0139650001525879,-2.94997841119766E-5,0.0331110000610352),(-0.01396399974823,
2.85002160817385E-5,0.0332220001220703),(-0.0139630002975464,0.00132450020313263,
0.0331110000610352),(-0.0139630002975464,0.00132450020313263,0.0332220001220703),
(-0.0139621000289917,0.00632741022109985,0.0276909999847412),(-0.0139619598388672,
0.00632753038406372,0.0276909999847412),(-0.0139605503082275,0.00632872009277344,
0.0275890007019043),(-0.0139375896453857,0.00634983015060425,0.0276909999847412),
(-0.0139364099502563,0.00635080003738403,0.0275890007019043),(-0.0139049997329712,
-0.000482499778270722,0.0332220001220703),(-0.0139049997329712,-0.000482499778270721,
0.0331110000610352),(-0.0138999795913696,0.00637652015686035,0.0276909999847412),
(-0.0138991603851318,0.00637724018096924,0.0275890007019043),(-0.0138140001296997,
0.00154050016403199,0.0275890007019043),(-0.0138140001296997,0.00154050016403199,
0.0276909999847412),(-0.0138104200363159,0.00223205018043518,0.0275890007019043),
(-0.0138100099563599,0.00223152017593384,0.0276909999847412),(-0.0138009996414185,
-0.000658499777317047,0.0332220001220703),(-0.0137749996185303,0.0046705002784729,
0.0332220001220703),(-0.0137749996185303,0.0046705002784729,0.0331110000610352),
(-0.0137430000305176,-0.000708499789237976,0.0331110000610352),(-0.013606840133667,
0.00594955015182495,0.0275890007019043),(-0.0136031103134155,0.00595339012145996,
0.0276909999847412),(-0.0136029996871948,0.00595350027084351,0.0275890007019043),
(-0.0136029996871948,0.00595350027084351,0.0276909999847412),(-0.0135920000076294,
-6.14997856318951E-5,0.0331110000610352),(-0.0135920000076294,-6.14997856318951E-5,
0.0332220001220703),(-0.0135920000076294,0.00132450020313263,0.0331110000610352),
(-0.0135920000076294,0.00132450020313263,0.0332220001220703),(-0.0135900001525879,
-0.000795499801635742,0.0332220001220703),(-0.0135659999847412,-0.000277499794960022,
0.0332220001220703),(-0.0135466403961182,0.00136424016952515,0.0275890007019043),
(-0.0135466403961182,0.00662876033782959,0.0275890007019043),(-0.0135440797805786,
0.00136255025863647,0.0276909999847412),(-0.0135440797805786,0.00663045024871826,
0.0276909999847412),(-0.013543999671936,0.00663050031661987,0.0276909999847412),
(-0.013543869972229,0.0066306004524231,0.0275890007019043),(-0.0135310001373291,
0.00664050006866455,0.0275890007019043),(-0.0135310001373291,0.00664050006866455,
0.0276909999847412),(-0.0135010004043579,-0.000422499775886536,0.0331110000610352),
(-0.0135010004043579,-0.000422499775886535,0.0332220001220703),(-0.0134985103607178,
0.00195281016826629,0.0275890007019043),(-0.0134951000213623,0.00194959020614624,
0.0276909999847412),(-0.0134940004348755,-0.000834499776363373,0.0331110000610352),
(-0.0134872303009033,0.00133751022815704,0.0275890007019043),(-0.0134840898513794,
0.00133556020259857,0.0276909999847412),(-0.0134837503433227,0.00133540022373199,
0.0276909999847412),(-0.0134751396179199,0.00133206021785736,0.0275890007019043),
(-0.0133430004119873,0.0046705002784729,0.0331110000610352),(-0.0133430004119873,
0.0046705002784729,0.0332220001220703),(-0.0132969999313355,-0.000536499798297882,
0.0331110000610352),(-0.0132969999313354,-0.000536499798297882,0.0332220001220703),
(-0.0132869997024536,-0.000856499791145325,0.0331110000610352),(-0.0132638301849365,
0.00179834020137787,0.0275890007019043),(-0.0132581701278686,0.00179364025592804,
0.0276909999847412),(-0.0132578897476196,0.00179345023632049,0.0276909999847412),
(-0.0132542295455933,0.00179172027111053,0.0275890007019043),(-0.0131870002746582,
-0.00084449976682663,0.0332220001220703),(-0.0131319999694824,0.00470950031280518,
0.0331110000610352),(-0.0131319999694824,0.00470950031280518,0.0332220001220703),
(-0.0131319999694824,0.00499150037765503,0.0331110000610352),(-0.0131319999694824,
0.00499150037765503,0.0332220001220703),(-0.0131319999694824,0.0062645001411438,
0.0275890007019043),(-0.0131319999694824,0.0062645001411438,0.0276909999847412),
(-0.0130679998397827,0.0068585000038147,0.0275890007019043),(-0.0130679998397827,
0.0068585000038147,0.0276909999847412),(-0.0129650201797485,0.00688622999191284,
0.0275890007019043),(-0.0129640302658081,0.00688649034500122,0.0276909999847412),
(-0.0129139995574951,-0.000462499797344208,0.0331110000610352),(-0.0129139995574951,
-0.000462499797344208,0.0332220001220703),(-0.0128970003128052,-0.000760499775409699,
0.0331110000610352),(-0.0128059997558594,-0.000690499782562256,0.0332220001220703),
(-0.012794340133667,0.00637540006637573,0.0275890007019043),(-0.0127910995483398,
0.00637647008895874,0.0276909999847412),(-0.0127908697128296,0.006376540184021,
0.0276909999847412),(-0.0127864303588867,0.00637800025939942,0.0275890007019043),
(-0.0127412996292114,0.00156100022792816,0.0275890007019043),(-0.0127400398254394,
0.00156051015853882,0.0276909999847412),(-0.0127399997711182,-0.000263499796390534,
0.0331110000610352),(-0.0127399997711182,-0.000263499796390534,0.0332220001220703),
(-0.0127397603988647,0.0015604602098465,0.0276909999847412),(-0.0127317600250244,
0.00155918025970459,0.0275890007019043),(-0.0126669998168945,0.000105500213801861,
0.0332220001220703),(-0.0126669998168945,0.000105500213801861,0.0331110000610352),
(-0.0126619997024536,0.00132450020313263,0.0332220001220703),(-0.0126619997024536,
0.00132450020313263,0.0331110000610352),(-0.0126560001373291,0.00505650043487549,
0.0331110000610352),(-0.0126560001373291,0.00505650043487549,0.0332220001220703),
(-0.0126400003433228,0.00565250015258789,0.0331110000610352),(-0.0126400003433228,
0.00565250015258789,0.0332220001220703),(-0.0126230001449585,-0.000807499766349793,
0.0331110000610352),(-0.0126230001449585,-0.000807499766349793,0.0332220001220703),
(-0.0126230001449585,-0.000508499801158905,0.0331110000610352),(-0.0126230001449585,
-0.000508499801158905,0.0332220001220703),(-0.0125789995193481,0.000984500229358673,
0.0275890007019043),(-0.0125789995193481,0.000984500229358673,0.0276909999847412),
(-0.0124481296539307,0.00702684020996094,0.0275890007019043),(-0.0124433403015137,
0.00702831029891968,0.0275890007019043),(-0.0124421701431274,0.00702845001220703,
0.0276909999847412),(-0.0124420404434204,0.00702849006652832,0.0276909999847412),
(-0.0124195795059204,0.00703525018692017,0.0275890007019043),(-0.0124180498123169,
0.00703549003601074,0.0276909999847412),(-0.0124146299362183,0.00703525018692017,
0.0275890007019043),(-0.012413049697876,0.00703549003601074,0.0276909999847412),
(-0.0123240003585815,0.00652950000762939,0.0276909999847412),(-0.0123240003585815,
0.0065295000076294,0.0275890007019043),(-0.0123159999847412,0.00628649997711182,
0.0331110000610352),(-0.0122919998168945,-0.000807499766349793,0.0332220001220703),
(-0.0122919998168945,0.00132450020313263,0.0332220001220703),(-0.0122919998168945,
-0.000807499766349793,0.0331110000610352),(-0.0122919998168945,0.00132450020313263,
0.0331110000610352),(-0.0122829999923706,0.00555650043487549,0.0332220001220703),
(-0.0122360000610352,0.00647350025177002,0.0332220001220703),(-0.0122039995193481,
0.00568950033187866,0.0331110000610352),(-0.0120900001525879,0.00693350028991699,
0.0331110000610352),(-0.0120590000152588,0.00705950021743775,0.0332220001220703),
(-0.0119820003509521,0.00761550045013428,0.0331110000610352),(-0.0119820003509521,
0.00761550045013428,0.0332220001220703),(-0.0119790000915527,0.00611650037765503,
0.0332220001220703),(-0.0119383401870727,0.00707683038711548,0.0275890007019043),
(-0.0119321804046631,0.00707748031616211,0.0276909999847412),(-0.0119319896697998,
0.00707750034332275,0.0276909999847412),(-0.0119316701889038,0.00707754039764404,
0.0275890007019043),(-0.0119090003967285,0.00629150009155274,0.0331110000610352),
(-0.0118979997634888,0.000911500215530395,0.0275890007019043),(-0.0118979997634888,
0.000911500215530395,0.0276909999847412),(-0.0118979997634888,0.00142550027370453,
0.0275890007019043),(-0.0118979997634888,0.00142550027370453,0.0276909999847412),
(-0.0118979997634888,0.00656750011444092,0.0275890007019043),(-0.0118979997634888,
0.00656750011444092,0.0276909999847412),(-0.0118979997634888,0.00708150005340576,
0.0275890007019043),(-0.0118979997634888,0.00708150005340576,0.0276909999847412),
(-0.0118100004196167,-0.000238499790430069,0.0332220001220703),(-0.0118100004196167,
-3.14997844398022E-5,0.0331110000610352),(-0.011798999786377,0.000179500222206115,
0.0332220001220703),(-0.0117720003128052,0.00668650007247925,0.0332220001220703),
(-0.0117629995346069,-0.000714499771595001,0.0331110000610352),(-0.0117480001449585,
0.000524500191211701,0.0332220001220703),(-0.0117399997711182,-0.000783499777317047,
0.0332220001220703),(-0.0117250003814697,0.000617500185966492,0.0331110000610352),
(-0.0116730003356934,0.00703750038146973,0.0331110000610352),(-0.011628999710083,
0.000882500231266022,0.0331110000610352),(-0.011628999710083,0.000882500231266022,
0.0332220001220703),(-0.0116000003814697,0.00761550045013428,0.0331110000610352),
(-0.0116000003814697,0.00761550045013428,0.0332220001220703),(-0.0115830001831055,
-0.00121449983119965,0.0331110000610352),(-0.0115550003051758,-0.00126149976253509,
0.0332220001220703),(-0.0115080003738403,0.00106550025939941,0.0332220001220703),
(-0.0114209995269775,-0.00141649973392487,0.0332220001220703),(-0.0114169998168945,
0.00027550020813942,0.0331110000610352),(-0.0114169998168945,0.00027550020813942,
0.0332220001220703),(-0.0113859996795654,-0.00071049976348877,0.0331110000610352),
(-0.0113859996795654,-0.00071049976348877,0.0332220001220703),(-0.0113369998931885,
-0.0014764997959137,0.0331110000610352),(-0.0113199996948242,0.00123650026321411,
0.0331110000610352),(-0.0113199996948242,0.00123650026321411,0.0332220001220703),
(-0.0112819995880127,-0.0106564998626709,0.0332220001220703),(-0.0112819995880127,
0.000775500237941742,0.0331110000610352),(-0.0112559995651245,-0.00109249973297119,
0.0331110000610352),(-0.0112559995651245,-0.00109249973297119,0.0332220001220703),
(-0.0112469997406006,0.000846500217914581,0.0332220001220703),(-0.0111759996414185,
0.00470950031280518,0.0331110000610352),(-0.0111759996414185,0.00470950031280518,
0.0332220001220703),(-0.0111759996414185,0.00505650043487549,0.0331110000610352),
(-0.0111759996414184,0.00505650043487549,0.0332220001220703),(-0.0111490001678467,
-0.00157149982452393,0.0332220001220703),(-0.0110909996032715,-0.00125249981880188,
0.0331110000610352),(-0.0110909996032715,-0.00125249981880188,0.0332220001220703),
(-0.0110489997863769,0.00102150022983551,0.0331110000610352),(-0.0110489997863769,
0.00102150022983551,0.0332220001220703),(-0.0110459995269775,-0.00160849976539612,
0.0331110000610352),(-0.0110380001068115,0.0013545001745224,0.0331110000610352),
(-0.0110380001068115,0.0013545001745224,0.0332220001220703),(-0.010835000038147,
-0.00133049976825714,0.0331110000610352),(-0.010835000038147,-0.00133049976825714,
0.0332220001220703),(-0.010826000213623,-0.00163149976730346,0.0331110000610352),
(-0.010826000213623,-0.00163149976730346,0.0332220001220703),(-0.0108140001296997,
0.00107450020313263,0.0331110000610352),(-0.0108140001296997,0.00107450020313263,
0.0332220001220703),(-0.0106149997711182,-0.00161149978637696,0.0332220001220703),
(-0.0106129999160767,-0.00128749978542328,0.0331110000610352),(-0.0106129999160767,
-0.00128749978542328,0.0332220001220703),(-0.0106099996566772,0.00720350027084351,
0.0331110000610352),(-0.0106099996566772,0.00720350027084351,0.0332220001220703),
(-0.0106099996566772,0.00761550045013428,0.0331110000610352),(-0.0106099996566772,
0.00761550045013428,0.0332220001220703),(-0.0105590000152588,0.000996500194072723,
0.0331110000610352),(-0.0105590000152588,0.000996500194072723,0.0332220001220703),
(-0.0105270004272461,0.00132950019836426,0.0331110000610352),(-0.0105270004272461,
0.00132950019836426,0.0332220001220703),(-0.0105019998550415,-0.00156949973106384,
0.0331110000610352),(-0.0104219999313354,-0.00112949979305267,0.0332220001220703),
(-0.0103970003128052,0.000837500214576721,0.0331110000610352),(-0.0103970003128052,
0.000837500214576721,0.0332220001220703),(-0.0103859996795654,-0.00105849981307983,
0.0331110000610352),(-0.0103339996337891,-0.00149349975585937,0.0332220001220703),
(-0.0102790002822876,-0.00145849978923798,0.0331110000610352),(-0.0102729997634888,
-0.000727499783039093,0.0331110000610352),(-0.0102670001983643,-0.000681499779224396,
0.0332220001220703),(-0.0102659997940063,0.00045450022816658,0.0331110000610352),
(-0.0102659997940063,0.00045450022816658,0.0332220001220703),(-0.0102239999771118,
-0.000196499779820442,0.0332220001220703),(-0.0102239999771118,6.15002140402794E-5,
0.0331110000610352),(-0.0102229995727539,-0.000357499778270721,0.0331110000610352),
(-0.0101870002746582,0.00720350027084351,0.0331110000610352),(-0.0101870002746582,
0.00720350027084351,0.0332220001220703),(-0.0101870002746582,0.00761550045013428,
0.0331110000610352),(-0.0101870002746582,0.00761550045013428,0.0332220001220703),
(-0.0101459999084473,-0.00132349979877472,0.0331110000610352),(-0.0101459999084473,
-0.00132349979877472,0.0332220001220703),(-0.0101400003433227,0.001069500207901,
0.0331110000610352),(-0.0101400003433227,0.001069500207901,0.0332220001220703),
(-0.0100249996185303,-0.00114149975776672,0.0331110000610352),(-0.00998699951171875,
0.000774500191211701,0.0332220001220703),(-0.00995499992370606,0.000682500243186951,
0.0331110000610352),(-0.0099040002822876,-0.00078249979019165,0.0332220001220703),
(-0.00986100006103516,0.000300500214099884,0.0331110000610352),(-0.00986100006103516,
0.000300500214099884,0.0332220001220703),(-0.00984700012207031,-0.000247499778866768,
0.0331110000610352),(-0.0098430004119873,-0.00018849977850914,0.0332220001220703),
(-0.00972200012207031,0.00142550027370453,0.0275890007019043),(-0.00972200012207031,
0.00142550027370453,0.0276909999847412),(-0.00972200012207031,0.00656750011444092,
0.0275890007019043),(-0.00972200012207031,0.00656750011444092,0.0276909999847412),
(-0.0095959997177124,0.00687350034713745,0.0331110000610352),(-0.00958800029754639,
0.00653550004959106,0.0331110000610352),(-0.00958800029754639,0.00653550004959107,
0.0332220001220703),(-0.00958100032806397,0.00697550010681152,0.0332220001220703),
(-0.00951799964904785,0.0071414999961853,0.0332220001220703),(-0.00947900009155273,
0.0062935004234314,0.0331110000610352),(-0.0094689998626709,0.00721750020980835,
0.0331110000610352),(-0.00946300029754639,-3.14997844398022E-5,0.0332220001220703),
(-0.00946199989318848,-0.000238499790430069,0.0331110000610352),(-0.00945399951934815,
0.00550050020217895,0.0331110000610352),(-0.00944900035858154,0.00532550001144409,
0.0332220001220703),(-0.00944799995422363,-0.000476499795913696,0.0332220001220703),
(-0.00944600009918213,0.00626350021362305,0.0332220001220703),(-0.00944499969482422,
0.00557750034332275,0.0332220001220703),(-0.00943400001525879,0.00522750043869019,
0.0331110000610352),(-0.00938099956512451,-0.000874499797821045,0.0331110000610352),
(-0.00935999965667725,0.000660500228404999,0.0331110000610352),(-0.00935799980163574,
0.00577250003814697,0.0332220001220703),(-0.00935299968719482,0.0050455002784729,
0.0332220001220703),(-0.00935000038146973,-0.000962499797344208,0.0332220001220703),
(-0.00931799983978271,0.000796500205993652,0.0332220001220703),(-0.00930099964141846,
0.00741750001907349,0.0331110000610352),(-0.00930099964141846,0.00741750001907349,
0.0332220001220703),(-0.00928999996185303,0.00584450006484985,0.0331110000610352),
(-0.00928400039672851,0.00496350002288818,0.0331110000610352),(-0.00923499965667725,
-0.00121449983119965,0.0331110000610352),(-0.00921599960327148,0.00675550031661987,
0.0331110000610352),(-0.00921599960327148,0.00675550031661987,0.0332220001220703),
(-0.00920899963378906,-0.00126149976253509,0.0332220001220703),(-0.0091879997253418,
0.00655850028991699,0.0331110000610352),(-0.0091879997253418,0.00655850028991699,
0.0332220001220703),(-0.00917300033569336,0.00699150037765503,0.0331110000610352),
(-0.00917300033569336,0.00699150037765503,0.0332220001220703),(-0.00916100025177002,
0.00106550025939941,0.0331110000610352),(-0.00916100025177002,0.00106550025939941,
0.0332220001220703),(-0.00915499973297119,0.00605250024795532,0.0331110000610352),
(-0.00915499973297119,0.00605250024795532,0.0332220001220703),(-0.00908500003814697,
-0.000160499781370163,0.0332220001220703),(-0.00908399963378906,-0.000350499778985977,
0.0331110000610352),(-0.00908300018310547,0.00541650009155273,0.0331110000610352),
(-0.00908300018310547,0.00541650009155273,0.0332220001220703),(-0.00907499980926514,
-0.00141649973392487,0.0332220001220703),(-0.00906999969482422,0.00027550020813942,
0.0331110000610352),(-0.0090629997253418,0.00635650014877319,0.0332220001220703),
(-0.0090629997253418,0.0063565001487732,0.0331110000610352),(-0.00904699993133545,
0.00602050018310547,0.0331110000610352),(-0.00904699993133545,0.00602050018310547,
0.0332220001220703),(-0.00904599952697754,0.00560650014877319,0.0331110000610352),
(-0.00904599952697754,0.0056065001487732,0.0332220001220703),(-0.00904500007629395,
-0.000665499806404114,0.0332220001220703),(-0.00904399967193603,0.00040950021147728,
0.0332220001220703),(-0.00903899955749512,-0.00071049976348877,0.0331110000610352),
(-0.00903899955749512,0.00521750020980835,0.0331110000610352),(-0.00903899955749512,
0.00521750020980835,0.0332220001220703),(-0.00903600025177002,0.0047625002861023,
0.0332220001220703),(-0.00902799987792969,0.00120150017738342,0.0332220001220703),
(-0.00902299976348877,0.00720350027084351,0.0331110000610352),(-0.00901000022888184,
0.00721550035476685,0.0332220001220703),(-0.00898999977111817,-0.0014764997959137,
0.0331110000610352),(-0.00894499969482422,0.00508750009536743,0.0331110000610352),
(-0.00894499969482422,0.00508750009536743,0.0332220001220703),(-0.0089399995803833,
0.00761750030517578,0.0332220001220703),(-0.00893400001525879,0.000775500237941742,
0.0332220001220703),(-0.00890900039672852,-0.00109249973297119,0.0331110000610352),
(-0.00890900039672852,-0.00109249973297119,0.0332220001220703),(-0.00889900016784668,
0.000846500217914581,0.0331110000610352),(-0.00889299964904785,0.00578750038146973,
0.0331110000610352),(-0.00889299964904785,0.00578750038146973,0.0332220001220703),
(-0.00888300037384033,0.00623150014877319,0.0331110000610352),(-0.00888300037384033,
0.00623150014877319,0.0332220001220703),(-0.00886400032043457,0.00469750022888184,
0.0332220001220703),(-0.00880700016021728,0.00733450031280518,0.0331110000610352),
(-0.00880700016021728,0.00733450031280518,0.0332220001220703),(-0.00880099964141846,
-0.00157149982452393,0.0332220001220703),(-0.00875699996948243,0.00498050022125244,
0.0331110000610352),(-0.00875699996948242,0.00498050022125244,0.0332220001220703),
(-0.00875,0.00765850019454956,0.0332220001220703),(-0.00874300003051758,
-0.00125249981880188,0.0331110000610352),(-0.00874300003051758,-0.00125249981880188,
0.0332220001220703),(-0.00870100021362305,0.00102150022983551,0.0331110000610352),
(-0.00870100021362305,0.00102150022983551,0.0332220001220703),(-0.00869799995422363,
-0.00160849976539612,0.0331110000610352),(-0.00869099998474121,0.0013545001745224,
0.0331110000610352),(-0.00869099998474121,0.0013545001745224,0.0332220001220703),
(-0.00867199993133545,0.00766350030899048,0.0331110000610352),(-0.00865499973297119,
0.00588650035858154,0.0332220001220703),(-0.00864400005340576,0.00618250036239624,
0.0331110000610352),(-0.00864400005340576,0.00618250036239624,0.0332220001220703),
(-0.00861999988555908,0.00466050004959106,0.0331110000610352),(-0.00856099987030029,
0.00589750003814697,0.0331110000610352),(-0.00849199962615967,0.00497450017929077,
0.0331110000610352),(-0.00848799991607666,-0.00133049976825714,0.0331110000610352),
(-0.00848799991607666,-0.00133049976825714,0.0332220001220703),(-0.00846599960327149,
0.00107450020313263,0.0331110000610352),(-0.00846599960327149,0.00107450020313263,
0.0332220001220703),(-0.0084069995880127,0.0059045000076294,0.0331110000610352),
(-0.00840699958801269,0.0059045000076294,0.0332220001220703),(-0.00839599990844727,
0.00733450031280518,0.0331110000610352),(-0.00839599990844727,0.00733450031280518,
0.0332220001220703),(-0.00839499950408936,0.00498850011825561,0.0332220001220703),
(-0.0083730001449585,-0.00162149977684021,0.0331110000610352),(-0.0083730001449585,
-0.00162149977684021,0.0332220001220703),(-0.00836600017547608,0.00622150039672852,
0.0331110000610352),(-0.00836600017547608,0.00622150039672852,0.0332220001220703),
(-0.00834799957275391,0.00468450021743774,0.0331110000610352),(-0.00834799957275391,
0.00468450021743774,0.0332220001220703),(-0.00833800029754639,0.00763450002670288,
0.0331110000610352),(-0.00833800029754639,0.00763450002670288,0.0332220001220703),
(-0.00826500034332275,-0.00128749978542328,0.0331110000610352),(-0.00826500034332275,
-0.00128749978542328,0.0332220001220703),(-0.00822700023651123,0.00508950042724609,
0.0331110000610352),(-0.00822700023651123,0.00508950042724609,0.0332220001220703),
(-0.00821199989318848,0.000996500194072723,0.0331110000610352),(-0.00821199989318848,
0.000996500194072723,0.0332220001220703),(-0.00820399951934814,0.00721250009536743,
0.0331110000610352),(-0.00820399951934814,0.00721250009536743,0.0332220001220703),
(-0.00817899990081787,0.00132950019836426,0.0331110000610352),(-0.00817899990081787,
0.00132950019836426,0.0332220001220703),(-0.00811800003051758,0.00524150037765503,
0.0331110000610352),(-0.00811800003051758,0.00524150037765503,0.0332220001220703),
(-0.00810099983215332,0.00477950000762939,0.0332220001220703),(-0.00807400035858154,
-0.00112949979305267,0.0332220001220703),(-0.00807400035858154,-0.00112949979305267,
0.0331110000610352),(-0.0080649995803833,0.00752850008010864,0.0331110000610352),
(-0.0080649995803833,0.00752850008010864,0.0332220001220703),(-0.0080629997253418,
0.00699150037765503,0.0332220001220703),(-0.00804899978637695,0.000837500214576721,
0.0331110000610352),(-0.00804899978637695,0.000837500214576721,0.0332220001220703),
(-0.00804300022125244,-0.00152749979496002,0.0331110000610352),(-0.00804300022125244,
-0.00152749979496002,0.0332220001220703),(-0.00804199981689453,0.00548650026321411,
0.0331110000610352),(-0.00804199981689453,0.00548650026321411,0.0332220001220703),
(-0.00804100036621094,0.00481850004196167,0.0331110000610352),(-0.00800699996948242,
0.00679050016403198,0.0331110000610352),(-0.00800699996948242,0.00679050016403198,
0.0332220001220703),(-0.00799599981307984,0.000715500235557556,0.0332220001220703),
(-0.00793400001525879,0.00743650007247925,0.0331110000610352),(-0.00789699983596802,
0.00032050022482872,0.0332220001220703),(-0.00789099979400635,-0.000543499767780304,
0.0331110000610352),(-0.00789099979400634,-0.000543499767780304,0.0332220001220703),
(-0.00788800001144409,0.00027550020813942,0.0331110000610352),(-0.00788100004196167,
0.00738050031661987,0.0332220001220703),(-0.00787799978256226,0.00496550035476685,
0.0331110000610352),(-0.00779899978637695,-0.00132349979877472,0.0331110000610352),
(-0.00779899978637695,-0.00132349979877472,0.0332220001220703),(-0.00779299974441528,
0.001069500207901,0.0331110000610352),(-0.00779299974441528,0.001069500207901,
0.0332220001220703),(-0.00777799987792969,0.00724350023269654,0.0331110000610352),
(-0.00777699995040894,0.00511550045013428,0.0332220001220703),(-0.00772699975967407,
0.00716450023651123,0.0332220001220703),(-0.00767399978637695,0.00542250013351441,
0.0331110000610352),(-0.00767399978637695,0.00542250013351441,0.0332220001220703),
(-0.00766200017929077,0.00698850011825562,0.0332220001220703),(-0.00764099979400635,
-0.00105449974536896,0.0331110000610352),(-0.00764099979400635,-0.00105449974536896,
0.0332220001220703),(-0.0076399998664856,0.000774500191211701,0.0332220001220703),
(-0.00763800001144409,0.00683750009536743,0.0331110000610352),(-0.00763800001144409,
0.00683750009536743,0.0332220001220703),(-0.0075609998703003,0.000491500228643417,
0.0331110000610352),(-0.00753599977493286,-0.000667499780654907,0.0332220001220703),
(-0.00752699995040894,0.000398500204086304,0.0332220001220703),(-0.00749399995803833,
-6.04997836053371E-5,0.0332220001220703),(-0.00749300003051758,7.50021543353796E-6,
0.0331110000610352),(-0.0071859998703003,0.00708150005340576,0.0275890007019043),
(-0.00718599987030029,0.00708150005340576,0.0276909999847412),(-0.00711399984359741,
6.35002180933952E-5,0.0332220001220703),(-0.00711299991607666,-0.00034949979186058,
0.0331110000610352),(-0.00710199975967407,-0.000421499788761139,0.0332220001220703),
(-0.00706899976730347,-0.000714499771595001,0.0331110000610352),(-0.00705399990081787,
0.000524500191211701,0.0332220001220703),(-0.0070310001373291,0.000617500185966492,
0.0331110000610352),(-0.00700299978256226,-0.000962499797344208,0.0332220001220703),
(-0.00693400001525879,0.000882500231266022,0.0331110000610352),(-0.00693400001525879,
0.000882500231266022,0.0332220001220703),(-0.00688800001144409,-0.00121449983119965,
0.0331110000610352),(-0.00686100006103516,-0.00126149976253509,0.0332220001220703),
(-0.00681300020217896,0.00106550025939941,0.0332220001220703),(-0.00672699975967407,
-0.00141649973392487,0.0332220001220703),(-0.00672300004959107,0.00027550020813942,
0.0331110000610352),(-0.00672300004959107,0.00027550020813942,0.0332220001220703),
(-0.00669199991226196,-0.00071049976348877,0.0331110000610352),(-0.00669199991226196,
-0.00071049976348877,0.0332220001220703),(-0.00664300012588501,-0.0014764997959137,
0.0331110000610352),(-0.006625,0.00123650026321411,0.0331110000610352),
(-0.006625,0.00123650026321411,0.0332220001220703),(-0.00658799982070923,
0.000775500237941742,0.0331110000610352),(-0.00656099987030029,-0.00109249973297119,
0.0331110000610352),(-0.00656099987030029,-0.00109249973297119,0.0332220001220703),
(-0.00655299997329712,0.000846500217914581,0.0332220001220703),(-0.00645499992370606,
-0.00157149982452393,0.0332220001220703),(-0.00639699983596802,-0.00125249981880188,
0.0331110000610352),(-0.00639699983596802,-0.00125249981880188,0.0332220001220703),
(-0.00635400009155274,0.00102150022983551,0.0331110000610352),(-0.00635400009155273,
0.00102150022983551,0.0332220001220703),(-0.00634999990463257,-0.00160849976539612,
0.0331110000610352),(-0.00634299993515015,0.0013545001745224,0.0331110000610352),
(-0.00634299993515015,0.0013545001745224,0.0332220001220703),(-0.00628999996185303,
0.00726850032806396,0.0332220001220703),(-0.00628999996185303,0.00726850032806397,
0.0331110000610352),(-0.00628999996185303,0.00761550045013428,0.0331110000610352),
(-0.00628999996185303,0.00761550045013428,0.0332220001220703),(-0.0061399998664856,
-0.00133049976825714,0.0331110000610352),(-0.0061399998664856,-0.00133049976825714,
0.0332220001220703),(-0.00613199996948242,-0.00163149976730346,0.0331110000610352),
(-0.00611899995803833,0.00107450020313263,0.0331110000610352),(-0.00611899995803833,
0.00107450020313263,0.0332220001220703),(-0.00602600002288818,-0.00162149977684021,
0.0332220001220703),(-0.00591799974441528,-0.00128749978542328,0.0331110000610352),
(-0.00591799974441528,-0.00128749978542328,0.0332220001220703),(-0.00586499977111816,
0.000996500194072723,0.0331110000610352),(-0.00586499977111816,0.000996500194072723,
0.0332220001220703),(-0.00583199977874756,0.00132950019836426,0.0331110000610352),
(-0.00583199977874756,0.00132950019836426,0.0332220001220703),(-0.00572800016403199,
-0.00112949979305267,0.0331110000610352),(-0.00572800016403198,-0.00112949979305267,
0.0332220001220703),(-0.00570100021362305,0.000837500214576721,0.0331110000610352),
(-0.00570100021362305,0.000837500214576721,0.0332220001220703),(-0.00569500017166138,
-0.00152749979496002,0.0331110000610352),(-0.0056399998664856,-0.00149349975585937,
0.0332220001220703),(-0.00563199996948242,-0.000907499790191651,0.0332220001220703),
(-0.00563199996948242,-0.00090749979019165,0.0331110000610352),(-0.00557200002670288,
0.00045450022816658,0.0331110000610352),(-0.00557200002670288,0.00045450022816658,
0.0332220001220703),(-0.00554199981689453,-0.000497499793767929,0.0331110000610352),
(-0.00552899980545044,-0.000196499779820442,0.0332220001220703),(-0.00552799987792969,
6.15002140402794E-5,0.0331110000610352),(-0.00545100021362305,-0.00132349979877472,
0.0331110000610352),(-0.00545100021362305,-0.00132349979877472,0.0332220001220703),
(-0.00544500017166138,0.001069500207901,0.0331110000610352),(-0.00544500017166138,
0.001069500207901,0.0332220001220703),(-0.00529299974441529,-0.00105449974536896,
0.0331110000610352),(-0.00529299974441528,-0.00105449974536896,0.0332220001220703),
(-0.00529299974441528,0.000774500191211701,0.0331110000610352),(-0.00525899982452393,
0.000682500243186951,0.0332220001220703),(-0.00518900012969971,-0.000667499780654907,
0.0332220001220703),(-0.00517799997329712,0.000348500221967697,0.0331110000610352),
(-0.00516599988937378,0.000300500214099884,0.0332220001220703),(-0.00515000009536743,
-0.000318499773740768,0.0331110000610352),(-0.00514699983596802,-0.00018849977850914,
0.0332220001220703),(-0.00480200004577637,0.0046705002784729,0.0331110000610352),
(-0.00480200004577637,0.0046705002784729,0.0332220001220703),(-0.00480200004577637,
0.00726850032806396,0.0331110000610352),(-0.00480200004577637,0.00726850032806397,
0.0332220001220703),(-0.00440199995040893,0.0046705002784729,0.0331110000610352),
(-0.00440199995040893,0.0046705002784729,0.0332220001220703),(-0.00440199995040893,
0.00761550045013428,0.0331110000610352),(-0.00440199995040893,0.00761550045013428,
0.0332220001220703),(-0.00419700002670288,-0.00163149976730346,0.0331110000610352),
(-0.00419700002670288,-0.00163149976730346,0.0332220001220703),(-0.00419700002670288,
0.00132450020313263,0.0331110000610352),(-0.00419700002670288,0.00132450020313263,
0.0332220001220703),(-0.00395600008964539,-0.00163149976730346,0.0331110000610352),
(-0.00395600008964539,-0.00163149976730346,0.0332220001220703),(-0.00382500004768372,
-0.00097849977016449,0.0331110000610352),(-0.00382500004768372,-0.00097849977016449,
0.0332220001220703),(-0.00382500004768372,0.00132450020313263,0.0331110000610352),
(-0.00382500004768372,0.00132450020313263,0.0332220001220703),(-0.00381099987030029,
-0.0014194997549057,0.0332220001220703),(-0.00371499991416931,0.0046705002784729,
0.0332220001220703),(-0.00371499991416931,0.00761550045013428,0.0332220001220703),
(-0.00371499991416931,0.0046705002784729,0.0331110000610352),(-0.00371499991416931,
0.00761550045013428,0.0331110000610352),(-0.00356900000572204,-0.00119449973106384,
0.0331110000610352),(-0.00353299999237061,-0.00076449978351593,0.0332220001220703),
(-0.00348499989509582,-0.000740499794483185,0.0331110000610352),(-0.00346700000762939,
-0.00111249983310699,0.0332220001220703),(-0.00331500005722046,0.0046705002784729,
0.0331110000610352),(-0.00331500005722046,0.0046705002784729,0.0332220001220703),
(-0.00331500005722046,0.00761550045013428,0.0331110000610352),(-0.00331500005722046,
0.00761550045013428,0.0332220001220703),(-0.00308399987220764,-0.000893499791622162,
0.0331110000610352),(-0.00308399987220764,-0.000893499791622162,0.0332220001220703),
(-0.00308399987220764,-0.000543499767780304,0.0331110000610352),(-0.00308399987220764,
-0.000543499767780304,0.0332220001220703),(-0.00292700004577637,0.00761550045013428,
0.0331110000610352),(-0.00292700004577637,0.00761550045013428,0.0332220001220703),
(-0.00247199988365174,0.00761550045013428,0.0331110000610352),(-0.00247199988365174,
0.00761550045013428,0.0332220001220703),(-0.00211899995803833,0.00672450017929077,
0.0331110000610352),(-0.00211899995803833,0.00672450017929077,0.0332220001220703),
(-0.00199599993228913,0.00640650033950806,0.0331110000610352),(-0.00199599993228913,
0.00640650033950806,0.0332220001220703),(-0.00169099998474121,0.0046705002784729,
0.0331110000610352),(-0.00169099998474121,0.0046705002784729,0.0332220001220703),
(-0.00146599996089935,0.00498050022125244,0.0331110000610352),(-0.00146599996089935,
0.00498050022125244,0.0332220001220703),(-0.00139499998092651,0.0052645001411438,
0.0332220001220703),(-0.00125999999046326,0.0046705002784729,0.0331110000610352),
(-0.00125999999046326,0.0046705002784729,0.0332220001220703),(-0.00124800002574921,
-3.14997844398022E-5,0.0331110000610352),(-0.00124500000476837,-0.00034949979186058,
0.0332220001220703),(-0.0012279999256134,0.000295500218868256,0.0332220001220703),
(-0.00120799994468689,0.00040950021147728,0.0331110000610352),(-0.00119999992847443,
-0.000675499796867371,0.0331110000610352),(-0.00113599991798401,-0.000962499797344208,
0.0332220001220703),(-0.00110399997234344,0.000796500205993652,0.0331110000610352),
(-0.00106700003147125,0.000882500231266022,0.0332220001220703),(-0.00102100002765655,
-0.00121449983119965,0.0331110000610352),(-0.00099399995803833,-0.00126149976253509,
0.0332220001220703),(-0.000970999956130982,0.00640650033950806,0.0331110000610352),
(-0.000970999956130981,0.00640650033950806,0.0332220001220703),(-0.00094599997997284,
0.00106550025939941,0.0332220001220703),(-0.000945999979972839,0.00106550025939941,
0.0331110000610352),(-0.000870000004768372,-0.000205499783158303,0.0331110000610352),
(-0.000870000004768372,-0.000205499783158303,0.0332220001220703),(-0.00085999995470047,
-0.00141649973392487,0.0332220001220703),(-0.000856000006198883,0.00027550020813942,
0.0331110000610352),(-0.000856000006198883,0.00672450017929077,0.0331110000610352),
(-0.000856000006198883,0.00672450017929077,0.0332220001220703),(-0.0008299999833107,
0.00040950021147728,0.0332220001220703),(-0.000824000000953674,-0.00071049976348877,
0.0331110000610352),(-0.000813999950885773,0.00120150017738342,0.0332220001220703),
(-0.000810000002384186,-0.000753499805927277,0.0332220001220703),(-0.000775999963283539,
-0.0014764997959137,0.0331110000610352),(-0.000719999969005585,0.000775500237941742,
0.0332220001220703),(-0.000694000005722046,-0.00109249973297119,0.0331110000610352),
(-0.000694000005722046,-0.00109249973297119,0.0332220001220703),(-0.000685000002384186,
0.000846500217914581,0.0331110000610352),(-0.000586999952793121,-0.00157149982452393,
0.0332220001220703),(-0.000528999984264374,-0.00125249981880188,0.0331110000610352),
(-0.000528999984264374,-0.00125249981880188,0.0332220001220703),(-0.000523999989032745,
0.00761550045013428,0.0331110000610352),(-0.000523999989032745,0.00761550045013428,
0.0332220001220703),(-0.000486999988555908,0.00102150022983551,0.0331110000610352),
(-0.000486999988555908,0.00102150022983551,0.0332220001220703),(-0.000483999967575073,
-0.00160849976539612,0.0331110000610352),(-0.000475999981164932,0.0013545001745224,
0.0331110000610352),(-0.000475999981164932,0.0013545001745224,0.0332220001220703),
(-0.000272999972105026,-0.00133049976825714,0.0331110000610352),(-0.000272999972105026,
-0.00133049976825714,0.0332220001220703),(-0.000263999968767166,-0.00163149976730346,
0.0331110000610352),(-0.000251999974250794,0.00107450020313263,0.0331110000610352),
(-0.000251999974250794,0.00107450020313263,0.0332220001220703),(-0.000158999979496002,
-0.00162149977684021,0.0332220001220703),(-9.99999791383743E-5,0.00761550045013428,
0.0331110000610352),(-9.99999791383743E-5,0.00761550045013428,0.0332220001220703),
(-5.09999766945839E-5,-0.00128749978542328,0.0331110000610352),(-5.09999766945839E-5,
-0.00128749978542328,0.0332220001220703),(3.00002284348011E-6,0.000996500194072723,
0.0331110000610352),(3.00002284348011E-6,0.000996500194072723,0.0332220001220703),
(3.50000225007534E-5,0.00132950019836426,0.0331110000610352),(3.50000225007534E-5,
0.00132950019836426,0.0332220001220703),(0.000140000015497208,-0.00112949979305267,
0.0332220001220703),(0.000140000015497208,-0.00112949979305267,0.0331110000610352),
(0.000165000021457672,0.000837500214576721,0.0331110000610352),(0.000165000021457672,
0.000837500214576721,0.0332220001220703),(0.000172000020742416,-0.00152749979496002,
0.0331110000610352),(0.000227000027894974,-0.00149349975585937,0.0332220001220703),
(0.000289000034332275,-0.000727499783039093,0.0332220001220703),(0.000301000028848648,
0.00040950021147728,0.0332220001220703),(0.000301000028848648,0.00040950021147728,
0.0331110000610352),(0.000323000013828277,-0.000543499767780304,0.0331110000610352),
(0.000338000029325486,-0.000209499791264534,0.0332220001220703),(0.000340000033378601,
-0.000163499787449836,0.0331110000610352),(0.000415000021457672,-0.00132349979877472,
0.0331110000610352),(0.000415000021457672,-0.00132349979877472,0.0332220001220703),
(0.000422000020742416,0.001069500207901,0.0331110000610352),(0.000422000020742416,
0.001069500207901,0.0332220001220703),(0.000537000000476837,-0.00114149975776672,
0.0332220001220703),(0.000574000000953674,-0.00105449974536896,0.0331110000610352),
(0.000575000047683716,0.0007745001912117,0.0332220001220703),(0.000655000030994416,
0.000491500228643417,0.0331110000610352),(0.000678000032901764,-0.000667499780654907,
0.0331110000610352),(0.000698000013828278,-0.000551499783992767,0.0332220001220703),
(0.000701000034809113,0.000300500214099884,0.0332220001220703),(0.000721000015735626,
-6.04997836053371E-5,0.0332220001220703),(0.000721000015735626,7.50021543353796E-6,
0.0331110000610352),(0.00106900000572205,0.00025350022315979,0.0332220001220703),
(0.00107500004768372,0.000180500209331512,0.0331110000610352),(0.00107700002193451,
0.000492500215768814,0.0331110000610352),(0.00107700002193451,0.000492500215768814,
0.0332220001220703),(0.00109800004959106,0.00611350011825562,0.0331110000610352),
(0.00109800004959106,0.00611350011825562,0.0332220001220703),(0.00109800004959106,
0.00720450019836426,0.0331110000610352),(0.00109800004959106,0.00720450019836426,
0.0332220001220703),(0.00112400007247925,0.000691500186920166,0.0332220001220703),
(0.00114400005340576,0.00549550008773804,0.0331110000610352),(0.00114400005340576,
0.00549550008773804,0.0332220001220703),(0.00119099998474121,0.000819500207901001,
0.0331110000610352),(0.00119200003147125,-0.000167499780654907,0.0332220001220703),
(0.00120700001716614,-0.00157949984073639,0.0331110000610352),(0.00120700001716614,
-0.00157949984073639,0.0332220001220703),(0.00120700001716614,-0.00123349976539612,
0.0331110000610352),(0.00120700001716614,-0.00123349976539612,0.0332220001220703),
(0.00130400002002716,0.00101750016212463,0.0332220001220703),(0.00132000005245209,
-0.000339499771595001,0.0331110000610352),(0.00137400007247925,0.00502250003814697,
0.0332220001220703),(0.00141100001335144,0.00112550020217895,0.0331110000610352),
(0.00141100001335144,0.00112550020217895,0.0332220001220703),(0.00141700005531311,
0.00497550010681152,0.0331110000610352),(0.00144700002670288,-0.000450499773025513,
0.0331110000610352),(0.00144700002670288,-0.000450499773025513,0.0332220001220703),
(0.00146200001239777,0.000359500229358673,0.0332220001220703),(0.00147399997711182,
0.00744450044631958,0.0331110000610352),(0.00147399997711182,0.00744450044631958,
0.0332220001220703),(0.00148900008201599,0.000127500221133232,0.0332220001220703),
(0.00148900008201599,0.00646150016784668,0.0332220001220703),(0.00148900008201599,
0.00700850009918213,0.0332220001220703),(0.00148900008201599,0.000127500221133232,
0.0331110000610352),(0.00148900008201599,0.00646150016784668,0.0331110000610352),
(0.00148900008201599,0.00700850009918213,0.0331110000610352),(0.00150400006771088,
0.0055915002822876,0.0331110000610352),(0.00150400006771088,0.0055915002822876,
0.0332220001220703),(0.00153200006484985,0.000709500193595886,0.0331110000610352),
(0.00153200006484985,0.000709500193595886,0.0332220001220703),(0.00162600004673004,
-0.000114499785006046,0.0331110000610352),(0.00162600004673004,-0.000114499785006046,
0.0332220001220703),(0.00163999998569488,0.0047935004234314,0.0332220001220703),
(0.00165700006484985,0.000892500221729279,0.0331110000610352),(0.00165700006484985,
0.000892500221729279,0.0332220001220703),(0.00167299997806549,0.00523750019073486,
0.0331110000610352),(0.00167299997806549,0.00523750019073486,0.0332220001220703),
(0.00171399998664856,0.00475950002670288,0.0331110000610352),(0.00175,0.00132150018215179,
0.0332220001220703),(0.0017720000743866,-0.000599499762058258,0.0332220001220703),
(0.00182300007343292,-0.000252499788999557,0.0332220001220703),(0.00182300007343292,
-0.000252499788999557,0.0331110000610352),(0.00186600005626679,0.0072165002822876,
0.0332220001220703),(0.00187800002098084,0.00103750026226044,0.0331110000610352),
(0.00187800002098084,0.00103750026226044,0.0332220001220703),(0.0019099999666214,
0.00505650043487549,0.0331110000610352),(0.0019099999666214,0.00505650043487549,
0.0332220001220703),(0.0019210000038147,0.00723550033569336,0.0331110000610352),
(0.00194400000572204,0.0013635002374649,0.0332220001220703),(0.0019780000448227,
-0.000624499797821045,0.0331110000610352),(0.00201800012588501,-0.000620499789714813,
0.0332220001220703),(0.00201999998092652,0.00136950016021728,0.0331110000610352),
(0.00202200007438659,0.00763550043106079,0.0331110000610352),(0.00208500003814697,
-0.000307499796152115,0.0331110000610352),(0.00208500003814697,-0.000307499796152115,
0.0332220001220703),(0.00209700012207031,0.00107750022411346,0.0331110000610352),
(0.00209700012207031,0.00107750022411346,0.0332220001220703),(0.00211199998855591,
0.00764650011062622,0.0332220001220703),(0.0021619999408722,0.00463550043106079,
0.0332220001220703),(0.00226099991798401,0.0013655002117157,0.0332220001220703),
(0.00231100010871887,0.00462350034713745,0.0331110000610352),(0.00234100008010864,
0.00495550012588501,0.0331110000610352),(0.00234100008010864,0.00495550012588501,
0.0332220001220703),(0.00234999990463257,-0.000560499787330628,0.0331110000610352),
(0.00234999990463257,-0.000560499787330628,0.0332220001220703),(0.00237800002098084,
0.00611550045013428,0.0331110000610352),(0.00237800002098084,0.00611550045013428,
0.0332220001220703),(0.00237800002098084,0.00646150016784668,0.0331110000610352),
(0.00237800002098084,0.00646150016784668,0.0332220001220703),(0.00238300013542176,
0.00766149997711182,0.0331110000610352),(0.00241300010681152,-0.00123349976539612,
0.0331110000610352),(0.00241300010681152,-0.00123349976539612,0.0332220001220703),
(0.0024210000038147,0.00731150007247925,0.0332220001220703),(0.00242700004577637,
-0.000226499781012535,0.0331110000610352),(0.00242700004577637,-0.000226499781012535,
0.0332220001220703),(0.00245499992370606,0.00132150018215179,0.0332220001220703),
(0.00247699999809265,0.000938500225543976,0.0331110000610352),(0.00247699999809265,
0.000938500225543976,0.0332220001220703),(0.00257500004768372,-0.000442499786615372,
0.0331110000610352),(0.00257500004768372,-0.000442499786615372,0.0332220001220703),
(0.00261400008201599,0.000746500194072723,0.0331110000610352),(0.00261400008201599,
0.000746500194072723,0.0332220001220703),(0.00263499999046325,0.0012405002117157,
0.0331110000610352),(0.00263499999046325,0.0012405002117157,0.0332220001220703),
(0.00265300011634826,-2.24997848272323E-5,0.0331110000610352),(0.00265300011634826,
-2.24997848272323E-5,0.0332220001220703),(0.00267600011825561,0.00052150022983551,
0.0331110000610352),(0.00267600011825561,0.00052150022983551,0.0332220001220703),
(0.0026890001296997,0.00499350023269653,0.0331110000610352),(0.00270900011062622,
-0.00157949984073639,0.0331110000610352),(0.00270900011062622,-0.00157949984073639,
0.0332220001220703),(0.00272300004959106,0.00726550006866455,0.0331110000610352),
(0.00272300004959106,0.00726550006866455,0.0332220001220703),(0.00276399993896484,
0.00761650037765503,0.0331110000610352),(0.00276399993896484,0.00761650037765503,
0.0332220001220703),(0.00276999998092651,0.00114950025081634,0.0332220001220703),
(0.00281299996376037,0.00502250003814697,0.0332220001220703),(0.00286199998855591,
0.00468450021743774,0.0332220001220703),(0.00293499994277954,0.00470450019836426,
0.0331110000610352),(0.00296300005912781,0.0071705002784729,0.0331110000610352),
(0.00297699999809265,0.000879500210285187,0.0331110000610352),(0.00297699999809265,
0.000879500210285187,0.0332220001220703),(0.00300200009346009,-6.64997845888138E-5,
0.0331110000610352),(0.00300200009346009,-6.64997845888138E-5,0.0332220001220703),
(0.00305900001525879,0.00515050029754639,0.0331110000610352),(0.00305900001525879,
0.00515050029754639,0.0332220001220703),(0.00306500005722046,0.000553500235080719,
0.0331110000610352),(0.00306500005722046,0.000553500235080719,0.0332220001220703),
(0.00311100006103515,0.0074975004196167,0.0332220001220703),(0.00313800001144409,
0.00705150032043457,0.0332220001220703),(0.00317000007629394,0.00480750036239624,
0.0332220001220703),(0.00317400002479553,0.0052495002746582,0.0332220001220703),
(0.0032810001373291,0.00686250019073487,0.0331110000610352),(0.00332999992370605,
0.00736550045013428,0.0331110000610352),(0.00334999990463257,0.00491550016403198,
0.0331110000610352),(0.00336299991607666,0.00673850011825562,0.0332220001220703),
(0.00338199996948242,0.00558950042724609,0.0331110000610352),(0.00338199996948243,
0.00558950042724609,0.0332220001220703),(0.0034300000667572,0.00729450035095215,
0.0332220001220703),(0.0034319999217987,0.0065435004234314,0.0332220001220703),
(0.00344700002670288,0.000288500219583511,0.0331110000610352),(0.00344700002670288,
0.000288500219583511,0.0332220001220703),(0.00344700002670288,0.000620500206947327,
0.0331110000610352),(0.00344700002670288,0.000620500206947327,0.0332220001220703),
(0.00344700002670288,0.00647049999237061,0.0331110000610352),(0.00345000004768372,
0.00583150005340576,0.0331110000610352),(0.00345300006866455,0.0210935001373291,
0.0275370006561279),(0.00345300006866455,0.0211014995574951,0.0274080009460449),
(0.00345300006866455,0.0211014995574951,0.0276650009155274),(0.00345300006866455,
0.021126501083374,0.0272819995880127),(0.00345300006866455,0.021126501083374,
0.0277919998168946),(0.00345300006866455,0.0211674995422363,0.0271599998474121),
(0.00345300006866455,0.0211674995422363,0.0279139995574951),(0.00345300006866455,
0.0212245006561279,0.0270440006256104),(0.00345300006866455,0.0212245006561279,
0.0280289993286133),(0.00345300006866455,0.021296501159668,0.0269370002746582),
(0.00345300006866455,0.021296501159668,0.0281369991302491),(0.00345300006866455,
0.0213815002441406,0.0268400001525879),(0.00345300006866455,0.0213815002441406,
0.0282329998016357),(0.00345300006866455,0.021478500366211,0.0267549991607666),
(0.00345300006866455,0.021478500366211,0.028318000793457),(0.00345300006866455,
0.0215855007171631,0.0266840000152588),(0.00345300006866455,0.0215855007171631,
0.0283899993896484),(0.00345300006866455,0.0217005004882812,0.0266270008087158),
(0.00345300006866455,0.0217005004882812,0.02844700050354),(0.00345300006866455,
0.0218225002288818,0.0265849990844727),(0.00345300006866455,0.0218225002288818,
0.028488000869751),(0.00345300006866455,0.0219495010375977,0.0265599994659424),
(0.00345300006866455,0.0219495010375977,0.0285139999389648),(0.00345300006866455,
0.0220774993896484,0.0265520000457764),(0.00345300006866455,0.0220774993896484,
0.0285219993591308),(0.00345300006866455,0.0222065010070801,0.0265599994659424),
(0.00345300006866455,0.0222065010070801,0.0285139999389648),(0.00345300006866455,
0.0223325004577637,0.028488000869751),(0.00345300006866455,0.0223325004577637,
0.0265849990844727),(0.00345300006866455,0.0224545001983643,0.0266270008087158),
(0.00345300006866455,0.0224545001983643,0.02844700050354),(0.00345300006866455,
0.0225694999694825,0.0266840000152588),(0.00345300006866455,0.0225694999694825,
0.0283899993896484),(0.00345300006866455,0.0226774997711181,0.0267549991607666),
(0.00345300006866455,0.0226774997711181,0.028318000793457),(0.00345300006866455,
0.0227735004425049,0.0268400001525879),(0.00345300006866455,0.0227735004425049,
0.0282329998016357),(0.00345300006866455,0.0228584995269775,0.0269370002746582),
(0.00345300006866455,0.0228584995269775,0.0281369991302491),(0.00345300006866455,
0.0229305000305176,0.0270440006256104),(0.00345300006866455,0.0229305000305176,
0.0280289993286133),(0.00345300006866455,0.0229875011444092,0.0271599998474121),
(0.00345300006866455,0.0229875011444092,0.0279139995574951),(0.00345300006866455,
0.0230284996032715,0.0272819995880127),(0.00345300006866455,0.0230284996032715,
0.0277919998168946),(0.00345300006866455,0.0230535011291504,0.0274080009460449),
(0.00345300006866455,0.0230535011291504,0.0276650009155274),(0.00345300006866455,
0.0230625,0.0275370006561279),(0.00347799992561341,0.00608150005340576,
0.0332220001220703),(0.00352800011634826,0.00508350038528442,0.0332220001220703),
(0.00352800011634827,0.00508350038528443,0.0331110000610352),(0.00359500002861023,
0.00711550045013428,0.0331110000610352),(0.00365100002288819,0.00702850008010864,
0.0332220001220703),(0.00368700003623963,0.00531850004196167,0.0332220001220703),
(0.0037350001335144,0.00687950038909912,0.0331110000610352),(0.00383400011062622,
0.00574850034713745,0.0331110000610352),(0.00384299993515014,0.00574650001525879,
0.0332220001220703),(0.00384500002861023,0.00655950021743774,0.0331110000610352),
(0.00385500001907348,-0.00161949980258942,0.0331110000610352),(0.00385500001907348,
-0.00161949980258942,0.0332220001220703),(0.00385500001907348,0.000288500219583511,
0.0331110000610352),(0.00385500001907348,0.000288500219583511,0.0332220001220703),
(0.00385500001907348,0.000620500206947327,0.0331110000610352),(0.00385500001907348,
0.000620500206947327,0.0332220001220703),(0.00385500001907348,0.00132450020313263,
0.0331110000610352),(0.00385500001907348,0.00132450020313263,0.0332220001220703),
(0.00388599991798401,0.0060164999961853,0.0332220001220703),(0.00388899993896484,
0.00622650003433228,0.0331110000610352),(0.00406799983978271,-0.0140314998626709,
0.0329300003051758),(0.00406799983978271,-0.0140234994888306,0.0328009986877442),
(0.00406799983978271,-0.0140234994888306,0.0330579986572265),(0.00406799983978271,
-0.0139984998703003,0.0326749992370605),(0.00406799983978271,-0.0139984998703003,
0.033185001373291),(0.00406799983978271,-0.0139565000534058,0.0325530014038086),
(0.00406799983978271,-0.0139565000534058,0.0333069992065429),(0.00406799983978271,
-0.0138994998931885,0.0324370002746582),(0.00406799983978271,-0.0138994998931885,
0.0334220008850097),(0.00406799983978271,-0.0138284997940063,0.0323300018310547),
(0.00406799983978271,-0.0138284997940063,0.0335289993286133),(0.00406799983978271,
-0.0137434997558594,0.0322330017089844),(0.00406799983978271,-0.0137434997558594,
0.0336259994506836),(0.00406799983978271,-0.0136464996337891,0.0321479988098144),
(0.00406799983978271,-0.0136464996337891,0.0337109985351563),(0.00406799983978271,
-0.0135395002365112,0.0320760002136231),(0.00406799983978271,-0.0135395002365112,
0.033783000946045),(0.00406799983978271,-0.0134244995117187,0.0320190010070801),
(0.00406799983978271,-0.0134244995117187,0.0338400001525879),(0.00406799983978271,
-0.0133024997711182,0.0319780006408691),(0.00406799983978271,-0.0133024997711182,
0.0338810005187989),(0.00406799983978271,-0.0131754999160767,0.0319529991149902),
(0.00406799983978271,-0.0130474996566772,0.0319440002441407),(0.00406799983978271,
-0.0130474996566772,0.0339150009155273),(0.00406799983978271,-0.0129184999465942,
0.0319529991149902),(0.00406799983978271,-0.0129184999465942,0.0339059982299805),
(0.00406799983978271,-0.0127924995422363,0.0319780006408691),(0.00406799983978271,
-0.0127924995422363,0.0338810005187989),(0.00406799983978271,-0.0127820796966553,
0.0319815006256103),(0.00406799983978271,-0.0127237195968628,0.0320947608947754),
(0.00406799983978271,-0.0126704998016357,0.0338400001525879),(0.00406799983978271,
-0.0125544996261597,0.033783000946045),(0.00406799983978271,-0.0124475002288818,
0.0337109985351563),(0.00406799983978271,-0.0123505001068115,0.0336259994506836),
(0.00406799983978271,-0.0122664995193481,0.0335289993286133),(0.00406799983978271,
-0.0121944999694824,0.0334220008850097),(0.00406799983978271,-0.0121444902420044,
0.03269047164917),(0.00406799983978271,-0.0121374998092651,0.0333069992065429),
(0.00406799983978271,-0.0120964994430542,0.033185001373291),(0.00406799983978271,
-0.0120833597183228,0.0327386817932129),(0.00406799983978271,-0.012070499420166,
0.0328009986877442),(0.00406799983978271,-0.012070499420166,0.0330579986572265),
(0.00406799983978271,-0.0120625,0.0329300003051758),(0.00406799983978272,
-0.0131754999160767,0.0339059982299805),(0.00406799983978272,-0.0124517202377319,
0.0324169616699219),(0.00406799983978272,-0.0123151693344116,0.0325639190673828),
(0.00414900016784668,0.0046705002784729,0.0331110000610352),(0.00414900016784668,
0.0046705002784729,0.0332220001220703),(0.0041579999923706,-0.00161949980258942,
0.0331110000610352),(0.0041579999923706,-0.00161949980258942,0.0332220001220703),
(0.00422599983215332,-0.00103949975967407,0.0331110000610352),(0.00422599983215332,
-0.00103949975967407,0.0332220001220703),(0.00422599983215332,0.000288500219583511,
0.0331110000610352),(0.00422599983215332,0.000288500219583511,0.0332220001220703),
(0.00422599983215332,0.000620500206947327,0.0331110000610352),(0.00422599983215332,
0.000620500206947327,0.0332220001220703),(0.00422599983215332,0.00132450020313263,
0.0331110000610352),(0.00422599983215332,0.00132450020313263,0.0332220001220703),
(0.00461600017547607,0.0046705002784729,0.0331110000610352),(0.00461600017547607,
0.0046705002784729,0.0332220001220703),(0.00510200023651123,0.00708150005340576,
0.0275890007019043),(0.00510200023651123,0.00708150005340576,0.0276909999847412),
(0.00517199993133545,0.000288500219583511,0.0331110000610352),(0.00517199993133545,
0.000288500219583511,0.0332220001220703),(0.00535500001907349,0.00636850023269653,
0.0331110000610352),(0.00535500001907349,0.00636850023269653,0.0332220001220703),
(0.00535500001907349,0.00761550045013428,0.0331110000610352),(0.00535500001907349,
0.00761550045013428,0.0332220001220703),(0.0055310001373291,0.00605650043487549,
0.0331110000610352),(0.0055310001373291,0.00605650043487549,0.0332220001220703),
(0.00553700017929077,0.000288500219583511,0.0331110000610352),(0.00553700017929077,
0.000288500219583511,0.0332220001220703),(0.00553700017929077,0.000620500206947327,
0.0331110000610352),(0.00553700017929077,0.000620500206947327,0.0332220001220703),
(0.00575500011444092,0.00636850023269653,0.0331110000610352),(0.00575500011444092,
0.00636850023269653,0.0332220001220703),(0.00575500011444092,0.00761550045013428,
0.0331110000610352),(0.00575500011444092,0.00761550045013428,0.0332220001220703),
(0.00578399991989136,0.000481500208377838,0.0331110000610352),(0.00579899978637696,
0.00058350020647049,0.0332220001220703),(0.00580600023269653,0.00024450021982193,
0.0331110000610352),(0.00580600023269653,0.00024450021982193,0.0332220001220703),
(0.00584499979019165,0.000768500208854675,0.0331110000610352),(0.0058769998550415,
0.00085150021314621,0.0332220001220703),(0.00591599988937378,3.50021524354816E-6,
0.0331110000610352),(0.00593100023269653,-0.000866499781608582,0.0332220001220703),
(0.00594000005722046,-0.000789499759674072,0.0331110000610352),(0.00594799995422363,
-2.74997837841511E-5,0.0332220001220703),(0.00597399997711182,0.001001500248909,
0.0331110000610352),(0.00597399997711182,0.001001500248909,0.0332220001220703),
(0.006,-0.00115449976921082,0.0331110000610352),(0.00603600025177002,-0.000518499791622162,
0.0332220001220703),(0.00603999996185303,-0.00124549973011017,0.0332220001220703),
(0.00606900024414062,-0.0144994993209839,0.0264099998474121),(0.00606900024414062,
-0.0136464996337891,0.0321479988098144),(0.00606900024414062,-0.013214409828186,
0.0306319007873535),(0.00606900024414062,-0.0130064401626587,0.0315708293914795),
(0.00606900024414062,-0.0128579702377319,0.0318378791809082),(0.00606900024414062,
-0.011464729309082,0.0330517311096192),(0.00606900024414062,-0.0113361902236938,
0.0331160011291504),(0.00606900024414062,-0.00649549961090088,0.0276909999847412),
(0.00606900024414062,-0.000492099791765213,0.0332220001220703),(0.00606900024414062,
-0.000110779784619808,0.0331110000610352),(0.00606900024414062,0.000911500215530395,
0.0275890007019043),(0.00606900024414062,0.00107825016975403,0.0331806488037109),
(0.00606900024414062,0.00591044998168945,0.0332220001220703),(0.00606900024414062,
0.0116885004043579,0.0276909999847412),(0.00606900024414062,0.0203417911529541,
0.02839328956604),(0.00606900024414062,0.020951810836792,0.0292872695922851),
(0.00606900024414062,0.0211014995574951,0.0274080009460449),(0.00606900024414062,
0.0211014995574951,0.0276650009155274),(0.00606900024414062,0.021296501159668,
0.0281369991302491),(0.00606900024414062,0.0215855007171631,0.0283899993896484),
(0.00606900024414062,0.0217005004882812,0.0266270008087159),(0.00606900024414062,
0.0218225002288818,0.028488000869751),(0.00606900024414062,0.0219734992980957,
0.0264099998474121),(0.00606900024414062,0.0220774993896484,0.0285219993591308),
(0.00606900024414062,0.0222065010070801,0.0265599994659424),(0.00606900024414062,
0.0222065010070801,0.0285139999389648),(0.00606900024414062,0.0232455005645752,
0.0343300018310547),(0.00606900024414063,-0.0144994993209839,0.0343300018310547),
(0.00606900024414063,-0.0140314998626709,0.0329300003051758),(0.00606900024414063,
-0.0140234994888306,0.0328009986877442),(0.00606900024414063,-0.0140234994888306,
0.0330579986572265),(0.00606900024414063,-0.0139984998703003,0.0326749992370605),
(0.00606900024414063,-0.0139984998703003,0.033185001373291),(0.00606900024414063,
-0.0139565000534058,0.0325530014038086),(0.00606900024414063,-0.0139565000534058,
0.0333069992065429),(0.00606900024414063,-0.0138994998931885,0.0324370002746582),
(0.00606900024414063,-0.0138994998931885,0.0334220008850097),(0.00606900024414063,
-0.0138284997940063,0.0323300018310547),(0.00606900024414063,-0.0138284997940063,
0.0335289993286133),(0.00606900024414063,-0.0137434997558594,0.0322330017089844),
(0.00606900024414063,-0.0137434997558594,0.0336259994506836),(0.00606900024414063,
-0.0136464996337891,0.0337109985351563),(0.00606900024414063,-0.0135395002365112,
0.0320760002136231),(0.00606900024414063,-0.0135395002365112,0.033783000946045),
(0.00606900024414063,-0.0134244995117187,0.0320190010070801),(0.00606900024414063,
-0.0134244995117187,0.0338400001525879),(0.00606900024414063,-0.0133024997711182,
0.0319780006408691),(0.00606900024414063,-0.0133024997711182,0.0338810005187989),
(0.00606900024414063,-0.013214409828186,0.0302560291290283),(0.00606900024414063,
-0.0131918802261353,0.0300506706237793),(0.00606900024414063,-0.0131754999160767,
0.0319529991149902),(0.00606900024414063,-0.0131754999160767,0.0339059982299805),
(0.00606900024414063,-0.0131671094894409,0.0309093799591064),(0.00606900024414063,
-0.0130991497039795,0.0313053302764893),(0.00606900024414063,-0.0130518798828125,
0.0295076904296875),(0.00606900024414063,-0.0130474996566772,0.0319440002441407),
(0.00606900024414063,-0.0130474996566772,0.0339150009155273),(0.00606900024414063,
-0.0129787397384644,0.0292808990478515),(0.00606900024414063,-0.0129184999465942,
0.0319529991149902),(0.00606900024414063,-0.0129184999465942,0.0339059982299805),
(0.00606900024414063,-0.0127983798980713,0.0289586391448974),(0.00606900024414063,
-0.0127924995422363,0.0319780006408691),(0.00606900024414063,-0.0127924995422363,
0.0338810005187989),(0.00606900024414063,-0.0127843494415283,0.0319807395935058),
(0.00606900024414063,-0.0127315301895142,0.0288319492340088),(0.00606900024414063,
-0.0126704998016357,0.0338400001525879),(0.00606900024414063,-0.0126273698806763,
0.0286960296630859),(0.00606900024414063,-0.0125544996261597,0.033783000946045),
(0.00606900024414063,-0.0124533100128174,0.0284834995269775),(0.00606900024414063,
-0.0124475002288818,0.0337109985351563),(0.00606900024414063,-0.0123505001068115,
0.0336259994506836),(0.00606900024414063,-0.0123136901855469,0.028355339050293),
(0.00606900024414063,-0.0122664995193481,0.0335289993286133),(0.00606900024414063,
-0.0121944999694824,0.0334220008850097),(0.00606900024414063,-0.0121374998092651,
0.0333069992065429),(0.00606900024414063,-0.0120964994430542,0.033185001373291),
(0.00606900024414063,-0.0120831394195557,0.0327397308349609),(0.00606900024414063,
-0.012070499420166,0.0328009986877442),(0.00606900024414063,-0.012070499420166,
0.0330579986572265),(0.00606900024414063,-0.0120625,0.0329300003051758),
(0.00606900024414063,-0.0120625,0.0343300018310547),(0.00606900024414063,
-0.0120349502563477,0.028127670288086),(0.00606900024414063,-0.0119522094726562,
0.0328429908752442),(0.00606900024414063,-0.0118111200332642,0.0280028305053711),
(0.00606900024414063,-0.011492639541626,0.027844539642334),(0.00606900024414063,
-0.0113338193893433,0.0278016891479492),(0.00606900024414063,-0.0111998996734619,
0.0331588516235352),(0.00606900024414063,-0.010991379737854,0.0277203407287598),
(0.00606900024414063,-0.010851149559021,0.0331998405456543),(0.00606900024414063,
-0.0108318195343018,0.0277040901184082),(0.00606900024414063,-0.0107591800689697,
0.0332157211303711),(0.00606900024414063,-0.0106564998626709,0.0276940002441406),
(0.00606900024414063,-0.0106564998626709,0.0332220001220703),(0.00606900024414063,
-0.00649549961090088,0.0276940002441406),(0.00606900024414063,-0.00127925980091095,
0.0332220001220703),(0.00606900024414063,-0.0012737398147583,0.0332079391479492),
(0.00606900024414063,-0.00123503983020782,0.0331110000610352),(0.00606900024414063,
-0.000520559787750244,0.0331110000610352),(0.00606900024414063,-0.000483589798212051,
0.0331689109802246),(0.00606900024414063,-0.000114929787814617,0.0331759986877442),
(0.00606900024414063,-0.000114929787814617,0.0332220001220703),(0.00606900024414063,
0.000911500215530395,0.0276909999847412),(0.00606900024414063,0.00107825016975403,
0.0331110000610352),(0.00606900024414063,0.00107988023757935,0.0332220001220703),
(0.00606900024414063,0.0052307300567627,0.0331110000610352),(0.00606900024414063,
0.0052307300567627,0.0332220001220703),(0.00606900024414063,0.00591044998168945,
0.0331110000610352),(0.00606900024414063,0.00708150005340576,0.0275890007019043),
(0.00606900024414063,0.00708150005340576,0.0276909999847412),(0.00606900024414063,
0.0116885004043579,0.0276940002441406),(0.00606900024414063,0.0182917499542236,
0.0264099998474121),(0.00606900024414063,0.0186494998931885,0.0276940002441406),
(0.00606900024414063,0.0186494998931885,0.0332220001220703),(0.00606900024414063,
0.018752550125122,0.0332157211303711),(0.00606900024414063,0.0188254508972168,
0.0277040901184082),(0.00606900024414063,0.0189850101470947,0.0277203407287598),
(0.00606900024414063,0.019327449798584,0.0278016891479492),(0.00606900024414063,
0.0193516597747803,0.0330895881652832),(0.00606900024414063,0.0194866409301758,
0.027844539642334),(0.00606900024414063,0.0195263710021973,0.0330504417419434),
(0.00606900024414063,0.0196264610290528,0.0330109214782715),(0.00606900024414063,
0.0198038597106934,0.0280028305053711),(0.00606900024414063,0.0198971996307373,
0.0328207015991211),(0.00606900024414063,0.0200372905731201,0.0281343193054199),
(0.00606900024414063,0.0201336898803711,0.0326970901489258),(0.00606900024414063,
0.0201829700469971,0.0282396392822265),(0.00606900024414063,0.0204137001037598,
0.0324694290161133),(0.00606900024414063,0.0205360298156738,0.028584379196167),
(0.00606900024414063,0.0206112995147705,0.0321872406005859),(0.00606900024414063,
0.0206328010559082,0.0287265796661377),(0.00606900024414063,0.0207317600250244,
0.0320497589111328),(0.00606900024414063,0.0208446998596191,0.0290261306762695),
(0.00606900024414063,0.0208831100463867,0.0318189506530762),(0.00606900024414063,
0.02103005027771,0.0314771404266357),(0.00606900024414063,0.0210858211517334,
0.0313271808624268),(0.00606900024414063,0.0210935001373291,0.0275370006561279),
(0.00606900024414063,0.0210987510681153,0.0296290798187256),(0.00606900024414063,
0.0211209106445313,0.0297369308471679),(0.00606900024414063,0.021126501083374,
0.0272819995880127),(0.00606900024414063,0.021126501083374,0.0277919998168946),
(0.00606900024414063,0.0211268196105957,0.031085620880127),(0.00606900024414063,
0.0211674995422363,0.0271599998474121),(0.00606900024414063,0.0211674995422363,
0.0279139995574951),(0.00606900024414063,0.0211959609985351,0.030104600906372),
(0.00606900024414063,0.0212018699645996,0.0303420906066895),(0.00606900024414063,
0.0212018699645996,0.030717960357666),(0.00606900024414063,0.0212245006561279,
0.0270440006256104),(0.00606900024414063,0.0212245006561279,0.0280289993286133),
(0.00606900024414063,0.021296501159668,0.0269370002746582),(0.00606900024414063,
0.0213815002441406,0.0268400001525879),(0.00606900024414063,0.0213815002441406,
0.0282329998016357),(0.00606900024414063,0.021478500366211,0.0267549991607666),
(0.00606900024414063,0.021478500366211,0.028318000793457),(0.00606900024414063,
0.0215855007171631,0.0266840000152588),(0.00606900024414063,0.0217005004882812,
0.02844700050354),(0.00606900024414063,0.0218225002288818,0.0265849990844727),
(0.00606900024414063,0.0219495010375977,0.0265599994659424),(0.00606900024414063,
0.0219495010375977,0.0285139999389648),(0.00606900024414063,0.0220774993896484,
0.0265520000457764),(0.00606900024414063,0.0223325004577637,0.0265849990844727),
(0.00606900024414063,0.0223325004577637,0.028488000869751),(0.00606900024414063,
0.0224545001983643,0.0266270008087159),(0.00606900024414063,0.0224545001983643,
0.02844700050354),(0.00606900024414063,0.0225694999694824,0.0266840000152588),
(0.00606900024414063,0.0225694999694824,0.0283899993896484),(0.00606900024414063,
0.0226774997711181,0.0267549991607666),(0.00606900024414063,0.0226774997711181,
0.028318000793457),(0.00606900024414063,0.0227735004425049,0.0268400001525879),
(0.00606900024414063,0.0227735004425049,0.0282329998016357),(0.00606900024414063,
0.0228584995269775,0.0269370002746582),(0.00606900024414063,0.0228584995269775,
0.0281369991302491),(0.00606900024414063,0.0229305000305176,0.0270440006256104),
(0.00606900024414063,0.0229305000305176,0.0280289993286133),(0.00606900024414063,
0.0229875011444092,0.0271599998474121),(0.00606900024414063,0.0229875011444092,
0.0279139995574951),(0.00606900024414063,0.0230284996032715,0.0272819995880127),
(0.00606900024414063,0.0230284996032715,0.0277919998168946),(0.00606900024414063,
0.0230535011291504,0.0274080009460449),(0.00606900024414063,0.0230535011291504,
0.0276650009155274),(0.00606900024414063,0.0230625,0.0275370006561279),
(0.00606900024414063,0.0232455005645752,0.0264099998474121)));
#48=TESSELLATED_SHELL('Part 1',(#44),$);
#49=TESSELLATED_SHELL('Part 2',(#45),$);
#50=SHAPE_DEFINITION_REPRESENTATION(#74,#52);
#51=SHAPE_DEFINITION_REPRESENTATION(#75,#53);
#52=SHAPE_REPRESENTATION('Part 1',(#54),#64);
#53=SHAPE_REPRESENTATION('Part 2',(#55),#65);
#54=AXIS2_PLACEMENT_3D('',#60,#56,#57);
#55=AXIS2_PLACEMENT_3D('',#61,#58,#59);
#56=DIRECTION('',(0.,0.,1.));
#57=DIRECTION('',(1.,0.,0.));
#58=DIRECTION('',(0.,0.,1.));
#59=DIRECTION('',(1.,0.,0.));
#60=CARTESIAN_POINT('',(0.,0.,0.));
#61=CARTESIAN_POINT('',(0.,0.,0.));
#62=MECHANICAL_DESIGN_GEOMETRIC_PRESENTATION_REPRESENTATION('',(#14,#15),
#64);
#63=MECHANICAL_DESIGN_GEOMETRIC_PRESENTATION_REPRESENTATION('',(#16,#17),
#65);
#64=(
GEOMETRIC_REPRESENTATION_CONTEXT(3)
GLOBAL_UNCERTAINTY_ASSIGNED_CONTEXT((#66))
GLOBAL_UNIT_ASSIGNED_CONTEXT((#72,#70,#68))
REPRESENTATION_CONTEXT('Part 1','TOP_LEVEL_ASSEMBLY_PART')
);
#65=(
GEOMETRIC_REPRESENTATION_CONTEXT(3)
GLOBAL_UNCERTAINTY_ASSIGNED_CONTEXT((#67))
GLOBAL_UNIT_ASSIGNED_CONTEXT((#73,#71,#69))
REPRESENTATION_CONTEXT('Part 2','TOP_LEVEL_ASSEMBLY_PART')
);
#66=UNCERTAINTY_MEASURE_WITH_UNIT(LENGTH_MEASURE(1.E-8),#72,
'DISTANCE_ACCURACY_VALUE','Maximum Tolerance applied to model');
#67=UNCERTAINTY_MEASURE_WITH_UNIT(LENGTH_MEASURE(1.E-8),#73,
'DISTANCE_ACCURACY_VALUE','Maximum Tolerance applied to model');
#68=(
NAMED_UNIT(*)
SI_UNIT($,.STERADIAN.)
SOLID_ANGLE_UNIT()
);
#69=(
NAMED_UNIT(*)
SI_UNIT($,.STERADIAN.)
SOLID_ANGLE_UNIT()
);
#70=(
NAMED_UNIT(*)
PLANE_ANGLE_UNIT()
SI_UNIT($,.RADIAN.)
);
#71=(
NAMED_UNIT(*)
PLANE_ANGLE_UNIT()
SI_UNIT($,.RADIAN.)
);
#72=(
LENGTH_UNIT()
NAMED_UNIT(*)
SI_UNIT($,.METRE.)
);
#73=(
LENGTH_UNIT()
NAMED_UNIT(*)
SI_UNIT($,.METRE.)
);
#74=PRODUCT_DEFINITION_SHAPE('','',#76);
#75=PRODUCT_DEFINITION_SHAPE('','',#77);
#76=PRODUCT_DEFINITION('','',#80,#78);
#77=PRODUCT_DEFINITION('','',#81,#79);
#78=PRODUCT_DEFINITION_CONTEXT('',#92,'design');
#79=PRODUCT_DEFINITION_CONTEXT('',#93,'design');
#80=PRODUCT_DEFINITION_FORMATION_WITH_SPECIFIED_SOURCE('','',#84,
 .NOT_KNOWN.);
#81=PRODUCT_DEFINITION_FORMATION_WITH_SPECIFIED_SOURCE('','',#85,
 .NOT_KNOWN.);
#82=PRODUCT_RELATED_PRODUCT_CATEGORY('','',(#84));
#83=PRODUCT_RELATED_PRODUCT_CATEGORY('','',(#85));
#84=PRODUCT('Part 1','Part 1','Part 1',(#88));
#85=PRODUCT('Part 2','Part 2','Part 2',(#89));
#86=PRODUCT_CATEGORY('','');
#87=PRODUCT_CATEGORY('','');
#88=PRODUCT_CONTEXT('',#92,'mechanical');
#89=PRODUCT_CONTEXT('',#93,'mechanical');
#90=APPLICATION_PROTOCOL_DEFINITION('international standard',
'ap242_managed_model_based_3d_engineering',2020,#92);
#91=APPLICATION_PROTOCOL_DEFINITION('international standard',
'ap242_managed_model_based_3d_engineering',2020,#93);
#92=APPLICATION_CONTEXT('managed model based 3d engineering');
#93=APPLICATION_CONTEXT('managed model based 3d engineering');
ENDSEC;
END-ISO-10303-21;
